{
  "stage": "stage1_bo_trial",
  "trial_index": 7,
  "parameters": {
    "alpha": 0.08,
    "gamma": 0.8,
    "target_final_epsilon": 0.022033537036697547,
    "risk_t1": 175.214912,
    "risk_window": 758.004,
    "epsilon_min": 0.022033537036697547,
    "epsilon_decay": 0.9625667199866857
  },
  "training_episodes": 100,
  "n_training_failures": 0,
  "best_training": {
    "episode": 91,
    "training_seed": 303345,
    "total_reward": 1101.0
  },
  "last_training": {
    "episode": 99,
    "training_seed": 311345,
    "total_reward": -304.0,
    "epsilon": 0.022890399781328757,
    "q_table_size": 20
  },
  "final_epsilon": 0.02203353703669757,
  "q_table_size": 20,
  "objective": "minimize -mean(total_reward); late_order_fraction is recorded for later composite objectives",
  "objective_mean": -66.2,
  "objective_std": 231.89499539422772,
  "total_reward_mean": 66.2,
  "total_reward_std": 231.89499539422772,
  "late_order_fraction_mean": 0.4714206337475493,
  "n_valid_replications": 10,
  "eval_replications": 10,
  "eval_seeds": [
    312345,
    313345,
    314345,
    315345,
    316345,
    317345,
    318345,
    319345,
    320345,
    321345
  ],
  "best_evaluation": {
    "replication": 0,
    "eval_seed": 312345,
    "total_reward": 408.0
  }
}