{
  "stage": "stage1_bo_trial",
  "trial_index": 98,
  "parameters": {
    "alpha": 0.005,
    "gamma": 0.2,
    "target_final_epsilon": 0.12395772579434586,
    "risk_t1": 185.55200022615333,
    "risk_window": 635.0478338477088,
    "epsilon_min": 0.12395772579434586,
    "epsilon_decay": 0.9979143632765823
  },
  "training_episodes": 1000,
  "n_training_failures": 0,
  "best_training": {
    "episode": 718,
    "training_seed": 930345,
    "total_reward": 1157.0
  },
  "last_training": {
    "episode": 999,
    "training_seed": 1211345,
    "total_reward": 525.0,
    "epsilon": 0.12421679690764868,
    "q_table_size": 23
  },
  "final_epsilon": 0.12395772579435278,
  "q_table_size": 23,
  "objective": "minimize -mean(total_reward); late_order_fraction is recorded for later composite objectives",
  "objective_mean": -122.2,
  "objective_std": 256.3230600455431,
  "total_reward_mean": 122.2,
  "total_reward_std": 256.3230600455431,
  "late_order_fraction_mean": 0.4612999610824698,
  "n_valid_replications": 10,
  "eval_replications": 10,
  "eval_seeds": [
    312345,
    313345,
    314345,
    315345,
    316345,
    317345,
    318345,
    319345,
    320345,
    321345
  ],
  "best_evaluation": {
    "replication": 0,
    "eval_seed": 312345,
    "total_reward": 628.0
  }
}