{
  "stage": "stage1_bo_trial",
  "trial_index": 38,
  "parameters": {
    "alpha": 0.32518836135799967,
    "gamma": 0.2,
    "target_final_epsilon": 0.22,
    "risk_t1": 197.79659376166578,
    "risk_window": 1638.0726499302673,
    "epsilon_min": 0.22,
    "epsilon_decay": 0.9849727754527325
  },
  "training_episodes": 100,
  "n_training_failures": 0,
  "best_training": {
    "episode": 91,
    "training_seed": 303345,
    "total_reward": 961.0
  },
  "last_training": {
    "episode": 99,
    "training_seed": 311345,
    "total_reward": -224.0,
    "epsilon": 0.2233564271853902,
    "q_table_size": 20
  },
  "final_epsilon": 0.22,
  "q_table_size": 20,
  "objective": "minimize -mean(total_reward); late_order_fraction is recorded for later composite objectives",
  "objective_mean": -180.2,
  "objective_std": 182.76931422485075,
  "total_reward_mean": 180.2,
  "total_reward_std": 182.76931422485075,
  "late_order_fraction_mean": 0.451164291756713,
  "n_valid_replications": 10,
  "eval_replications": 10,
  "eval_seeds": [
    312345,
    313345,
    314345,
    315345,
    316345,
    317345,
    318345,
    319345,
    320345,
    321345
  ],
  "best_evaluation": {
    "replication": 0,
    "eval_seed": 312345,
    "total_reward": 388.0
  }
}