{
  "stage": "stage1_bo_trial",
  "trial_index": 70,
  "parameters": {
    "alpha": 0.004576076153906759,
    "gamma": 0.2798283308480844,
    "target_final_epsilon": 0.01681435569040042,
    "risk_t1": 175.214912,
    "risk_window": 120.0,
    "epsilon_min": 0.01681435569040042,
    "epsilon_decay": 0.9959228121399843
  },
  "training_episodes": 1000,
  "n_training_failures": 0,
  "best_training": {
    "episode": 934,
    "training_seed": 1146345,
    "total_reward": 1122.0
  },
  "last_training": {
    "episode": 999,
    "training_seed": 1211345,
    "total_reward": 605.0,
    "epsilon": 0.016883191634370798,
    "q_table_size": 23
  },
  "final_epsilon": 0.016814355690400823,
  "q_table_size": 23,
  "objective": "minimize -mean(total_reward); late_order_fraction is recorded for later composite objectives",
  "objective_mean": -288.2,
  "objective_std": 226.98252502487207,
  "total_reward_mean": 288.2,
  "total_reward_std": 226.98252502487207,
  "late_order_fraction_mean": 0.4317434509830342,
  "n_valid_replications": 10,
  "eval_replications": 10,
  "eval_seeds": [
    312345,
    313345,
    314345,
    315345,
    316345,
    317345,
    318345,
    319345,
    320345,
    321345
  ],
  "best_evaluation": {
    "replication": 0,
    "eval_seed": 312345,
    "total_reward": 748.0
  }
}