{
  "method": "random_search",
  "run_index": 10,
  "best_parameters": {
    "preparation_capacity": 1,
    "sorting_capacity": 3,
    "analysis1_capacity": 1,
    "analysis2_capacity": 1,
    "evaluation_capacity": 1,
    "dispatching_capacity": 1,
    "worker_capacity": 6
  },
  "best_objective": 1.7172932892800412,
  "aggregated_kpis": {
    "n_orders_completed_mean": 176.23333333333332,
    "n_orders_in_date_mean": 99.56666666666666,
    "n_orders_late_mean": 76.66666666666667,
    "n_orders_created_mean": 995.0666666666667,
    "n_orders_incomplete_mean": 818.8333333333334,
    "late_order_fraction_mean": 0.22919289753939967,
    "time_in_system_mean_mean": 228.12472140804903,
    "time_in_system_std_mean": 121.73860570960436,
    "wip_time_in_system_mean_mean": 591.1471757141209,
    "wip_time_in_system_std_mean": 342.04189013546613,
    "wip_time_in_system_min_mean": 1.6926751230546264,
    "wip_time_in_system_max_mean": 1190.7015091786511,
    "wip_mean_mean": 388.0461754194629,
    "work_in_progress_mean_mean": 388.0461754194629,
    "completed_norm_mean": 0.17643206636213035,
    "late_total_norm_mean": 0.9000213053445264,
    "on_time_loss_norm_mean": 0.9000213053445264,
    "station_capacity_norm_mean": 0.08333333333333336,
    "worker_capacity_norm_mean": 0.5555555555555556,
    "time_in_system_mean_norm_mean": 0.6336797816890251,
    "time_in_system_std_norm_mean": 0.3381627936377897,
    "objective_completed_contribution_mean": -0.06175122322674562,
    "objective_late_contribution_mean": 0.7200170442756211,
    "objective_station_capacity_contribution_mean": 0.25,
    "objective_worker_capacity_contribution_mean": 0.5555555555555556,
    "objective_time_mean_contribution_mean": 0.2534719126756101,
    "objective_time_std_contribution_mean": 0.0
  }
}