{
  "stage": "stage1_bo_trial",
  "trial_index": 24,
  "parameters": {
    "alpha": 0.08,
    "gamma": 0.95,
    "target_final_epsilon": 0.03425217695189425,
    "risk_t1": 175.214912,
    "risk_window": 758.004,
    "epsilon_min": 0.03425217695189425,
    "epsilon_decay": 0.9668227960556162
  },
  "training_episodes": 100,
  "n_training_failures": 0,
  "best_training": {
    "episode": 91,
    "training_seed": 303345,
    "total_reward": 1101.0
  },
  "last_training": {
    "episode": 99,
    "training_seed": 311345,
    "total_reward": -344.0,
    "epsilon": 0.03542756448403397,
    "q_table_size": 20
  },
  "final_epsilon": 0.034252176951894364,
  "q_table_size": 20,
  "objective": "minimize -mean(total_reward); late_order_fraction is recorded for later composite objectives",
  "objective_mean": -146.2,
  "objective_std": 195.9414878647875,
  "total_reward_mean": 146.2,
  "total_reward_std": 195.9414878647875,
  "late_order_fraction_mean": 0.45716469966019097,
  "n_valid_replications": 10,
  "eval_replications": 10,
  "eval_seeds": [
    312345,
    313345,
    314345,
    315345,
    316345,
    317345,
    318345,
    319345,
    320345,
    321345
  ],
  "best_evaluation": {
    "replication": 0,
    "eval_seed": 312345,
    "total_reward": 568.0
  }
}