{
  "stage": "stage1_bo_trial",
  "trial_index": 21,
  "parameters": {
    "alpha": 0.0001,
    "gamma": 0.0,
    "target_final_epsilon": 0.036772358070783516,
    "risk_t1": 175.214912,
    "risk_window": 758.004,
    "epsilon_min": 0.036772358070783516,
    "epsilon_decay": 0.9675094481904615
  },
  "training_episodes": 100,
  "n_training_failures": 0,
  "best_training": {
    "episode": 91,
    "training_seed": 303345,
    "total_reward": 1221.0
  },
  "last_training": {
    "episode": 99,
    "training_seed": 311345,
    "total_reward": -184.0,
    "epsilon": 0.03800723407875662,
    "q_table_size": 20
  },
  "final_epsilon": 0.03677235807078352,
  "q_table_size": 20,
  "objective": "minimize -mean(total_reward); late_order_fraction is recorded for later composite objectives",
  "objective_mean": -266.2,
  "objective_std": 246.30099020868306,
  "total_reward_mean": 266.2,
  "total_reward_std": 246.30099020868306,
  "late_order_fraction_mean": 0.4357380063750191,
  "n_valid_replications": 10,
  "eval_replications": 10,
  "eval_seeds": [
    312345,
    313345,
    314345,
    315345,
    316345,
    317345,
    318345,
    319345,
    320345,
    321345
  ],
  "best_evaluation": {
    "replication": 0,
    "eval_seed": 312345,
    "total_reward": 728.0
  }
}