{
  "stage": "stage1_bo_trial",
  "trial_index": 26,
  "parameters": {
    "alpha": 0.005815829676049624,
    "gamma": 0.8,
    "target_final_epsilon": 0.027308662486019656,
    "risk_t1": 175.214912,
    "risk_window": 758.004,
    "epsilon_min": 0.027308662486019656,
    "epsilon_decay": 0.996405922892386
  },
  "training_episodes": 1000,
  "n_training_failures": 0,
  "best_training": {
    "episode": 518,
    "training_seed": 730345,
    "total_reward": 1269.0
  },
  "last_training": {
    "episode": 999,
    "training_seed": 1211345,
    "total_reward": 485.0,
    "epsilon": 0.02740716595375944,
    "q_table_size": 23
  },
  "final_epsilon": 0.027308662486020457,
  "q_table_size": 23,
  "objective": "minimize -mean(total_reward); late_order_fraction is recorded for later composite objectives",
  "objective_mean": -100.2,
  "objective_std": 293.4926839898323,
  "total_reward_mean": 100.2,
  "total_reward_std": 293.4926839898323,
  "late_order_fraction_mean": 0.46536666217413564,
  "n_valid_replications": 10,
  "eval_replications": 10,
  "eval_seeds": [
    312345,
    313345,
    314345,
    315345,
    316345,
    317345,
    318345,
    319345,
    320345,
    321345
  ],
  "best_evaluation": {
    "replication": 0,
    "eval_seed": 312345,
    "total_reward": 608.0
  }
}