{
  "method": "bo",
  "run_index": 17,
  "best_parameters": {
    "preparation_capacity": 4,
    "sorting_capacity": 5,
    "analysis1_capacity": 4,
    "analysis2_capacity": 4,
    "evaluation_capacity": 4,
    "dispatching_capacity": 1,
    "worker_capacity": 6
  },
  "best_objective": -0.1780511099921783,
  "aggregated_kpis": {
    "n_orders_completed_mean": 971.0333333333333,
    "n_orders_in_date_mean": 971.0333333333333,
    "n_orders_late_mean": 0.0,
    "n_orders_created_mean": 988.1,
    "n_orders_incomplete_mean": 17.066666666666666,
    "late_order_fraction_mean": 0.0,
    "time_in_system_mean_mean": 22.610387135006214,
    "time_in_system_std_mean": 6.497289775622317,
    "wip_time_in_system_mean_mean": 12.89073329721486,
    "wip_time_in_system_std_mean": 7.819481084699286,
    "wip_time_in_system_min_mean": 1.6660994056993785,
    "wip_time_in_system_max_mean": 29.14247225849941,
    "wip_mean_mean": 15.414554163802652,
    "work_in_progress_mean_mean": 15.414554163802652,
    "completed_norm_mean": 0.9827378850355463,
    "late_total_norm_mean": 0.017262114964453696,
    "on_time_loss_norm_mean": 0.017262114964453693,
    "station_capacity_norm_mean": 0.6666666666666669,
    "worker_capacity_norm_mean": 0.5555555555555556,
    "time_in_system_mean_norm_mean": 0.06280663093057284,
    "time_in_system_std_norm_mean": 0.018048027154506437,
    "objective_completed_contribution_mean": -0.9827378850355463,
    "objective_late_contribution_mean": 0.05178634489336109,
    "objective_station_capacity_contribution_mean": 0.5333333333333333,
    "objective_worker_capacity_contribution_mean": 0.1944444444444445,
    "objective_time_mean_contribution_mean": 0.02512265237222914,
    "objective_time_std_contribution_mean": 0.0
  }
}