{
  "stage": "stage1_bo_trial",
  "trial_index": 14,
  "parameters": {
    "alpha": 0.001,
    "gamma": 0.95,
    "target_final_epsilon": 0.07607403900957162,
    "risk_t1": 175.214912,
    "risk_window": 758.004,
    "epsilon_min": 0.07607403900957162,
    "epsilon_decay": 0.9745684882009104
  },
  "training_episodes": 100,
  "n_training_failures": 0,
  "best_training": {
    "episode": 91,
    "training_seed": 303345,
    "total_reward": 1101.0
  },
  "last_training": {
    "episode": 99,
    "training_seed": 311345,
    "total_reward": -324.0,
    "epsilon": 0.07805920253999485,
    "q_table_size": 20
  },
  "final_epsilon": 0.07607403900957162,
  "q_table_size": 20,
  "objective": "minimize -mean(total_reward); late_order_fraction is recorded for later composite objectives",
  "objective_mean": -48.2,
  "objective_std": 210.93695740670955,
  "total_reward_mean": 48.2,
  "total_reward_std": 210.93695740670955,
  "late_order_fraction_mean": 0.4746503978106181,
  "n_valid_replications": 10,
  "eval_replications": 10,
  "eval_seeds": [
    312345,
    313345,
    314345,
    315345,
    316345,
    317345,
    318345,
    319345,
    320345,
    321345
  ],
  "best_evaluation": {
    "replication": 0,
    "eval_seed": 312345,
    "total_reward": 548.0
  }
}