{
  "stage": "stage1_bo_trial",
  "trial_index": 9,
  "parameters": {
    "alpha": 0.012247851667128768,
    "gamma": 0.0553732184783227,
    "target_final_epsilon": 0.01369825917411626,
    "risk_t1": 175.214912,
    "risk_window": 758.004,
    "epsilon_min": 0.01369825917411626,
    "epsilon_decay": 0.9957187044661906
  },
  "training_episodes": 1000,
  "n_training_failures": 0,
  "best_training": {
    "episode": 633,
    "training_seed": 845345,
    "total_reward": 1147.0
  },
  "last_training": {
    "episode": 999,
    "training_seed": 1211345,
    "total_reward": 245.0,
    "epsilon": 0.0137571576316431,
    "q_table_size": 24
  },
  "final_epsilon": 0.013698259174116835,
  "q_table_size": 24,
  "objective": "minimize -mean(total_reward); late_order_fraction is recorded for later composite objectives",
  "objective_mean": -134.2,
  "objective_std": 176.83187244134217,
  "total_reward_mean": 134.2,
  "total_reward_std": 176.83187244134217,
  "late_order_fraction_mean": 0.4592703169784609,
  "n_valid_replications": 10,
  "eval_replications": 10,
  "eval_seeds": [
    312345,
    313345,
    314345,
    315345,
    316345,
    317345,
    318345,
    319345,
    320345,
    321345
  ],
  "best_evaluation": {
    "replication": 0,
    "eval_seed": 312345,
    "total_reward": 508.0
  }
}