{
  "stage": "stage1_bo_trial",
  "trial_index": 9,
  "parameters": {
    "alpha": 0.06737077985095094,
    "gamma": 0.812572143008254,
    "target_final_epsilon": 0.058026545220285435,
    "risk_t1": 175.214912,
    "risk_window": 758.004,
    "epsilon_min": 0.058026545220285435,
    "epsilon_decay": 0.9971571937512146
  },
  "training_episodes": 1000,
  "n_training_failures": 0,
  "best_training": {
    "episode": 126,
    "training_seed": 338345,
    "total_reward": 1143.0
  },
  "last_training": {
    "episode": 999,
    "training_seed": 1211345,
    "total_reward": 385.0,
    "epsilon": 0.05819197372682753,
    "q_table_size": 23
  },
  "final_epsilon": 0.058026545220287745,
  "q_table_size": 23,
  "objective": "minimize -mean(total_reward); late_order_fraction is recorded for later composite objectives",
  "objective_mean": -136.2,
  "objective_std": 201.5985008762604,
  "total_reward_mean": 136.2,
  "total_reward_std": 201.5985008762604,
  "late_order_fraction_mean": 0.4589314439316231,
  "n_valid_replications": 10,
  "eval_replications": 10,
  "eval_seeds": [
    312345,
    313345,
    314345,
    315345,
    316345,
    317345,
    318345,
    319345,
    320345,
    321345
  ],
  "best_evaluation": {
    "replication": 0,
    "eval_seed": 312345,
    "total_reward": 508.0
  }
}