{
  "stage": "stage1_bo_trial",
  "trial_index": 9,
  "parameters": {
    "alpha": 0.2994468367099762,
    "gamma": 0.9420293269306421,
    "epsilon_decay": 0.9994813225792721,
    "epsilon_min": 0.06087007293477655,
    "risk_t1": -19.504308197647333,
    "risk_window": 248.44260706566274
  },
  "training_episodes": 1000,
  "n_training_failures": 0,
  "best_training": {
    "episode": 668,
    "training_seed": 880345,
    "total_reward": 969.0
  },
  "last_training": {
    "episode": 999,
    "training_seed": 1211345,
    "total_reward": 185.0,
    "epsilon": 0.5955361609150004,
    "q_table_size": 23
  },
  "final_epsilon": 0.5952272697551069,
  "q_table_size": 23,
  "objective": "minimize -mean(total_reward); late_order_fraction is recorded for later composite objectives",
  "objective_mean": -20.2,
  "objective_std": 239.4348902450657,
  "total_reward_mean": 20.2,
  "total_reward_std": 239.4348902450657,
  "late_order_fraction_mean": 0.4796673637632435,
  "n_valid_replications": 10,
  "eval_replications": 10,
  "eval_seeds": [
    312345,
    313345,
    314345,
    315345,
    316345,
    317345,
    318345,
    319345,
    320345,
    321345
  ],
  "best_evaluation": {
    "replication": 0,
    "eval_seed": 312345,
    "total_reward": 408.0
  }
}