{
  "stage": "stage1_bo_trial",
  "trial_index": 39,
  "parameters": {
    "alpha": 0.021106913750820484,
    "gamma": 0.0,
    "target_final_epsilon": 0.06490847913169001,
    "risk_t1": 175.214912,
    "risk_window": 758.004,
    "epsilon_min": 0.06490847913169001,
    "epsilon_decay": 0.9730227943973092
  },
  "training_episodes": 100,
  "n_training_failures": 0,
  "best_training": {
    "episode": 91,
    "training_seed": 303345,
    "total_reward": 721.0
  },
  "last_training": {
    "episode": 99,
    "training_seed": 311345,
    "total_reward": -264.0,
    "epsilon": 0.06670807663030552,
    "q_table_size": 20
  },
  "final_epsilon": 0.06490847913169001,
  "q_table_size": 20,
  "objective": "minimize -mean(total_reward); late_order_fraction is recorded for later composite objectives",
  "objective_mean": -58.2,
  "objective_std": 171.13009995646914,
  "total_reward_mean": 58.2,
  "total_reward_std": 171.13009995646914,
  "late_order_fraction_mean": 0.47289951443393374,
  "n_valid_replications": 10,
  "eval_replications": 10,
  "eval_seeds": [
    312345,
    313345,
    314345,
    315345,
    316345,
    317345,
    318345,
    319345,
    320345,
    321345
  ],
  "best_evaluation": {
    "replication": 0,
    "eval_seed": 312345,
    "total_reward": 328.0
  }
}