{
  "stage": "stage1_bo_trial",
  "trial_index": 61,
  "parameters": {
    "alpha": 0.056575644384114214,
    "gamma": 0.9199651913171596,
    "target_final_epsilon": 0.04306809477093284,
    "risk_t1": 175.214912,
    "risk_window": 758.004,
    "epsilon_min": 0.04306809477093284,
    "epsilon_decay": 0.996859967430135
  },
  "training_episodes": 1000,
  "n_training_failures": 0,
  "best_training": {
    "episode": 385,
    "training_seed": 597345,
    "total_reward": 1109.0
  },
  "last_training": {
    "episode": 999,
    "training_seed": 1211345,
    "total_reward": 365.0,
    "epsilon": 0.04320375597182318,
    "q_table_size": 24
  },
  "final_epsilon": 0.04306809477093284,
  "q_table_size": 24,
  "objective": "minimize -mean(total_reward); late_order_fraction is recorded for later composite objectives",
  "objective_mean": -164.2,
  "objective_std": 202.52451154805377,
  "total_reward_mean": 164.2,
  "total_reward_std": 202.52451154805377,
  "late_order_fraction_mean": 0.45400166837185835,
  "n_valid_replications": 10,
  "eval_replications": 10,
  "eval_seeds": [
    312345,
    313345,
    314345,
    315345,
    316345,
    317345,
    318345,
    319345,
    320345,
    321345
  ],
  "best_evaluation": {
    "replication": 0,
    "eval_seed": 312345,
    "total_reward": 548.0
  }
}