{
  "stage": "stage1_bo_trial",
  "trial_index": 61,
  "parameters": {
    "alpha": 0.021987578390477183,
    "gamma": 0.49634428891883453,
    "target_final_epsilon": 0.024998841807410632,
    "risk_t1": 175.214912,
    "risk_window": 758.004,
    "epsilon_min": 0.024998841807410632,
    "epsilon_decay": 0.9963178699449451
  },
  "training_episodes": 1000,
  "n_training_failures": 0,
  "best_training": {
    "episode": 718,
    "training_seed": 930345,
    "total_reward": 1077.0
  },
  "last_training": {
    "episode": 999,
    "training_seed": 1211345,
    "total_reward": 485.0,
    "epsilon": 0.025091230983131627,
    "q_table_size": 23
  },
  "final_epsilon": 0.024998841807410632,
  "q_table_size": 23,
  "objective": "minimize -mean(total_reward); late_order_fraction is recorded for later composite objectives",
  "objective_mean": -106.2,
  "objective_std": 288.28566079883717,
  "total_reward_mean": 106.2,
  "total_reward_std": 288.28566079883717,
  "late_order_fraction_mean": 0.4642629713993841,
  "n_valid_replications": 10,
  "eval_replications": 10,
  "eval_seeds": [
    312345,
    313345,
    314345,
    315345,
    316345,
    317345,
    318345,
    319345,
    320345,
    321345
  ],
  "best_evaluation": {
    "replication": 0,
    "eval_seed": 312345,
    "total_reward": 608.0
  }
}