{
  "stage": "stage2_candidate",
  "candidate_rank": 4,
  "source_trial_index": 28,
  "parameters": {
    "alpha": 0.005,
    "gamma": 0.7741688971481255,
    "target_final_epsilon": 0.005,
    "risk_t1": 0.0,
    "risk_window": 546.1429964603417,
    "epsilon_min": 0.005,
    "epsilon_decay": 0.9994703085993939
  },
  "q_table_path": "/cfs/earth/scratch/freyfab2/BA/BA-Simulation-Optimization/RL/rl_tuning_hpc/stage2/candidate_rank_04_trial_028/q_table.pkl",
  "training_episodes": 10000,
  "n_training_failures": 0,
  "best_training": {
    "episode": 6436,
    "training_seed": 6648345,
    "total_reward": 1345.0
  },
  "last_training": {
    "episode": 9999,
    "training_seed": 10211345,
    "total_reward": -33.0,
    "epsilon": 0.005002649860613547,
    "q_table_size": 27
  },
  "final_epsilon": 0.005000000000002136,
  "q_table_size": 27,
  "objective": "minimize -mean(total_reward); late_order_fraction is recorded for later composite objectives",
  "objective_mean": -150.16666666666666,
  "objective_std": 318.2741264071428,
  "total_reward_mean": 150.16666666666666,
  "total_reward_std": 318.2741264071428,
  "late_order_fraction_mean": 0.45749298408667116,
  "n_valid_replications": 30,
  "eval_replications": 30,
  "eval_seeds": [
    312345,
    313345,
    314345,
    315345,
    316345,
    317345,
    318345,
    319345,
    320345,
    321345,
    322345,
    323345,
    324345,
    325345,
    326345,
    327345,
    328345,
    329345,
    330345,
    331345,
    332345,
    333345,
    334345,
    335345,
    336345,
    337345,
    338345,
    339345,
    340345,
    341345
  ],
  "best_evaluation": {
    "replication": 26,
    "eval_seed": 338345,
    "total_reward": 983.0
  },
  "candidate_dir": "/cfs/earth/scratch/freyfab2/BA/BA-Simulation-Optimization/RL/rl_tuning_hpc/stage2/candidate_rank_04_trial_028",
  "stage1_objective_mean": -178.2,
  "stage1_total_reward_mean": 178.2
}