{
  "method": "bo",
  "run_index": 15,
  "best_parameters": {
    "preparation_capacity": 1,
    "sorting_capacity": 3,
    "analysis1_capacity": 2,
    "analysis2_capacity": 1,
    "evaluation_capacity": 1,
    "dispatching_capacity": 1,
    "worker_capacity": 3
  },
  "best_objective": 1.056557837725197,
  "aggregated_kpis": {
    "n_orders_completed_mean": 534.2333333333333,
    "n_orders_in_date_mean": 445.6666666666667,
    "n_orders_late_mean": 88.56666666666666,
    "n_orders_created_mean": 1001.1,
    "n_orders_incomplete_mean": 466.8666666666667,
    "late_order_fraction_mean": 0.13053674266069523,
    "time_in_system_mean_mean": 182.6509179747214,
    "time_in_system_std_mean": 95.8367701036621,
    "wip_time_in_system_mean_mean": 334.5190046591188,
    "wip_time_in_system_std_mean": 192.8345216409546,
    "wip_time_in_system_min_mean": 1.118098988812403,
    "wip_time_in_system_max_mean": 669.8741851056108,
    "wip_mean_mean": 209.23913119791627,
    "work_in_progress_mean_mean": 209.23913119791627,
    "completed_norm_mean": 0.5340402234041697,
    "late_total_norm_mean": 0.5541302865975962,
    "on_time_loss_norm_mean": 0.5541302865975962,
    "station_capacity_norm_mean": 0.125,
    "worker_capacity_norm_mean": 0.22222222222222224,
    "time_in_system_mean_norm_mean": 0.5073636610408927,
    "time_in_system_std_norm_mean": 0.2662132502879503,
    "objective_completed_contribution_mean": -0.18691407819145936,
    "objective_late_contribution_mean": 0.4433042292780771,
    "objective_station_capacity_contribution_mean": 0.375,
    "objective_worker_capacity_contribution_mean": 0.22222222222222224,
    "objective_time_mean_contribution_mean": 0.20294546441635716,
    "objective_time_std_contribution_mean": 0.0
  }
}