{
  "stage": "stage2_candidate",
  "candidate_rank": 5,
  "source_trial_index": 44,
  "parameters": {
    "alpha": 0.3945935135120859,
    "gamma": 0.5,
    "target_final_epsilon": 0.1212902125188341,
    "risk_t1": 175.58348058818544,
    "risk_window": 1440.0,
    "epsilon_min": 0.1212902125188341,
    "epsilon_decay": 0.9997890653343946
  },
  "q_table_path": "/cfs/earth/scratch/freyfab2/BA/BA-Simulation-Optimization/RL/rl_tuning_hpc/stage2/candidate_rank_05_trial_044/q_table.pkl",
  "training_episodes": 10000,
  "n_training_failures": 0,
  "best_training": {
    "episode": 3149,
    "training_seed": 3361345,
    "total_reward": 1376.0
  },
  "last_training": {
    "episode": 9999,
    "training_seed": 10211345,
    "total_reward": -73.0,
    "epsilon": 0.12131580222695013,
    "q_table_size": 25
  },
  "final_epsilon": 0.1212902125188341,
  "q_table_size": 25,
  "objective": "minimize -mean(total_reward); late_order_fraction is recorded for later composite objectives",
  "objective_mean": -206.16666666666666,
  "objective_std": 340.1811974910383,
  "total_reward_mean": 206.16666666666666,
  "total_reward_std": 340.1811974910383,
  "late_order_fraction_mean": 0.44744133953228776,
  "n_valid_replications": 30,
  "eval_replications": 30,
  "eval_seeds": [
    312345,
    313345,
    314345,
    315345,
    316345,
    317345,
    318345,
    319345,
    320345,
    321345,
    322345,
    323345,
    324345,
    325345,
    326345,
    327345,
    328345,
    329345,
    330345,
    331345,
    332345,
    333345,
    334345,
    335345,
    336345,
    337345,
    338345,
    339345,
    340345,
    341345
  ],
  "best_evaluation": {
    "replication": 26,
    "eval_seed": 338345,
    "total_reward": 1223.0
  },
  "candidate_dir": "/cfs/earth/scratch/freyfab2/BA/BA-Simulation-Optimization/RL/rl_tuning_hpc/stage2/candidate_rank_05_trial_044",
  "stage1_objective_mean": -174.2,
  "stage1_total_reward_mean": 174.2
}