{
  "stage": "stage1_bo_trial",
  "trial_index": 25,
  "parameters": {
    "alpha": 0.010149051501809366,
    "gamma": 0.01,
    "target_final_epsilon": 0.03435370356647259,
    "risk_t1": 175.214912,
    "risk_window": 758.004,
    "epsilon_min": 0.03435370356647259,
    "epsilon_decay": 0.9668514116112821
  },
  "training_episodes": 100,
  "n_training_failures": 0,
  "best_training": {
    "episode": 91,
    "training_seed": 303345,
    "total_reward": 1061.0
  },
  "last_training": {
    "episode": 99,
    "training_seed": 311345,
    "total_reward": -244.0,
    "epsilon": 0.03553152341084264,
    "q_table_size": 20
  },
  "final_epsilon": 0.03435370356647259,
  "q_table_size": 20,
  "objective": "minimize -mean(total_reward); late_order_fraction is recorded for later composite objectives",
  "objective_mean": -112.2,
  "objective_std": 238.19543796359045,
  "total_reward_mean": 112.2,
  "total_reward_std": 238.19543796359045,
  "late_order_fraction_mean": 0.46326891996488884,
  "n_valid_replications": 10,
  "eval_replications": 10,
  "eval_seeds": [
    312345,
    313345,
    314345,
    315345,
    316345,
    317345,
    318345,
    319345,
    320345,
    321345
  ],
  "best_evaluation": {
    "replication": 0,
    "eval_seed": 312345,
    "total_reward": 508.0
  }
}