{
  "method": "bo",
  "run_index": 19,
  "best_parameters": {
    "preparation_capacity": 1,
    "sorting_capacity": 3,
    "analysis1_capacity": 2,
    "analysis2_capacity": 1,
    "evaluation_capacity": 1,
    "dispatching_capacity": 1,
    "worker_capacity": 3
  },
  "best_objective": 1.1211902917227277,
  "aggregated_kpis": {
    "n_orders_completed_mean": 451.43333333333334,
    "n_orders_in_date_mean": 375.3333333333333,
    "n_orders_late_mean": 76.1,
    "n_orders_created_mean": 999.2,
    "n_orders_incomplete_mean": 547.7666666666667,
    "late_order_fraction_mean": 0.11525311211435427,
    "time_in_system_mean_mean": 162.90420421312749,
    "time_in_system_std_mean": 84.50870139803739,
    "wip_time_in_system_mean_mean": 393.07638606994163,
    "wip_time_in_system_std_mean": 228.58829282382231,
    "wip_time_in_system_min_mean": 1.552241736408943,
    "wip_time_in_system_max_mean": 796.7781004777443,
    "wip_mean_mean": 242.72505278034768,
    "work_in_progress_mean_mean": 242.72505278034768,
    "completed_norm_mean": 0.44937020284743634,
    "late_total_norm_mean": 0.625303711436486,
    "on_time_loss_norm_mean": 0.6253037114364859,
    "station_capacity_norm_mean": 0.125,
    "worker_capacity_norm_mean": 0.22222222222222224,
    "time_in_system_mean_norm_mean": 0.4525116783697986,
    "time_in_system_std_norm_mean": 0.2347463927723261,
    "objective_completed_contribution_mean": -0.15727957099660272,
    "objective_late_contribution_mean": 0.5002429691491888,
    "objective_station_capacity_contribution_mean": 0.375,
    "objective_worker_capacity_contribution_mean": 0.22222222222222224,
    "objective_time_mean_contribution_mean": 0.1810046713479195,
    "objective_time_std_contribution_mean": 0.0
  }
}