{
  "method": "random_search",
  "run_index": 12,
  "best_parameters": {
    "preparation_capacity": 2,
    "sorting_capacity": 4,
    "analysis1_capacity": 5,
    "analysis2_capacity": 2,
    "evaluation_capacity": 3,
    "dispatching_capacity": 1,
    "worker_capacity": 8
  },
  "best_objective": -0.2459746894454788,
  "aggregated_kpis": {
    "n_orders_completed_mean": 972.9666666666667,
    "n_orders_in_date_mean": 972.9666666666667,
    "n_orders_late_mean": 0.0,
    "n_orders_created_mean": 995.1,
    "n_orders_incomplete_mean": 22.133333333333333,
    "late_order_fraction_mean": 0.0,
    "time_in_system_mean_mean": 23.48973193758103,
    "time_in_system_std_mean": 6.931162427551458,
    "wip_time_in_system_mean_mean": 17.56654157061604,
    "wip_time_in_system_std_mean": 10.991784673543265,
    "wip_time_in_system_min_mean": 1.5173316180566796,
    "wip_time_in_system_max_mean": 40.339051060653496,
    "wip_mean_mean": 16.679160415771026,
    "work_in_progress_mean_mean": 16.679160415771026,
    "completed_norm_mean": 0.977740820121809,
    "late_total_norm_mean": 0.022259179878191128,
    "on_time_loss_norm_mean": 0.022259179878191128,
    "station_capacity_norm_mean": 0.4583333333333334,
    "worker_capacity_norm_mean": 0.777777777777778,
    "time_in_system_mean_norm_mean": 0.06524925538216954,
    "time_in_system_std_norm_mean": 0.019253228965420713,
    "objective_completed_contribution_mean": -0.977740820121809,
    "objective_late_contribution_mean": 0.06677753963457338,
    "objective_station_capacity_contribution_mean": 0.3666666666666668,
    "objective_worker_capacity_contribution_mean": 0.2722222222222222,
    "objective_time_mean_contribution_mean": 0.02609970215286781,
    "objective_time_std_contribution_mean": 0.0
  }
}