{
  "stage": "stage1_bo_trial",
  "trial_index": 22,
  "parameters": {
    "alpha": 0.0057910011220346416,
    "gamma": 0.8,
    "target_final_epsilon": 0.07375829412883182,
    "risk_t1": 175.214912,
    "risk_window": 758.004,
    "epsilon_min": 0.07375829412883182,
    "epsilon_decay": 0.9973964333466588
  },
  "training_episodes": 1000,
  "n_training_failures": 0,
  "best_training": {
    "episode": 934,
    "training_seed": 1146345,
    "total_reward": 1122.0
  },
  "last_training": {
    "episode": 999,
    "training_seed": 1211345,
    "total_reward": 485.0,
    "epsilon": 0.0739508300439186,
    "q_table_size": 23
  },
  "final_epsilon": 0.07375829412883182,
  "q_table_size": 23,
  "objective": "minimize -mean(total_reward); late_order_fraction is recorded for later composite objectives",
  "objective_mean": -118.2,
  "objective_std": 248.338836628059,
  "total_reward_mean": 118.2,
  "total_reward_std": 248.338836628059,
  "late_order_fraction_mean": 0.4621762333192144,
  "n_valid_replications": 10,
  "eval_replications": 10,
  "eval_seeds": [
    312345,
    313345,
    314345,
    315345,
    316345,
    317345,
    318345,
    319345,
    320345,
    321345
  ],
  "best_evaluation": {
    "replication": 0,
    "eval_seed": 312345,
    "total_reward": 508.0
  }
}