{
  "stage": "stage1_bo_trial",
  "trial_index": 14,
  "parameters": {
    "alpha": 0.005676334931396999,
    "gamma": 0.1496622101749316,
    "target_final_epsilon": 0.009114124416039112,
    "risk_t1": 175.214912,
    "risk_window": 120.0,
    "epsilon_min": 0.009114124416039112,
    "epsilon_decay": 0.9953130880769923
  },
  "training_episodes": 1000,
  "n_training_failures": 0,
  "best_training": {
    "episode": 934,
    "training_seed": 1146345,
    "total_reward": 1122.0
  },
  "last_training": {
    "episode": 999,
    "training_seed": 1211345,
    "total_reward": 245.0,
    "epsilon": 0.009157042668501383,
    "q_table_size": 25
  },
  "final_epsilon": 0.009114124416039112,
  "q_table_size": 25,
  "objective": "minimize -mean(total_reward); late_order_fraction is recorded for later composite objectives",
  "objective_mean": -92.2,
  "objective_std": 181.4979644820049,
  "total_reward_mean": 92.2,
  "total_reward_std": 181.4979644820049,
  "late_order_fraction_mean": 0.46681231879768326,
  "n_valid_replications": 10,
  "eval_replications": 10,
  "eval_seeds": [
    312345,
    313345,
    314345,
    315345,
    316345,
    317345,
    318345,
    319345,
    320345,
    321345
  ],
  "best_evaluation": {
    "replication": 0,
    "eval_seed": 312345,
    "total_reward": 508.0
  }
}