{
  "stage": "stage1_bo_trial",
  "trial_index": 52,
  "parameters": {
    "alpha": 0.0007726360566227845,
    "gamma": 0.4031348901583766,
    "target_final_epsilon": 0.03246211276113168,
    "risk_t1": 175.214912,
    "risk_window": 120.0,
    "epsilon_min": 0.03246211276113168,
    "epsilon_decay": 0.9965781861635857
  },
  "training_episodes": 1000,
  "n_training_failures": 0,
  "best_training": {
    "episode": 518,
    "training_seed": 730345,
    "total_reward": 1029.0
  },
  "last_training": {
    "episode": 999,
    "training_seed": 1211345,
    "total_reward": 385.0,
    "epsilon": 0.032573573465516314,
    "q_table_size": 23
  },
  "final_epsilon": 0.03246211276113168,
  "q_table_size": 23,
  "objective": "minimize -mean(total_reward); late_order_fraction is recorded for later composite objectives",
  "objective_mean": -78.2,
  "objective_std": 169.9181502305677,
  "total_reward_mean": 78.2,
  "total_reward_std": 169.9181502305677,
  "late_order_fraction_mean": 0.46932644476021157,
  "n_valid_replications": 10,
  "eval_replications": 10,
  "eval_seeds": [
    312345,
    313345,
    314345,
    315345,
    316345,
    317345,
    318345,
    319345,
    320345,
    321345
  ],
  "best_evaluation": {
    "replication": 0,
    "eval_seed": 312345,
    "total_reward": 508.0
  }
}