{
  "method": "bo",
  "run_index": 4,
  "best_parameters": {
    "preparation_capacity": 2,
    "sorting_capacity": 3,
    "analysis1_capacity": 3,
    "analysis2_capacity": 1,
    "evaluation_capacity": 3,
    "dispatching_capacity": 1,
    "worker_capacity": 4
  },
  "best_objective": 1.2216847994467186,
  "aggregated_kpis": {
    "n_orders_completed_mean": 782.5666666666667,
    "n_orders_in_date_mean": 782.1,
    "n_orders_late_mean": 0.4666666666666667,
    "n_orders_created_mean": 1003.7333333333333,
    "n_orders_incomplete_mean": 221.16666666666666,
    "late_order_fraction_mean": 0.0005456567167285061,
    "time_in_system_mean_mean": 101.055315350455,
    "time_in_system_std_mean": 44.590137765473635,
    "wip_time_in_system_mean_mean": 158.51121816130873,
    "wip_time_in_system_std_mean": 91.90263753524114,
    "wip_time_in_system_min_mean": 1.6514781556950386,
    "wip_time_in_system_max_mean": 322.91388730121673,
    "wip_mean_mean": 105.21567981945562,
    "work_in_progress_mean_mean": 105.21567981945562,
    "completed_norm_mean": 0.7819963402417892,
    "late_total_norm_mean": 0.21845812684410448,
    "on_time_loss_norm_mean": 0.21845812684410446,
    "station_capacity_norm_mean": 0.2916666666666667,
    "worker_capacity_norm_mean": 0.3333333333333334,
    "time_in_system_mean_norm_mean": 0.2807092093068195,
    "time_in_system_std_norm_mean": 0.12386149379298232,
    "objective_completed_contribution_mean": -0.2736987190846261,
    "objective_late_contribution_mean": 0.17476650147528358,
    "objective_station_capacity_contribution_mean": 0.875,
    "objective_worker_capacity_contribution_mean": 0.3333333333333334,
    "objective_time_mean_contribution_mean": 0.11228368372272778,
    "objective_time_std_contribution_mean": 0.0
  }
}