{
  "stage": "stage1_bo_trial",
  "trial_index": 18,
  "parameters": {
    "alpha": 0.011257018288852429,
    "gamma": 0.14088213715360778,
    "target_final_epsilon": 0.025986618030875038,
    "risk_t1": 175.214912,
    "risk_window": 758.004,
    "epsilon_min": 0.025986618030875038,
    "epsilon_decay": 0.9963564802206604
  },
  "training_episodes": 1000,
  "n_training_failures": 0,
  "best_training": {
    "episode": 718,
    "training_seed": 930345,
    "total_reward": 1177.0
  },
  "last_training": {
    "episode": 999,
    "training_seed": 1211345,
    "total_reward": 245.0,
    "epsilon": 0.026081647027699113,
    "q_table_size": 23
  },
  "final_epsilon": 0.025986618030875937,
  "q_table_size": 23,
  "objective": "minimize -mean(total_reward); late_order_fraction is recorded for later composite objectives",
  "objective_mean": -296.2,
  "objective_std": 236.1396950018263,
  "total_reward_mean": 296.2,
  "total_reward_std": 236.1396950018263,
  "late_order_fraction_mean": 0.4301548684954283,
  "n_valid_replications": 10,
  "eval_replications": 10,
  "eval_seeds": [
    312345,
    313345,
    314345,
    315345,
    316345,
    317345,
    318345,
    319345,
    320345,
    321345
  ],
  "best_evaluation": {
    "replication": 0,
    "eval_seed": 312345,
    "total_reward": 868.0
  }
}