{
  "stage": "stage1_bo_trial",
  "trial_index": 5,
  "parameters": {
    "alpha": 0.6141597911948338,
    "gamma": 0.8318422458134591,
    "target_final_epsilon": 0.19577842306345702,
    "risk_t1": 158.13082337379456,
    "risk_window": 1550.872208699584,
    "epsilon_min": 0.19577842306345702,
    "epsilon_decay": 0.9838245334078838
  },
  "training_episodes": 100,
  "n_training_failures": 0,
  "best_training": {
    "episode": 91,
    "training_seed": 303345,
    "total_reward": 941.0
  },
  "last_training": {
    "episode": 99,
    "training_seed": 311345,
    "total_reward": -344.0,
    "epsilon": 0.1989972971961751,
    "q_table_size": 20
  },
  "final_epsilon": 0.19577842306345702,
  "q_table_size": 20,
  "objective": "minimize -mean(total_reward); late_order_fraction is recorded for later composite objectives",
  "objective_mean": -120.2,
  "objective_std": 270.8180200799053,
  "total_reward_mean": 120.2,
  "total_reward_std": 270.8180200799053,
  "late_order_fraction_mean": 0.46213219828436436,
  "n_valid_replications": 10,
  "eval_replications": 10,
  "eval_seeds": [
    312345,
    313345,
    314345,
    315345,
    316345,
    317345,
    318345,
    319345,
    320345,
    321345
  ],
  "best_evaluation": {
    "replication": 3,
    "eval_seed": 315345,
    "total_reward": 554.0
  }
}