{
  "stage": "stage1_bo_trial",
  "trial_index": 54,
  "parameters": {
    "alpha": 0.2693419109556473,
    "gamma": 0.5,
    "target_final_epsilon": 0.08190520913734446,
    "risk_t1": 224.90010955332414,
    "risk_window": 1440.0,
    "epsilon_min": 0.08190520913734446,
    "epsilon_decay": 0.9975009351882127
  },
  "training_episodes": 1000,
  "n_training_failures": 0,
  "best_training": {
    "episode": 718,
    "training_seed": 930345,
    "total_reward": 1157.0
  },
  "last_training": {
    "episode": 999,
    "training_seed": 1211345,
    "total_reward": 385.0,
    "epsilon": 0.0821104083695785,
    "q_table_size": 24
  },
  "final_epsilon": 0.08190520913734446,
  "q_table_size": 24,
  "objective": "minimize -mean(total_reward); late_order_fraction is recorded for later composite objectives",
  "objective_mean": -128.2,
  "objective_std": 293.1002103945566,
  "total_reward_mean": 128.2,
  "total_reward_std": 293.1002103945566,
  "late_order_fraction_mean": 0.4603726252417871,
  "n_valid_replications": 10,
  "eval_replications": 10,
  "eval_seeds": [
    312345,
    313345,
    314345,
    315345,
    316345,
    317345,
    318345,
    319345,
    320345,
    321345
  ],
  "best_evaluation": {
    "replication": 0,
    "eval_seed": 312345,
    "total_reward": 628.0
  }
}