{
  "stage": "stage1_bo_trial",
  "trial_index": 43,
  "parameters": {
    "alpha": 0.028399729385515222,
    "gamma": 0.9867485537605245,
    "target_final_epsilon": 0.07999550940879971,
    "risk_t1": 175.214912,
    "risk_window": 758.004,
    "epsilon_min": 0.07999550940879971,
    "epsilon_decay": 0.9974774023322163
  },
  "training_episodes": 1000,
  "n_training_failures": 0,
  "best_training": {
    "episode": 126,
    "training_seed": 338345,
    "total_reward": 1063.0
  },
  "last_training": {
    "episode": 999,
    "training_seed": 1211345,
    "total_reward": 485.0,
    "epsilon": 0.0801978162329912,
    "q_table_size": 23
  },
  "final_epsilon": 0.07999550940880051,
  "q_table_size": 23,
  "objective": "minimize -mean(total_reward); late_order_fraction is recorded for later composite objectives",
  "objective_mean": -104.2,
  "objective_std": 251.20721857993388,
  "total_reward_mean": 104.2,
  "total_reward_std": 251.20721857993388,
  "late_order_fraction_mean": 0.4646946436115247,
  "n_valid_replications": 10,
  "eval_replications": 10,
  "eval_seeds": [
    312345,
    313345,
    314345,
    315345,
    316345,
    317345,
    318345,
    319345,
    320345,
    321345
  ],
  "best_evaluation": {
    "replication": 0,
    "eval_seed": 312345,
    "total_reward": 508.0
  }
}