{
  "stage": "stage1_bo_trial",
  "trial_index": 68,
  "parameters": {
    "alpha": 0.7,
    "gamma": 0.95,
    "target_final_epsilon": 0.02,
    "risk_t1": 167.0308696207912,
    "risk_window": 1800.0,
    "epsilon_min": 0.02,
    "epsilon_decay": 0.9960956189881034
  },
  "training_episodes": 1000,
  "n_training_failures": 0,
  "best_training": {
    "episode": 924,
    "training_seed": 1136345,
    "total_reward": 1035.0
  },
  "last_training": {
    "episode": 999,
    "training_seed": 1211345,
    "total_reward": 645.0,
    "epsilon": 0.020078393699108993,
    "q_table_size": 23
  },
  "final_epsilon": 0.02000000000000081,
  "q_table_size": 23,
  "objective": "minimize -mean(total_reward); late_order_fraction is recorded for later composite objectives",
  "objective_mean": -246.2,
  "objective_std": 268.54703705517045,
  "total_reward_mean": 246.2,
  "total_reward_std": 268.54703705517045,
  "late_order_fraction_mean": 0.43931340036328514,
  "n_valid_replications": 10,
  "eval_replications": 10,
  "eval_seeds": [
    312345,
    313345,
    314345,
    315345,
    316345,
    317345,
    318345,
    319345,
    320345,
    321345
  ],
  "best_evaluation": {
    "replication": 0,
    "eval_seed": 312345,
    "total_reward": 748.0
  }
}