{
  "stage": "stage1_bo_trial",
  "trial_index": 68,
  "parameters": {
    "alpha": 0.008449253022706008,
    "gamma": 0.3083207436663656,
    "target_final_epsilon": 0.023387545775036683,
    "risk_t1": 175.214912,
    "risk_window": 758.004,
    "epsilon_min": 0.023387545775036683,
    "epsilon_decay": 0.9962514916340104
  },
  "training_episodes": 1000,
  "n_training_failures": 0,
  "best_training": {
    "episode": 718,
    "training_seed": 930345,
    "total_reward": 1177.0
  },
  "last_training": {
    "episode": 999,
    "training_seed": 1211345,
    "total_reward": 605.0,
    "epsilon": 0.02347554404829821,
    "q_table_size": 24
  },
  "final_epsilon": 0.023387545775037006,
  "q_table_size": 24,
  "objective": "minimize -mean(total_reward); late_order_fraction is recorded for later composite objectives",
  "objective_mean": -314.2,
  "objective_std": 217.8035812377749,
  "total_reward_mean": 314.2,
  "total_reward_std": 217.8035812377749,
  "late_order_fraction_mean": 0.4270826022605906,
  "n_valid_replications": 10,
  "eval_replications": 10,
  "eval_seeds": [
    312345,
    313345,
    314345,
    315345,
    316345,
    317345,
    318345,
    319345,
    320345,
    321345
  ],
  "best_evaluation": {
    "replication": 0,
    "eval_seed": 312345,
    "total_reward": 768.0
  }
}