{
  "stage": "stage1_bo_trial",
  "trial_index": 90,
  "parameters": {
    "alpha": 0.0047270181333354585,
    "gamma": 0.31378061510351485,
    "target_final_epsilon": 0.03272664422395431,
    "risk_t1": 175.214912,
    "risk_window": 120.0,
    "epsilon_min": 0.03272664422395431,
    "epsilon_decay": 0.9965862743313751
  },
  "training_episodes": 1000,
  "n_training_failures": 0,
  "best_training": {
    "episode": 518,
    "training_seed": 730345,
    "total_reward": 1129.0
  },
  "last_training": {
    "episode": 999,
    "training_seed": 1211345,
    "total_reward": 605.0,
    "epsilon": 0.03283874669647925,
    "q_table_size": 23
  },
  "final_epsilon": 0.03272664422395601,
  "q_table_size": 23,
  "objective": "minimize -mean(total_reward); late_order_fraction is recorded for later composite objectives",
  "objective_mean": -326.2,
  "objective_std": 251.53254704356297,
  "total_reward_mean": 326.2,
  "total_reward_std": 251.53254704356297,
  "late_order_fraction_mean": 0.4249352654747357,
  "n_valid_replications": 10,
  "eval_replications": 10,
  "eval_seeds": [
    312345,
    313345,
    314345,
    315345,
    316345,
    317345,
    318345,
    319345,
    320345,
    321345
  ],
  "best_evaluation": {
    "replication": 0,
    "eval_seed": 312345,
    "total_reward": 868.0
  }
}