{
  "method": "random_search",
  "run_index": 8,
  "best_parameters": {
    "preparation_capacity": 1,
    "sorting_capacity": 2,
    "analysis1_capacity": 3,
    "analysis2_capacity": 2,
    "evaluation_capacity": 1,
    "dispatching_capacity": 3,
    "worker_capacity": 7
  },
  "best_objective": 1.971033792714984,
  "aggregated_kpis": {
    "n_orders_completed_mean": 631.3333333333334,
    "n_orders_in_date_mean": 420.96666666666664,
    "n_orders_late_mean": 210.36666666666667,
    "n_orders_created_mean": 1010.9666666666667,
    "n_orders_incomplete_mean": 379.6333333333333,
    "late_order_fraction_mean": 0.33319684740929584,
    "time_in_system_mean_mean": 275.96289182174894,
    "time_in_system_std_mean": 149.12921391921822,
    "wip_time_in_system_mean_mean": 270.82609269683087,
    "wip_time_in_system_std_mean": 154.5998310503372,
    "wip_time_in_system_min_mean": 1.183214920373598,
    "wip_time_in_system_max_mean": 539.2158159899906,
    "wip_mean_mean": 192.54157316019982,
    "work_in_progress_mean_mean": 192.54157316019982,
    "completed_norm_mean": 0.6248836967078751,
    "late_total_norm_mean": 0.5830637306732183,
    "on_time_loss_norm_mean": 0.5830637306732183,
    "station_capacity_norm_mean": 0.25,
    "worker_capacity_norm_mean": 0.6666666666666669,
    "time_in_system_mean_norm_mean": 0.7665635883937469,
    "time_in_system_std_norm_mean": 0.4142478164422729,
    "objective_completed_contribution_mean": -0.21870929384775625,
    "objective_late_contribution_mean": 0.46645098453857475,
    "objective_station_capacity_contribution_mean": 0.75,
    "objective_worker_capacity_contribution_mean": 0.6666666666666669,
    "objective_time_mean_contribution_mean": 0.3066254353574988,
    "objective_time_std_contribution_mean": 0.0
  }
}