{
  "stage": "stage1_bo_trial",
  "trial_index": 71,
  "parameters": {
    "alpha": 0.0036304020853636892,
    "gamma": 0.95,
    "target_final_epsilon": 0.009792671043122364,
    "risk_t1": 175.214912,
    "risk_window": 758.004,
    "epsilon_min": 0.009792671043122364,
    "epsilon_decay": 0.9953845629905096
  },
  "training_episodes": 1000,
  "n_training_failures": 0,
  "best_training": {
    "episode": 718,
    "training_seed": 930345,
    "total_reward": 1177.0
  },
  "last_training": {
    "episode": 999,
    "training_seed": 1211345,
    "total_reward": 465.0,
    "epsilon": 0.00983807807276132,
    "q_table_size": 25
  },
  "final_epsilon": 0.009792671043122364,
  "q_table_size": 25,
  "objective": "minimize -mean(total_reward); late_order_fraction is recorded for later composite objectives",
  "objective_mean": -96.2,
  "objective_std": 265.877498943488,
  "total_reward_mean": 96.2,
  "total_reward_std": 265.877498943488,
  "late_order_fraction_mean": 0.46592878401995674,
  "n_valid_replications": 10,
  "eval_replications": 10,
  "eval_seeds": [
    312345,
    313345,
    314345,
    315345,
    316345,
    317345,
    318345,
    319345,
    320345,
    321345
  ],
  "best_evaluation": {
    "replication": 0,
    "eval_seed": 312345,
    "total_reward": 608.0
  }
}