{
  "stage": "stage1_bo_trial",
  "trial_index": 83,
  "parameters": {
    "alpha": 0.005,
    "gamma": 0.95,
    "target_final_epsilon": 0.10801386903958388,
    "risk_t1": 205.20787583372905,
    "risk_window": 120.0,
    "epsilon_min": 0.10801386903958388,
    "epsilon_decay": 0.9779908582039855
  },
  "training_episodes": 100,
  "n_training_failures": 0,
  "best_training": {
    "episode": 75,
    "training_seed": 287345,
    "total_reward": 767.0
  },
  "last_training": {
    "episode": 99,
    "training_seed": 311345,
    "total_reward": -444.0,
    "epsilon": 0.11044466124963964,
    "q_table_size": 21
  },
  "final_epsilon": 0.10801386903958388,
  "q_table_size": 21,
  "objective": "minimize -mean(total_reward); late_order_fraction is recorded for later composite objectives",
  "objective_mean": -222.2,
  "objective_std": 272.0362720913028,
  "total_reward_mean": 222.2,
  "total_reward_std": 272.0362720913028,
  "late_order_fraction_mean": 0.44362237483984934,
  "n_valid_replications": 10,
  "eval_replications": 10,
  "eval_seeds": [
    312345,
    313345,
    314345,
    315345,
    316345,
    317345,
    318345,
    319345,
    320345,
    321345
  ],
  "best_evaluation": {
    "replication": 0,
    "eval_seed": 312345,
    "total_reward": 748.0
  }
}