{
  "stage": "stage1_bo_trial",
  "trial_index": 1,
  "parameters": {
    "alpha": 0.05123371391464025,
    "gamma": 0.6314877074211835,
    "target_final_epsilon": 0.03841850258875638,
    "risk_t1": 175.214912,
    "risk_window": 758.004,
    "epsilon_min": 0.03841850258875638,
    "epsilon_decay": 0.9679332400524369
  },
  "training_episodes": 100,
  "n_training_failures": 0,
  "best_training": {
    "episode": 91,
    "training_seed": 303345,
    "total_reward": 1061.0
  },
  "last_training": {
    "episode": 99,
    "training_seed": 311345,
    "total_reward": -384.0,
    "epsilon": 0.039691273115773036,
    "q_table_size": 20
  },
  "final_epsilon": 0.03841850258875638,
  "q_table_size": 20,
  "objective": "minimize -mean(total_reward); late_order_fraction is recorded for later composite objectives",
  "objective_mean": -254.2,
  "objective_std": 262.2436526082821,
  "total_reward_mean": 254.2,
  "total_reward_std": 262.2436526082821,
  "late_order_fraction_mean": 0.4376754475488583,
  "n_valid_replications": 10,
  "eval_replications": 10,
  "eval_seeds": [
    312345,
    313345,
    314345,
    315345,
    316345,
    317345,
    318345,
    319345,
    320345,
    321345
  ],
  "best_evaluation": {
    "replication": 0,
    "eval_seed": 312345,
    "total_reward": 868.0
  }
}