{
  "stage": "stage1_bo_trial",
  "trial_index": 16,
  "parameters": {
    "alpha": 0.08,
    "gamma": 0.8,
    "target_final_epsilon": 0.01802519664565394,
    "risk_t1": 175.214912,
    "risk_window": 758.004,
    "epsilon_min": 0.01802519664565394,
    "epsilon_decay": 0.9959920685960095
  },
  "training_episodes": 1000,
  "n_training_failures": 0,
  "best_training": {
    "episode": 126,
    "training_seed": 338345,
    "total_reward": 1183.0
  },
  "last_training": {
    "episode": 999,
    "training_seed": 1211345,
    "total_reward": 305.0,
    "epsilon": 0.01809773111051358,
    "q_table_size": 23
  },
  "final_epsilon": 0.018025196645654776,
  "q_table_size": 23,
  "objective": "minimize -mean(total_reward); late_order_fraction is recorded for later composite objectives",
  "objective_mean": -64.2,
  "objective_std": 206.43686148015757,
  "total_reward_mean": 64.2,
  "total_reward_std": 206.43686148015757,
  "late_order_fraction_mean": 0.47189115666850634,
  "n_valid_replications": 10,
  "eval_replications": 10,
  "eval_seeds": [
    312345,
    313345,
    314345,
    315345,
    316345,
    317345,
    318345,
    319345,
    320345,
    321345
  ],
  "best_evaluation": {
    "replication": 7,
    "eval_seed": 319345,
    "total_reward": 327.0
  }
}