{
  "method": "random_search",
  "run_index": 4,
  "best_parameters": {
    "preparation_capacity": 3,
    "sorting_capacity": 3,
    "analysis1_capacity": 2,
    "analysis2_capacity": 3,
    "evaluation_capacity": 1,
    "dispatching_capacity": 1,
    "worker_capacity": 4
  },
  "best_objective": 1.913466447489659,
  "aggregated_kpis": {
    "n_orders_completed_mean": 136.03333333333333,
    "n_orders_in_date_mean": 136.03333333333333,
    "n_orders_late_mean": 0.0,
    "n_orders_created_mean": 1001.1666666666666,
    "n_orders_incomplete_mean": 865.1333333333333,
    "late_order_fraction_mean": 0.0,
    "time_in_system_mean_mean": 54.74904726748742,
    "time_in_system_std_mean": 21.167656534659105,
    "wip_time_in_system_mean_mean": 620.2737605617797,
    "wip_time_in_system_std_mean": 359.6395182831563,
    "wip_time_in_system_min_mean": 1.829528384468252,
    "wip_time_in_system_max_mean": 1247.8434968150652,
    "wip_mean_mean": 385.7588653456203,
    "work_in_progress_mean_mean": 385.7588653456203,
    "completed_norm_mean": 0.13539057442202335,
    "late_total_norm_mean": 0.8646094255779766,
    "on_time_loss_norm_mean": 0.8646094255779766,
    "station_capacity_norm_mean": 0.2916666666666667,
    "worker_capacity_norm_mean": 0.3333333333333334,
    "time_in_system_mean_norm_mean": 0.1520806868541317,
    "time_in_system_std_norm_mean": 0.05879904592960862,
    "objective_completed_contribution_mean": -0.04738670104770817,
    "objective_late_contribution_mean": 0.6916875404623812,
    "objective_station_capacity_contribution_mean": 0.875,
    "objective_worker_capacity_contribution_mean": 0.3333333333333334,
    "objective_time_mean_contribution_mean": 0.06083227474165269,
    "objective_time_std_contribution_mean": 0.0
  }
}