{
  "stage": "stage1_bo_trial",
  "trial_index": 7,
  "parameters": {
    "alpha": 0.0039589249743559795,
    "gamma": 0.16002500842851602,
    "target_final_epsilon": 0.013241647276108541,
    "risk_t1": 175.214912,
    "risk_window": 758.004,
    "epsilon_min": 0.013241647276108541,
    "epsilon_decay": 0.9956849483842218
  },
  "training_episodes": 1000,
  "n_training_failures": 0,
  "best_training": {
    "episode": 718,
    "training_seed": 930345,
    "total_reward": 1177.0
  },
  "last_training": {
    "episode": 999,
    "training_seed": 1211345,
    "total_reward": 525.0,
    "epsilon": 0.013299033291199509,
    "q_table_size": 24
  },
  "final_epsilon": 0.013241647276108541,
  "q_table_size": 24,
  "objective": "minimize -mean(total_reward); late_order_fraction is recorded for later composite objectives",
  "objective_mean": -322.2,
  "objective_std": 243.28163834444135,
  "total_reward_mean": 322.2,
  "total_reward_std": 243.28163834444135,
  "late_order_fraction_mean": 0.42558877912409293,
  "n_valid_replications": 10,
  "eval_replications": 10,
  "eval_seeds": [
    312345,
    313345,
    314345,
    315345,
    316345,
    317345,
    318345,
    319345,
    320345,
    321345
  ],
  "best_evaluation": {
    "replication": 0,
    "eval_seed": 312345,
    "total_reward": 848.0
  }
}