{
  "method": "random_search",
  "run_index": 6,
  "best_parameters": {
    "preparation_capacity": 1,
    "sorting_capacity": 4,
    "analysis1_capacity": 5,
    "analysis2_capacity": 1,
    "evaluation_capacity": 2,
    "dispatching_capacity": 2,
    "worker_capacity": 3
  },
  "best_objective": 1.6974515003394919,
  "aggregated_kpis": {
    "n_orders_completed_mean": 705.5333333333333,
    "n_orders_in_date_mean": 569.7666666666667,
    "n_orders_late_mean": 135.76666666666668,
    "n_orders_created_mean": 1001.3333333333334,
    "n_orders_incomplete_mean": 295.8,
    "late_order_fraction_mean": 0.19241208409511612,
    "time_in_system_mean_mean": 228.60097051827162,
    "time_in_system_std_mean": 117.97463284894155,
    "wip_time_in_system_mean_mean": 213.70444788214766,
    "wip_time_in_system_std_mean": 124.00294319987329,
    "wip_time_in_system_min_mean": 1.426814444155775,
    "wip_time_in_system_max_mean": 434.94152119930095,
    "wip_mean_mean": 156.29735643900474,
    "work_in_progress_mean_mean": 156.29735643900474,
    "completed_norm_mean": 0.7054824755363108,
    "late_total_norm_mean": 0.42893383275167885,
    "on_time_loss_norm_mean": 0.42893383275167885,
    "station_capacity_norm_mean": 0.375,
    "worker_capacity_norm_mean": 0.22222222222222224,
    "time_in_system_mean_norm_mean": 0.6350026958840879,
    "time_in_system_std_norm_mean": 0.327707313469282,
    "objective_completed_contribution_mean": -0.24691886643770883,
    "objective_late_contribution_mean": 0.3431470662013431,
    "objective_station_capacity_contribution_mean": 1.125,
    "objective_worker_capacity_contribution_mean": 0.22222222222222224,
    "objective_time_mean_contribution_mean": 0.25400107835363517,
    "objective_time_std_contribution_mean": 0.0
  }
}