{
  "stage": "stage1_bo_trial",
  "trial_index": 11,
  "parameters": {
    "alpha": 0.08,
    "gamma": 0.0,
    "target_final_epsilon": 0.07176054053630254,
    "risk_t1": 175.214912,
    "risk_window": 758.004,
    "epsilon_min": 0.07176054053630254,
    "epsilon_decay": 0.9739997760312328
  },
  "training_episodes": 100,
  "n_training_failures": 0,
  "best_training": {
    "episode": 91,
    "training_seed": 303345,
    "total_reward": 1041.0
  },
  "last_training": {
    "episode": 99,
    "training_seed": 311345,
    "total_reward": -224.0,
    "epsilon": 0.07367613658876351,
    "q_table_size": 22
  },
  "final_epsilon": 0.07176054053630254,
  "q_table_size": 22,
  "objective": "minimize -mean(total_reward); late_order_fraction is recorded for later composite objectives",
  "objective_mean": -156.2,
  "objective_std": 206.31626208323956,
  "total_reward_mean": 156.2,
  "total_reward_std": 206.31626208323956,
  "late_order_fraction_mean": 0.45534778773714535,
  "n_valid_replications": 10,
  "eval_replications": 10,
  "eval_seeds": [
    312345,
    313345,
    314345,
    315345,
    316345,
    317345,
    318345,
    319345,
    320345,
    321345
  ],
  "best_evaluation": {
    "replication": 0,
    "eval_seed": 312345,
    "total_reward": 508.0
  }
}