{
  "stage": "stage1_bo_trial",
  "trial_index": 41,
  "parameters": {
    "alpha": 0.01386684225602027,
    "gamma": 0.2,
    "target_final_epsilon": 0.03594446542603763,
    "risk_t1": 175.214912,
    "risk_window": 758.004,
    "epsilon_min": 0.03594446542603763,
    "epsilon_decay": 0.96728915876267
  },
  "training_episodes": 100,
  "n_training_failures": 0,
  "best_training": {
    "episode": 91,
    "training_seed": 303345,
    "total_reward": 1061.0
  },
  "last_training": {
    "episode": 99,
    "training_seed": 311345,
    "total_reward": -264.0,
    "epsilon": 0.03716000029610279,
    "q_table_size": 22
  },
  "final_epsilon": 0.03594446542603783,
  "q_table_size": 22,
  "objective": "minimize -mean(total_reward); late_order_fraction is recorded for later composite objectives",
  "objective_mean": -132.2,
  "objective_std": 254.94086460284166,
  "total_reward_mean": 132.2,
  "total_reward_std": 254.94086460284166,
  "late_order_fraction_mean": 0.45961595510518993,
  "n_valid_replications": 10,
  "eval_replications": 10,
  "eval_seeds": [
    312345,
    313345,
    314345,
    315345,
    316345,
    317345,
    318345,
    319345,
    320345,
    321345
  ],
  "best_evaluation": {
    "replication": 0,
    "eval_seed": 312345,
    "total_reward": 608.0
  }
}