{
  "stage": "stage1_bo_trial",
  "trial_index": 52,
  "parameters": {
    "alpha": 0.26557960035767325,
    "gamma": 0.5,
    "target_final_epsilon": 0.08872030933617127,
    "risk_t1": 360.0,
    "risk_window": 1440.0,
    "epsilon_min": 0.08872030933617127,
    "epsilon_decay": 0.9975806648707957
  },
  "training_episodes": 1000,
  "n_training_failures": 0,
  "best_training": {
    "episode": 91,
    "training_seed": 303345,
    "total_reward": 861.0
  },
  "last_training": {
    "episode": 999,
    "training_seed": 1211345,
    "total_reward": 385.0,
    "epsilon": 0.08893547405277571,
    "q_table_size": 24
  },
  "final_epsilon": 0.08872030933617127,
  "q_table_size": 24,
  "objective": "minimize -mean(total_reward); late_order_fraction is recorded for later composite objectives",
  "objective_mean": -146.2,
  "objective_std": 227.9711482719786,
  "total_reward_mean": 146.2,
  "total_reward_std": 227.9711482719786,
  "late_order_fraction_mean": 0.4571730303017624,
  "n_valid_replications": 10,
  "eval_replications": 10,
  "eval_seeds": [
    312345,
    313345,
    314345,
    315345,
    316345,
    317345,
    318345,
    319345,
    320345,
    321345
  ],
  "best_evaluation": {
    "replication": 0,
    "eval_seed": 312345,
    "total_reward": 608.0
  }
}