{
  "stage": "stage1_bo_trial",
  "trial_index": 75,
  "parameters": {
    "alpha": 0.0719029291397337,
    "gamma": 0.01,
    "target_final_epsilon": 0.029377634587602244,
    "risk_t1": 175.214912,
    "risk_window": 758.004,
    "epsilon_min": 0.029377634587602244,
    "epsilon_decay": 0.9964786927726622
  },
  "training_episodes": 1000,
  "n_training_failures": 0,
  "best_training": {
    "episode": 126,
    "training_seed": 338345,
    "total_reward": 1123.0
  },
  "last_training": {
    "episode": 999,
    "training_seed": 1211345,
    "total_reward": 485.0,
    "epsilon": 0.029481447822892123,
    "q_table_size": 24
  },
  "final_epsilon": 0.029377634587602244,
  "q_table_size": 24,
  "objective": "minimize -mean(total_reward); late_order_fraction is recorded for later composite objectives",
  "objective_mean": -126.2,
  "objective_std": 247.33638812129703,
  "total_reward_mean": 126.2,
  "total_reward_std": 247.33638812129703,
  "late_order_fraction_mean": 0.4606645773544765,
  "n_valid_replications": 10,
  "eval_replications": 10,
  "eval_seeds": [
    312345,
    313345,
    314345,
    315345,
    316345,
    317345,
    318345,
    319345,
    320345,
    321345
  ],
  "best_evaluation": {
    "replication": 0,
    "eval_seed": 312345,
    "total_reward": 608.0
  }
}