{
  "stage": "stage1_bo_trial",
  "trial_index": 33,
  "parameters": {
    "alpha": 0.027632871069442948,
    "gamma": 0.884007746648196,
    "target_final_epsilon": 0.01076496209569617,
    "risk_t1": 175.214912,
    "risk_window": 758.004,
    "epsilon_min": 0.01076496209569617,
    "epsilon_decay": 0.9556967850474246
  },
  "training_episodes": 100,
  "n_training_failures": 0,
  "best_training": {
    "episode": 91,
    "training_seed": 303345,
    "total_reward": 1221.0
  },
  "last_training": {
    "episode": 99,
    "training_seed": 311345,
    "total_reward": -204.0,
    "epsilon": 0.011263993208015183,
    "q_table_size": 20
  },
  "final_epsilon": 0.01076496209569617,
  "q_table_size": 20,
  "objective": "minimize -mean(total_reward); late_order_fraction is recorded for later composite objectives",
  "objective_mean": -264.2,
  "objective_std": 242.07106394610653,
  "total_reward_mean": 264.2,
  "total_reward_std": 242.07106394610653,
  "late_order_fraction_mean": 0.43590532412184196,
  "n_valid_replications": 10,
  "eval_replications": 10,
  "eval_seeds": [
    312345,
    313345,
    314345,
    315345,
    316345,
    317345,
    318345,
    319345,
    320345,
    321345
  ],
  "best_evaluation": {
    "replication": 0,
    "eval_seed": 312345,
    "total_reward": 848.0
  }
}