{
  "stage": "stage1_bo_trial",
  "trial_index": 39,
  "parameters": {
    "alpha": 0.08,
    "gamma": 0.8,
    "target_final_epsilon": 0.00951296131805628,
    "risk_t1": 175.214912,
    "risk_window": 758.004,
    "epsilon_min": 0.00951296131805628,
    "epsilon_decay": 0.9953557181242154
  },
  "training_episodes": 1000,
  "n_training_failures": 0,
  "best_training": {
    "episode": 598,
    "training_seed": 810345,
    "total_reward": 1175.0
  },
  "last_training": {
    "episode": 999,
    "training_seed": 1211345,
    "total_reward": 505.0,
    "epsilon": 0.009557348337721394,
    "q_table_size": 24
  },
  "final_epsilon": 0.00951296131805628,
  "q_table_size": 24,
  "objective": "minimize -mean(total_reward); late_order_fraction is recorded for later composite objectives",
  "objective_mean": -112.2,
  "objective_std": 250.75743037622811,
  "total_reward_mean": 112.2,
  "total_reward_std": 250.75743037622811,
  "late_order_fraction_mean": 0.4632551380011738,
  "n_valid_replications": 10,
  "eval_replications": 10,
  "eval_seeds": [
    312345,
    313345,
    314345,
    315345,
    316345,
    317345,
    318345,
    319345,
    320345,
    321345
  ],
  "best_evaluation": {
    "replication": 0,
    "eval_seed": 312345,
    "total_reward": 508.0
  }
}