{
  "stage": "stage1_bo_trial",
  "trial_index": 86,
  "parameters": {
    "alpha": 0.011701268176328472,
    "gamma": 0.6953077504744154,
    "target_final_epsilon": 0.011303998807585054,
    "risk_t1": 175.214912,
    "risk_window": 758.004,
    "epsilon_min": 0.011303998807585054,
    "epsilon_decay": 0.9955274331114573
  },
  "training_episodes": 1000,
  "n_training_failures": 0,
  "best_training": {
    "episode": 934,
    "training_seed": 1146345,
    "total_reward": 1102.0
  },
  "last_training": {
    "episode": 999,
    "training_seed": 1211345,
    "total_reward": 605.0,
    "epsilon": 0.01135478383780515,
    "q_table_size": 24
  },
  "final_epsilon": 0.011303998807585623,
  "q_table_size": 24,
  "objective": "minimize -mean(total_reward); late_order_fraction is recorded for later composite objectives",
  "objective_mean": -268.2,
  "objective_std": 216.28417520577977,
  "total_reward_mean": 268.2,
  "total_reward_std": 216.28417520577977,
  "late_order_fraction_mean": 0.4352120307043081,
  "n_valid_replications": 10,
  "eval_replications": 10,
  "eval_seeds": [
    312345,
    313345,
    314345,
    315345,
    316345,
    317345,
    318345,
    319345,
    320345,
    321345
  ],
  "best_evaluation": {
    "replication": 0,
    "eval_seed": 312345,
    "total_reward": 768.0
  }
}