{
  "stage": "stage1_bo_trial",
  "trial_index": 28,
  "parameters": {
    "alpha": 0.08,
    "gamma": 0.8,
    "target_final_epsilon": 0.024068743844319757,
    "risk_t1": 175.214912,
    "risk_window": 758.004,
    "epsilon_min": 0.024068743844319757,
    "epsilon_decay": 0.9962800948373713
  },
  "training_episodes": 1000,
  "n_training_failures": 0,
  "best_training": {
    "episode": 518,
    "training_seed": 730345,
    "total_reward": 1169.0
  },
  "last_training": {
    "episode": 999,
    "training_seed": 1211345,
    "total_reward": 565.0,
    "epsilon": 0.02415861158828945,
    "q_table_size": 23
  },
  "final_epsilon": 0.02406874384432023,
  "q_table_size": 23,
  "objective": "minimize -mean(total_reward); late_order_fraction is recorded for later composite objectives",
  "objective_mean": -210.2,
  "objective_std": 172.98734700035786,
  "total_reward_mean": 210.2,
  "total_reward_std": 172.98734700035786,
  "late_order_fraction_mean": 0.4459503988535175,
  "n_valid_replications": 10,
  "eval_replications": 10,
  "eval_seeds": [
    312345,
    313345,
    314345,
    315345,
    316345,
    317345,
    318345,
    319345,
    320345,
    321345
  ],
  "best_evaluation": {
    "replication": 3,
    "eval_seed": 315345,
    "total_reward": 554.0
  }
}