{
  "stage": "stage1_bo_trial",
  "trial_index": 31,
  "parameters": {
    "alpha": 0.08,
    "gamma": 0.2,
    "target_final_epsilon": 0.05893038602864126,
    "risk_t1": 175.214912,
    "risk_window": 758.004,
    "epsilon_min": 0.05893038602864126,
    "epsilon_decay": 0.9720831000521925
  },
  "training_episodes": 100,
  "n_training_failures": 0,
  "best_training": {
    "episode": 91,
    "training_seed": 303345,
    "total_reward": 1141.0
  },
  "last_training": {
    "episode": 99,
    "training_seed": 311345,
    "total_reward": -204.0,
    "epsilon": 0.060622786288000725,
    "q_table_size": 21
  },
  "final_epsilon": 0.05893038602864129,
  "q_table_size": 21,
  "objective": "minimize -mean(total_reward); late_order_fraction is recorded for later composite objectives",
  "objective_mean": -96.2,
  "objective_std": 167.3511278719089,
  "total_reward_mean": 96.2,
  "total_reward_std": 167.3511278719089,
  "late_order_fraction_mean": 0.46607332118215317,
  "n_valid_replications": 10,
  "eval_replications": 10,
  "eval_seeds": [
    312345,
    313345,
    314345,
    315345,
    316345,
    317345,
    318345,
    319345,
    320345,
    321345
  ],
  "best_evaluation": {
    "replication": 0,
    "eval_seed": 312345,
    "total_reward": 448.0
  }
}