{
  "stage": "stage2_candidate",
  "candidate_rank": 9,
  "source_trial_index": 86,
  "parameters": {
    "alpha": 0.0234167928219911,
    "gamma": 0.8,
    "target_final_epsilon": 0.0112044802072359,
    "risk_t1": 175.214912,
    "risk_window": 758.004,
    "epsilon_min": 0.0112044802072359,
    "epsilon_decay": 0.9995509566939208
  },
  "q_table_path": "/cfs/earth/scratch/freyfab2/BA/BA-Simulation-Optimization/RL/rl_tuning_hpc_gamma_low/stage2/candidate_rank_09_trial_086/q_table.pkl",
  "training_episodes": 10000,
  "n_training_failures": 0,
  "best_training": {
    "episode": 9396,
    "training_seed": 9608345,
    "total_reward": 1356.0
  },
  "last_training": {
    "episode": 9999,
    "training_seed": 10211345,
    "total_reward": -193.0,
    "epsilon": 0.011209513764353808,
    "q_table_size": 26
  },
  "final_epsilon": 0.0112044802072359,
  "q_table_size": 26,
  "objective": "minimize -mean(total_reward); late_order_fraction is recorded for later composite objectives",
  "objective_mean": -288.8333333333333,
  "objective_std": 318.07037643863674,
  "total_reward_mean": 288.8333333333333,
  "total_reward_std": 318.07037643863674,
  "late_order_fraction_mean": 0.43289804825213035,
  "n_valid_replications": 30,
  "eval_replications": 30,
  "eval_seeds": [
    312345,
    313345,
    314345,
    315345,
    316345,
    317345,
    318345,
    319345,
    320345,
    321345,
    322345,
    323345,
    324345,
    325345,
    326345,
    327345,
    328345,
    329345,
    330345,
    331345,
    332345,
    333345,
    334345,
    335345,
    336345,
    337345,
    338345,
    339345,
    340345,
    341345
  ],
  "best_evaluation": {
    "replication": 26,
    "eval_seed": 338345,
    "total_reward": 1203.0
  },
  "candidate_dir": "/cfs/earth/scratch/freyfab2/BA/BA-Simulation-Optimization/RL/rl_tuning_hpc_gamma_low/stage2/candidate_rank_09_trial_086",
  "stage1_objective_mean": -316.2,
  "stage1_total_reward_mean": 316.2
}