{
  "stage": "stage1_bo_trial",
  "trial_index": 35,
  "parameters": {
    "alpha": 0.015034701574751633,
    "gamma": 0.9294482829662094,
    "target_final_epsilon": 0.021599005933151567,
    "risk_t1": 175.214912,
    "risk_window": 120.0,
    "epsilon_min": 0.021599005933151567,
    "epsilon_decay": 0.9961722366475161
  },
  "training_episodes": 1000,
  "n_training_failures": 0,
  "best_training": {
    "episode": 126,
    "training_seed": 338345,
    "total_reward": 1183.0
  },
  "last_training": {
    "episode": 999,
    "training_seed": 1211345,
    "total_reward": 505.0,
    "epsilon": 0.02168199949623245,
    "q_table_size": 24
  },
  "final_epsilon": 0.0215990059331522,
  "q_table_size": 24,
  "objective": "minimize -mean(total_reward); late_order_fraction is recorded for later composite objectives",
  "objective_mean": -100.2,
  "objective_std": 266.5753176871407,
  "total_reward_mean": 100.2,
  "total_reward_std": 266.5753176871407,
  "late_order_fraction_mean": 0.4653607970714007,
  "n_valid_replications": 10,
  "eval_replications": 10,
  "eval_seeds": [
    312345,
    313345,
    314345,
    315345,
    316345,
    317345,
    318345,
    319345,
    320345,
    321345
  ],
  "best_evaluation": {
    "replication": 0,
    "eval_seed": 312345,
    "total_reward": 628.0
  }
}