{
  "stage": "stage1_bo_trial",
  "trial_index": 8,
  "parameters": {
    "alpha": 0.008337553403110484,
    "gamma": 0.1684966583232806,
    "target_final_epsilon": 0.046649292722279634,
    "risk_t1": 175.214912,
    "risk_window": 758.004,
    "epsilon_min": 0.046649292722279634,
    "epsilon_decay": 0.996939595102547
  },
  "training_episodes": 1000,
  "n_training_failures": 0,
  "best_training": {
    "episode": 718,
    "training_seed": 930345,
    "total_reward": 1157.0
  },
  "last_training": {
    "episode": 999,
    "training_seed": 1211345,
    "total_reward": 485.0,
    "epsilon": 0.04679249670837082,
    "q_table_size": 24
  },
  "final_epsilon": 0.04664929272228047,
  "q_table_size": 24,
  "objective": "minimize -mean(total_reward); late_order_fraction is recorded for later composite objectives",
  "objective_mean": -158.2,
  "objective_std": 242.9105002076096,
  "total_reward_mean": 158.2,
  "total_reward_std": 242.9105002076096,
  "late_order_fraction_mean": 0.4549502420913062,
  "n_valid_replications": 10,
  "eval_replications": 10,
  "eval_seeds": [
    312345,
    313345,
    314345,
    315345,
    316345,
    317345,
    318345,
    319345,
    320345,
    321345
  ],
  "best_evaluation": {
    "replication": 0,
    "eval_seed": 312345,
    "total_reward": 628.0
  }
}