{
  "stage": "stage1_bo_trial",
  "trial_index": 24,
  "parameters": {
    "alpha": 0.01460212748393084,
    "gamma": 0.32371375301920097,
    "target_final_epsilon": 0.02148049672298421,
    "risk_t1": 175.214912,
    "risk_window": 758.004,
    "epsilon_min": 0.02148049672298421,
    "epsilon_decay": 0.9961667558248177
  },
  "training_episodes": 1000,
  "n_training_failures": 0,
  "best_training": {
    "episode": 518,
    "training_seed": 730345,
    "total_reward": 1129.0
  },
  "last_training": {
    "episode": 999,
    "training_seed": 1211345,
    "total_reward": 485.0,
    "epsilon": 0.02156315355574953,
    "q_table_size": 23
  },
  "final_epsilon": 0.02148049672298421,
  "q_table_size": 23,
  "objective": "minimize -mean(total_reward); late_order_fraction is recorded for later composite objectives",
  "objective_mean": -126.2,
  "objective_std": 243.62484821271138,
  "total_reward_mean": 126.2,
  "total_reward_std": 243.62484821271138,
  "late_order_fraction_mean": 0.4606838355215747,
  "n_valid_replications": 10,
  "eval_replications": 10,
  "eval_seeds": [
    312345,
    313345,
    314345,
    315345,
    316345,
    317345,
    318345,
    319345,
    320345,
    321345
  ],
  "best_evaluation": {
    "replication": 0,
    "eval_seed": 312345,
    "total_reward": 608.0
  }
}