{
  "stage": "stage1_bo_trial",
  "trial_index": 1,
  "parameters": {
    "alpha": 0.4469295084895566,
    "gamma": 0.6314877074211835,
    "target_final_epsilon": 0.10911600690335037,
    "risk_t1": 175.214912,
    "risk_window": 120.0,
    "epsilon_min": 0.10911600690335037,
    "epsilon_decay": 0.9780901485225851
  },
  "training_episodes": 100,
  "n_training_failures": 0,
  "best_training": {
    "episode": 91,
    "training_seed": 303345,
    "total_reward": 801.0
  },
  "last_training": {
    "episode": 99,
    "training_seed": 311345,
    "total_reward": -324.0,
    "epsilon": 0.11156027598087016,
    "q_table_size": 22
  },
  "final_epsilon": 0.10911600690335037,
  "q_table_size": 22,
  "objective": "minimize -mean(total_reward); late_order_fraction is recorded for later composite objectives",
  "objective_mean": -88.2,
  "objective_std": 162.64808637054418,
  "total_reward_mean": 88.2,
  "total_reward_std": 162.64808637054418,
  "late_order_fraction_mean": 0.4676329203633429,
  "n_valid_replications": 10,
  "eval_replications": 10,
  "eval_seeds": [
    312345,
    313345,
    314345,
    315345,
    316345,
    317345,
    318345,
    319345,
    320345,
    321345
  ],
  "best_evaluation": {
    "replication": 0,
    "eval_seed": 312345,
    "total_reward": 428.0
  }
}