{
  "stage": "stage1_bo_trial",
  "trial_index": 72,
  "parameters": {
    "alpha": 0.003918841846635416,
    "gamma": 0.8,
    "target_final_epsilon": 0.04301919467515147,
    "risk_t1": 175.214912,
    "risk_window": 758.004,
    "epsilon_min": 0.04301919467515147,
    "epsilon_decay": 0.9968588349394792
  },
  "training_episodes": 1000,
  "n_training_failures": 0,
  "best_training": {
    "episode": 718,
    "training_seed": 930345,
    "total_reward": 1097.0
  },
  "last_training": {
    "episode": 999,
    "training_seed": 1211345,
    "total_reward": 485.0,
    "epsilon": 0.043154750870780974,
    "q_table_size": 24
  },
  "final_epsilon": 0.04301919467515147,
  "q_table_size": 24,
  "objective": "minimize -mean(total_reward); late_order_fraction is recorded for later composite objectives",
  "objective_mean": -110.2,
  "objective_std": 292.0048705834279,
  "total_reward_mean": 110.2,
  "total_reward_std": 292.0048705834279,
  "late_order_fraction_mean": 0.4635731751008823,
  "n_valid_replications": 10,
  "eval_replications": 10,
  "eval_seeds": [
    312345,
    313345,
    314345,
    315345,
    316345,
    317345,
    318345,
    319345,
    320345,
    321345
  ],
  "best_evaluation": {
    "replication": 0,
    "eval_seed": 312345,
    "total_reward": 608.0
  }
}