{
  "stage": "stage1_bo_trial",
  "trial_index": 72,
  "parameters": {
    "alpha": 0.006006164463101136,
    "gamma": 0.25862967209466886,
    "target_final_epsilon": 0.0053622223315081124,
    "risk_t1": 175.214912,
    "risk_window": 120.0,
    "epsilon_min": 0.0053622223315081124,
    "epsilon_decay": 0.9947852673967987
  },
  "training_episodes": 1000,
  "n_training_failures": 0,
  "best_training": {
    "episode": 668,
    "training_seed": 880345,
    "total_reward": 1109.0
  },
  "last_training": {
    "episode": 999,
    "training_seed": 1211345,
    "total_reward": 565.0,
    "epsilon": 0.005390331468760609,
    "q_table_size": 25
  },
  "final_epsilon": 0.005362222331508401,
  "q_table_size": 25,
  "objective": "minimize -mean(total_reward); late_order_fraction is recorded for later composite objectives",
  "objective_mean": -342.2,
  "objective_std": 236.97951153821057,
  "total_reward_mean": 342.2,
  "total_reward_std": 236.97951153821057,
  "late_order_fraction_mean": 0.42206661844048393,
  "n_valid_replications": 10,
  "eval_replications": 10,
  "eval_seeds": [
    312345,
    313345,
    314345,
    315345,
    316345,
    317345,
    318345,
    319345,
    320345,
    321345
  ],
  "best_evaluation": {
    "replication": 0,
    "eval_seed": 312345,
    "total_reward": 848.0
  }
}