{
  "stage": "stage1_bo_trial",
  "trial_index": 15,
  "parameters": {
    "alpha": 0.005,
    "gamma": 0.34071609657246377,
    "target_final_epsilon": 0.19188981263331592,
    "risk_t1": 175.214912,
    "risk_window": 758.004,
    "epsilon_min": 0.19188981263331592,
    "epsilon_decay": 0.9836271762576748
  },
  "training_episodes": 100,
  "n_training_failures": 0,
  "best_training": {
    "episode": 91,
    "training_seed": 303345,
    "total_reward": 1161.0
  },
  "last_training": {
    "episode": 99,
    "training_seed": 311345,
    "total_reward": -184.0,
    "epsilon": 0.19508388672564209,
    "q_table_size": 20
  },
  "final_epsilon": 0.19188981263331592,
  "q_table_size": 20,
  "objective": "minimize -mean(total_reward); late_order_fraction is recorded for later composite objectives",
  "objective_mean": -232.2,
  "objective_std": 203.09647406535095,
  "total_reward_mean": 232.2,
  "total_reward_std": 203.09647406535095,
  "late_order_fraction_mean": 0.4419230634669463,
  "n_valid_replications": 10,
  "eval_replications": 10,
  "eval_seeds": [
    312345,
    313345,
    314345,
    315345,
    316345,
    317345,
    318345,
    319345,
    320345,
    321345
  ],
  "best_evaluation": {
    "replication": 0,
    "eval_seed": 312345,
    "total_reward": 568.0
  }
}