{
  "stage": "stage1_bo_trial",
  "trial_index": 88,
  "parameters": {
    "alpha": 0.005,
    "gamma": 0.95,
    "target_final_epsilon": 0.22,
    "risk_t1": 195.4052673098476,
    "risk_window": 1452.5832107656681,
    "epsilon_min": 0.22,
    "epsilon_decay": 0.9849727754527325
  },
  "training_episodes": 100,
  "n_training_failures": 0,
  "best_training": {
    "episode": 91,
    "training_seed": 303345,
    "total_reward": 1121.0
  },
  "last_training": {
    "episode": 99,
    "training_seed": 311345,
    "total_reward": -284.0,
    "epsilon": 0.2233564271853902,
    "q_table_size": 20
  },
  "final_epsilon": 0.22,
  "q_table_size": 20,
  "objective": "minimize -mean(total_reward); late_order_fraction is recorded for later composite objectives",
  "objective_mean": -68.2,
  "objective_std": 171.60989352469034,
  "total_reward_mean": 68.2,
  "total_reward_std": 171.60989352469034,
  "late_order_fraction_mean": 0.4711101290507046,
  "n_valid_replications": 10,
  "eval_replications": 10,
  "eval_seeds": [
    312345,
    313345,
    314345,
    315345,
    316345,
    317345,
    318345,
    319345,
    320345,
    321345
  ],
  "best_evaluation": {
    "replication": 0,
    "eval_seed": 312345,
    "total_reward": 488.0
  }
}