{
  "stage": "stage1_bo_trial",
  "trial_index": 94,
  "parameters": {
    "alpha": 0.01682816580473617,
    "gamma": 0.8897864603394362,
    "target_final_epsilon": 0.024982950097637478,
    "risk_t1": 175.214912,
    "risk_window": 120.0,
    "epsilon_min": 0.024982950097637478,
    "epsilon_decay": 0.9963172363866301
  },
  "training_episodes": 1000,
  "n_training_failures": 0,
  "best_training": {
    "episode": 934,
    "training_seed": 1146345,
    "total_reward": 1182.0
  },
  "last_training": {
    "episode": 999,
    "training_seed": 1211345,
    "total_reward": 505.0,
    "epsilon": 0.02507529648713378,
    "q_table_size": 23
  },
  "final_epsilon": 0.024982950097637478,
  "q_table_size": 23,
  "objective": "minimize -mean(total_reward); late_order_fraction is recorded for later composite objectives",
  "objective_mean": -70.2,
  "objective_std": 272.6335758241575,
  "total_reward_mean": 70.2,
  "total_reward_std": 272.6335758241575,
  "late_order_fraction_mean": 0.4707300279520995,
  "n_valid_replications": 10,
  "eval_replications": 10,
  "eval_seeds": [
    312345,
    313345,
    314345,
    315345,
    316345,
    317345,
    318345,
    319345,
    320345,
    321345
  ],
  "best_evaluation": {
    "replication": 0,
    "eval_seed": 312345,
    "total_reward": 628.0
  }
}