{
  "stage": "stage1_bo_trial",
  "trial_index": 70,
  "parameters": {
    "alpha": 0.00875990477299463,
    "gamma": 0.0937315326192494,
    "target_final_epsilon": 0.028593706603579457,
    "risk_t1": 175.214912,
    "risk_window": 758.004,
    "epsilon_min": 0.028593706603579457,
    "epsilon_decay": 0.9964517413662338
  },
  "training_episodes": 1000,
  "n_training_failures": 0,
  "best_training": {
    "episode": 718,
    "training_seed": 930345,
    "total_reward": 1197.0
  },
  "last_training": {
    "episode": 999,
    "training_seed": 1211345,
    "total_reward": 465.0,
    "epsilon": 0.028695525750575587,
    "q_table_size": 23
  },
  "final_epsilon": 0.028593706603580647,
  "q_table_size": 23,
  "objective": "minimize -mean(total_reward); late_order_fraction is recorded for later composite objectives",
  "objective_mean": -114.2,
  "objective_std": 260.6456939559481,
  "total_reward_mean": 114.2,
  "total_reward_std": 260.6456939559481,
  "late_order_fraction_mean": 0.46270614929915616,
  "n_valid_replications": 10,
  "eval_replications": 10,
  "eval_seeds": [
    312345,
    313345,
    314345,
    315345,
    316345,
    317345,
    318345,
    319345,
    320345,
    321345
  ],
  "best_evaluation": {
    "replication": 0,
    "eval_seed": 312345,
    "total_reward": 628.0
  }
}