comparison,metric,first_group,second_group,n_pairs,mean_first,mean_second,standard_error_first,standard_error_second,median_first,median_second,q1_first,q1_second,q3_first,q3_second,iqr_first,iqr_second,mean_difference_first_minus_second,standard_error_difference,median_difference_first_minus_second,test,alternative,test_statistic,p_value,alpha,significant,p_value_holm,significant_holm
H3: Q-learning vs Random agent,total_reward,Q-learning,Random agent,30,224.83333333333334,105.5,62.871280348982125,58.61159412195886,215.5,48.5,15.75,-102.0,345.75,279.25,330.0,381.25,119.33333333333333,29.39205199210347,130.0,Wilcoxon signed-rank,two-sided,57.5,0.0009119812061909861,0.05,True,0.0027359436185729583,True
H3: Q-learning vs Baseline: EDD,total_reward,Q-learning,Baseline: EDD,30,224.83333333333334,27.5,62.871280348982125,55.91976497574474,215.5,42.5,15.75,-179.5,345.75,127.25,330.0,306.75,197.33333333333334,31.334067000459296,230.0,Wilcoxon signed-rank,two-sided,15.5,1.9312942565895547e-05,0.05,True,9.656471282947773e-05,True
H3: Q-learning vs Baseline: FIFO,total_reward,Q-learning,Baseline: FIFO,30,224.83333333333334,109.5,62.871280348982125,51.57616285371222,215.5,58.5,15.75,-69.0,345.75,215.75,330.0,284.75,115.33333333333333,30.485471698406272,140.0,Wilcoxon signed-rank,two-sided,60.5,0.002005327138855669,0.05,True,0.004010654277711338,True
H3: Q-learning vs Baseline: Highest Lateness Risk,total_reward,Q-learning,Baseline: Highest Lateness Risk,30,224.83333333333334,362.8333333333333,62.871280348982125,58.2376637488765,215.5,380.5,15.75,144.75,345.75,487.25,330.0,342.5,-138.0,24.604457123554415,-100.0,Wilcoxon signed-rank,two-sided,19.0,2.7290144851290265e-05,0.05,True,0.00010916057940516106,True
H3: Q-learning vs Baseline: Longest Waiting Time,total_reward,Q-learning,Baseline: Longest Waiting Time,30,224.83333333333334,109.5,62.871280348982125,51.57616285371222,215.5,58.5,15.75,-69.0,345.75,215.75,330.0,284.75,115.33333333333333,30.485471698406272,140.0,Wilcoxon signed-rank,two-sided,60.5,0.002005327138855669,0.05,True,0.004010654277711338,True
