{
  "stage": "stage1_bo_trial",
  "trial_index": 46,
  "parameters": {
    "alpha": 0.33801758373536794,
    "gamma": 0.5,
    "target_final_epsilon": 0.12464372652431742,
    "risk_t1": 171.54175856001854,
    "risk_window": 145.68694913073523,
    "epsilon_min": 0.12464372652431742,
    "epsilon_decay": 0.9979198706748849
  },
  "training_episodes": 1000,
  "n_training_failures": 0,
  "best_training": {
    "episode": 668,
    "training_seed": 880345,
    "total_reward": 969.0
  },
  "last_training": {
    "episode": 999,
    "training_seed": 1211345,
    "total_reward": 365.0,
    "epsilon": 0.12490354204493229,
    "q_table_size": 25
  },
  "final_epsilon": 0.12464372652431742,
  "q_table_size": 25,
  "objective": "minimize -mean(total_reward); late_order_fraction is recorded for later composite objectives",
  "objective_mean": -170.2,
  "objective_std": 208.67880688858762,
  "total_reward_mean": 170.2,
  "total_reward_std": 208.67880688858762,
  "late_order_fraction_mean": 0.45279914031406365,
  "n_valid_replications": 10,
  "eval_replications": 10,
  "eval_seeds": [
    312345,
    313345,
    314345,
    315345,
    316345,
    317345,
    318345,
    319345,
    320345,
    321345
  ],
  "best_evaluation": {
    "replication": 0,
    "eval_seed": 312345,
    "total_reward": 508.0
  }
}