{
  "stage": "stage1_bo_trial",
  "trial_index": 21,
  "parameters": {
    "alpha": 0.012484098857469077,
    "gamma": 0.2978694195543425,
    "target_final_epsilon": 0.07628850140933614,
    "risk_t1": 175.214912,
    "risk_window": 758.004,
    "epsilon_min": 0.07628850140933614,
    "epsilon_decay": 0.9974300748717966
  },
  "training_episodes": 1000,
  "n_training_failures": 0,
  "best_training": {
    "episode": 934,
    "training_seed": 1146345,
    "total_reward": 1102.0
  },
  "last_training": {
    "episode": 999,
    "training_seed": 1211345,
    "total_reward": 345.0,
    "epsilon": 0.07648506229285769,
    "q_table_size": 23
  },
  "final_epsilon": 0.07628850140933907,
  "q_table_size": 23,
  "objective": "minimize -mean(total_reward); late_order_fraction is recorded for later composite objectives",
  "objective_mean": -158.2,
  "objective_std": 203.1664889252709,
  "total_reward_mean": 158.2,
  "total_reward_std": 203.1664889252709,
  "late_order_fraction_mean": 0.4550684395691792,
  "n_valid_replications": 10,
  "eval_replications": 10,
  "eval_seeds": [
    312345,
    313345,
    314345,
    315345,
    316345,
    317345,
    318345,
    319345,
    320345,
    321345
  ],
  "best_evaluation": {
    "replication": 0,
    "eval_seed": 312345,
    "total_reward": 568.0
  }
}