{
  "stage": "stage1_bo_trial",
  "trial_index": 2,
  "parameters": {
    "alpha": 0.621270918995142,
    "gamma": 0.44706251779571177,
    "target_final_epsilon": 0.142706632129848,
    "risk_t1": 175.214912,
    "risk_window": 758.004,
    "epsilon_min": 0.142706632129848,
    "epsilon_decay": 0.9807186666139265
  },
  "training_episodes": 100,
  "n_training_failures": 0,
  "best_training": {
    "episode": 91,
    "training_seed": 303345,
    "total_reward": 821.0
  },
  "last_training": {
    "episode": 99,
    "training_seed": 311345,
    "total_reward": -224.0,
    "epsilon": 0.14551230336276041,
    "q_table_size": 21
  },
  "final_epsilon": 0.142706632129848,
  "q_table_size": 21,
  "objective": "minimize -mean(total_reward); late_order_fraction is recorded for later composite objectives",
  "objective_mean": -106.2,
  "objective_std": 219.04276599178831,
  "total_reward_mean": 106.2,
  "total_reward_std": 219.04276599178831,
  "late_order_fraction_mean": 0.4643167676015098,
  "n_valid_replications": 10,
  "eval_replications": 10,
  "eval_seeds": [
    312345,
    313345,
    314345,
    315345,
    316345,
    317345,
    318345,
    319345,
    320345,
    321345
  ],
  "best_evaluation": {
    "replication": 0,
    "eval_seed": 312345,
    "total_reward": 448.0
  }
}