comparison,metric,group_a,group_b,n_a,n_b,mean_a,mean_b,standard_error_a,standard_error_b,median_a,median_b,q1_a,q1_b,q3_a,q3_b,iqr_a,iqr_b,mean_difference_a_minus_b,median_difference_a_minus_b,test,alternative,test_statistic,p_value,alpha,significant
H1: BO vs Random Search (default weights),final_best_objective,BO,Random Search,20,20,-0.13408112783030696,-0.020445578050659587,0.01795573926243567,0.041532768582661785,-0.1449828429053423,-0.0396257907937692,-0.17844272979733766,-0.1733825834362006,-0.08376242775028275,0.10081019351360433,0.09468030204705491,0.27419277694980493,-0.11363554977964738,-0.1053570521115731,Mann-Whitney U,two-sided,128.0,0.05310312455977325,0.05,False
H1: BO vs Random Search (changed weights),final_best_objective,BO,Random Search,20,20,1.1662217885761799,1.7893073945441575,0.034660388391877406,0.032381199165128764,1.1358939354857194,1.7752293313063774,1.074825343972236,1.6866604750259575,1.1769251920937238,1.9199013478180385,0.10209984812148787,0.23324087279208094,-0.6230856059679777,-0.639335395820658,Mann-Whitney U,two-sided,8.0,2.2177643300922434e-07,0.05,True
