{
  "stage": "stage1_bo_trial",
  "trial_index": 35,
  "parameters": {
    "alpha": 0.005490081883473165,
    "gamma": 0.9261998841166694,
    "target_final_epsilon": 0.05836549641251246,
    "risk_t1": 175.214912,
    "risk_window": 758.004,
    "epsilon_min": 0.05836549641251246,
    "epsilon_decay": 0.9971630015290428
  },
  "training_episodes": 1000,
  "n_training_failures": 0,
  "best_training": {
    "episode": 718,
    "training_seed": 930345,
    "total_reward": 1137.0
  },
  "last_training": {
    "episode": 999,
    "training_seed": 1211345,
    "total_reward": 605.0,
    "epsilon": 0.05853155033130378,
    "q_table_size": 23
  },
  "final_epsilon": 0.05836549641251246,
  "q_table_size": 23,
  "objective": "minimize -mean(total_reward); late_order_fraction is recorded for later composite objectives",
  "objective_mean": -286.2,
  "objective_std": 234.89420786577284,
  "total_reward_mean": 286.2,
  "total_reward_std": 234.89420786577284,
  "late_order_fraction_mean": 0.43210152557859527,
  "n_valid_replications": 10,
  "eval_replications": 10,
  "eval_seeds": [
    312345,
    313345,
    314345,
    315345,
    316345,
    317345,
    318345,
    319345,
    320345,
    321345
  ],
  "best_evaluation": {
    "replication": 0,
    "eval_seed": 312345,
    "total_reward": 748.0
  }
}