{
  "stage": "stage1_bo_trial",
  "trial_index": 13,
  "parameters": {
    "alpha": 0.0001,
    "gamma": 0.95,
    "target_final_epsilon": 0.04277532936050288,
    "risk_t1": 175.214912,
    "risk_window": 758.004,
    "epsilon_min": 0.04277532936050288,
    "epsilon_decay": 0.996853167928446
  },
  "training_episodes": 1000,
  "n_training_failures": 0,
  "best_training": {
    "episode": 718,
    "training_seed": 930345,
    "total_reward": 997.0
  },
  "last_training": {
    "episode": 999,
    "training_seed": 1211345,
    "total_reward": 365.0,
    "epsilon": 0.04291036106089138,
    "q_table_size": 24
  },
  "final_epsilon": 0.04277532936050301,
  "q_table_size": 24,
  "objective": "minimize -mean(total_reward); late_order_fraction is recorded for later composite objectives",
  "objective_mean": -18.2,
  "objective_std": 163.54734278897146,
  "total_reward_mean": 18.2,
  "total_reward_std": 163.54734278897146,
  "late_order_fraction_mean": 0.48006895909637537,
  "n_valid_replications": 10,
  "eval_replications": 10,
  "eval_seeds": [
    312345,
    313345,
    314345,
    315345,
    316345,
    317345,
    318345,
    319345,
    320345,
    321345
  ],
  "best_evaluation": {
    "replication": 0,
    "eval_seed": 312345,
    "total_reward": 388.0
  }
}