{
  "method": "bo",
  "run_index": 5,
  "best_parameters": {
    "preparation_capacity": 1,
    "sorting_capacity": 3,
    "analysis1_capacity": 3,
    "analysis2_capacity": 1,
    "evaluation_capacity": 1,
    "dispatching_capacity": 1,
    "worker_capacity": 3
  },
  "best_objective": 1.0709985038077343,
  "aggregated_kpis": {
    "n_orders_completed_mean": 654.9666666666667,
    "n_orders_in_date_mean": 553.1333333333333,
    "n_orders_late_mean": 101.83333333333333,
    "n_orders_created_mean": 997.7666666666667,
    "n_orders_incomplete_mean": 342.8,
    "late_order_fraction_mean": 0.14450635915950272,
    "time_in_system_mean_mean": 201.01332731117643,
    "time_in_system_std_mean": 105.47960499325741,
    "wip_time_in_system_mean_mean": 244.09883096859903,
    "wip_time_in_system_std_mean": 143.0031891649668,
    "wip_time_in_system_min_mean": 1.4594809211808675,
    "wip_time_in_system_max_mean": 493.3464551331539,
    "wip_mean_mean": 165.43275112695454,
    "work_in_progress_mean_mean": 165.43275112695454,
    "completed_norm_mean": 0.657118478518053,
    "late_total_norm_mean": 0.44427450951246,
    "on_time_loss_norm_mean": 0.44427450951246,
    "station_capacity_norm_mean": 0.1666666666666667,
    "worker_capacity_norm_mean": 0.22222222222222224,
    "time_in_system_mean_norm_mean": 0.5583703536421567,
    "time_in_system_std_norm_mean": 0.2929989027590484,
    "objective_completed_contribution_mean": -0.22999146748131855,
    "objective_late_contribution_mean": 0.3554196076099681,
    "objective_station_capacity_contribution_mean": 0.5,
    "objective_worker_capacity_contribution_mean": 0.22222222222222224,
    "objective_time_mean_contribution_mean": 0.22334814145686271,
    "objective_time_std_contribution_mean": 0.0
  }
}