{
  "stage": "stage2_candidate",
  "candidate_rank": 2,
  "source_trial_index": 30,
  "parameters": {
    "alpha": 0.0074109518278785,
    "gamma": 0.6438811823642414,
    "target_final_epsilon": 0.0240084268475511,
    "risk_t1": 175.214912,
    "risk_window": 758.004,
    "epsilon_min": 0.0240084268475511,
    "epsilon_decay": 0.9996271344924664
  },
  "q_table_path": "/cfs/earth/scratch/freyfab2/BA/BA-Simulation-Optimization/RL/rl_tuning_hpc/stage2/candidate_rank_02_trial_030/q_table.pkl",
  "training_episodes": 10000,
  "n_training_failures": 0,
  "best_training": {
    "episode": 9396,
    "training_seed": 9608345,
    "total_reward": 1336.0
  },
  "last_training": {
    "episode": 9999,
    "training_seed": 10211345,
    "total_reward": -33.0,
    "epsilon": 0.024017382100910433,
    "q_table_size": 26
  },
  "final_epsilon": 0.0240084268475511,
  "q_table_size": 26,
  "objective": "minimize -mean(total_reward); late_order_fraction is recorded for later composite objectives",
  "objective_mean": -178.16666666666666,
  "objective_std": 327.9578487774193,
  "total_reward_mean": 178.16666666666666,
  "total_reward_std": 327.9578487774193,
  "late_order_fraction_mean": 0.45259465238491187,
  "n_valid_replications": 30,
  "eval_replications": 30,
  "eval_seeds": [
    312345,
    313345,
    314345,
    315345,
    316345,
    317345,
    318345,
    319345,
    320345,
    321345,
    322345,
    323345,
    324345,
    325345,
    326345,
    327345,
    328345,
    329345,
    330345,
    331345,
    332345,
    333345,
    334345,
    335345,
    336345,
    337345,
    338345,
    339345,
    340345,
    341345
  ],
  "best_evaluation": {
    "replication": 26,
    "eval_seed": 338345,
    "total_reward": 983.0
  },
  "candidate_dir": "/cfs/earth/scratch/freyfab2/BA/BA-Simulation-Optimization/RL/rl_tuning_hpc/stage2/candidate_rank_02_trial_030",
  "stage1_objective_mean": -346.2,
  "stage1_total_reward_mean": 346.2
}