{
  "stage": "stage1_bo_trial",
  "trial_index": 60,
  "parameters": {
    "alpha": 0.016628511509387517,
    "gamma": 0.5357379949927337,
    "target_final_epsilon": 0.030402081563969154,
    "risk_t1": 175.214912,
    "risk_window": 758.004,
    "epsilon_min": 0.030402081563969154,
    "epsilon_decay": 0.996512850078773
  },
  "training_episodes": 1000,
  "n_training_failures": 0,
  "best_training": {
    "episode": 934,
    "training_seed": 1146345,
    "total_reward": 1182.0
  },
  "last_training": {
    "episode": 999,
    "training_seed": 1211345,
    "total_reward": 505.0,
    "epsilon": 0.030508469169831003,
    "q_table_size": 24
  },
  "final_epsilon": 0.030402081563969154,
  "q_table_size": 24,
  "objective": "minimize -mean(total_reward); late_order_fraction is recorded for later composite objectives",
  "objective_mean": -120.2,
  "objective_std": 265.47266023704464,
  "total_reward_mean": 120.2,
  "total_reward_std": 265.47266023704464,
  "late_order_fraction_mean": 0.46176823960553737,
  "n_valid_replications": 10,
  "eval_replications": 10,
  "eval_seeds": [
    312345,
    313345,
    314345,
    315345,
    316345,
    317345,
    318345,
    319345,
    320345,
    321345
  ],
  "best_evaluation": {
    "replication": 0,
    "eval_seed": 312345,
    "total_reward": 608.0
  }
}