{
  "stage": "stage1_bo_trial",
  "trial_index": 17,
  "parameters": {
    "alpha": 0.1953723470213258,
    "gamma": 0.2,
    "target_final_epsilon": 0.025511128163375373,
    "risk_t1": 214.88626834983438,
    "risk_window": 1800.0,
    "epsilon_min": 0.025511128163375373,
    "epsilon_decay": 0.9963380807164138
  },
  "training_episodes": 1000,
  "n_training_failures": 0,
  "best_training": {
    "episode": 668,
    "training_seed": 880345,
    "total_reward": 1109.0
  },
  "last_training": {
    "episode": 999,
    "training_seed": 1211345,
    "total_reward": 265.0,
    "epsilon": 0.02560489120824551,
    "q_table_size": 23
  },
  "final_epsilon": 0.025511128163375908,
  "q_table_size": 23,
  "objective": "minimize -mean(total_reward); late_order_fraction is recorded for later composite objectives",
  "objective_mean": -230.2,
  "objective_std": 208.43373580642415,
  "total_reward_mean": 230.2,
  "total_reward_std": 208.43373580642415,
  "late_order_fraction_mean": 0.442207840188053,
  "n_valid_replications": 10,
  "eval_replications": 10,
  "eval_seeds": [
    312345,
    313345,
    314345,
    315345,
    316345,
    317345,
    318345,
    319345,
    320345,
    321345
  ],
  "best_evaluation": {
    "replication": 0,
    "eval_seed": 312345,
    "total_reward": 628.0
  }
}