{
  "stage": "stage1_bo_trial",
  "trial_index": 82,
  "parameters": {
    "alpha": 0.026352411892874045,
    "gamma": 0.8,
    "target_final_epsilon": 0.010482177400616377,
    "risk_t1": 175.214912,
    "risk_window": 758.004,
    "epsilon_min": 0.010482177400616377,
    "epsilon_decay": 0.9954522934217843
  },
  "training_episodes": 1000,
  "n_training_failures": 0,
  "best_training": {
    "episode": 718,
    "training_seed": 930345,
    "total_reward": 1197.0
  },
  "last_training": {
    "episode": 999,
    "training_seed": 1211345,
    "total_reward": 465.0,
    "epsilon": 0.010530065046697923,
    "q_table_size": 25
  },
  "final_epsilon": 0.010482177400616377,
  "q_table_size": 25,
  "objective": "minimize -mean(total_reward); late_order_fraction is recorded for later composite objectives",
  "objective_mean": -78.2,
  "objective_std": 252.03386015904027,
  "total_reward_mean": 78.2,
  "total_reward_std": 252.03386015904027,
  "late_order_fraction_mean": 0.46928751049049977,
  "n_valid_replications": 10,
  "eval_replications": 10,
  "eval_seeds": [
    312345,
    313345,
    314345,
    315345,
    316345,
    317345,
    318345,
    319345,
    320345,
    321345
  ],
  "best_evaluation": {
    "replication": 0,
    "eval_seed": 312345,
    "total_reward": 508.0
  }
}