{
  "stage": "stage1_bo_trial",
  "trial_index": 52,
  "parameters": {
    "alpha": 0.031226002638322686,
    "gamma": 0.8,
    "target_final_epsilon": 0.054616976804421166,
    "risk_t1": 175.214912,
    "risk_window": 758.004,
    "epsilon_min": 0.054616976804421166,
    "epsilon_decay": 0.9970968119107737
  },
  "training_episodes": 1000,
  "n_training_failures": 0,
  "best_training": {
    "episode": 934,
    "training_seed": 1146345,
    "total_reward": 1122.0
  },
  "last_training": {
    "episode": 999,
    "training_seed": 1211345,
    "total_reward": 305.0,
    "epsilon": 0.05477600184053959,
    "q_table_size": 23
  },
  "final_epsilon": 0.054616976804421166,
  "q_table_size": 23,
  "objective": "minimize -mean(total_reward); late_order_fraction is recorded for later composite objectives",
  "objective_mean": -56.2,
  "objective_std": 215.38018066252573,
  "total_reward_mean": 56.2,
  "total_reward_std": 215.38018066252573,
  "late_order_fraction_mean": 0.4733819602592854,
  "n_valid_replications": 10,
  "eval_replications": 10,
  "eval_seeds": [
    312345,
    313345,
    314345,
    315345,
    316345,
    317345,
    318345,
    319345,
    320345,
    321345
  ],
  "best_evaluation": {
    "replication": 0,
    "eval_seed": 312345,
    "total_reward": 388.0
  }
}