{
  "stage": "stage1_bo_trial",
  "trial_index": 18,
  "parameters": {
    "alpha": 0.5,
    "gamma": 0.5314756621690461,
    "target_final_epsilon": 0.08334695745564492,
    "risk_t1": 312.7156062848055,
    "risk_window": 821.0037252984818,
    "epsilon_min": 0.08334695745564492,
    "epsilon_decay": 0.9975183412454444
  },
  "training_episodes": 1000,
  "n_training_failures": 0,
  "best_training": {
    "episode": 91,
    "training_seed": 303345,
    "total_reward": 921.0
  },
  "last_training": {
    "episode": 999,
    "training_seed": 1211345,
    "total_reward": 385.0,
    "epsilon": 0.08355431074237932,
    "q_table_size": 23
  },
  "final_epsilon": 0.08334695745564492,
  "q_table_size": 23,
  "objective": "minimize -mean(total_reward); late_order_fraction is recorded for later composite objectives",
  "objective_mean": -98.2,
  "objective_std": 178.01672830258272,
  "total_reward_mean": 98.2,
  "total_reward_std": 178.01672830258272,
  "late_order_fraction_mean": 0.46591915416903673,
  "n_valid_replications": 10,
  "eval_replications": 10,
  "eval_seeds": [
    312345,
    313345,
    314345,
    315345,
    316345,
    317345,
    318345,
    319345,
    320345,
    321345
  ],
  "best_evaluation": {
    "replication": 0,
    "eval_seed": 312345,
    "total_reward": 388.0
  }
}