{
  "stage": "stage1_bo_trial",
  "trial_index": 4,
  "parameters": {
    "alpha": 0.0040457176619209355,
    "gamma": 0.2,
    "target_final_epsilon": 0.026129471271298825,
    "risk_t1": 175.214912,
    "risk_window": 758.004,
    "epsilon_min": 0.026129471271298825,
    "epsilon_decay": 0.9963619423917609
  },
  "training_episodes": 1000,
  "n_training_failures": 0,
  "best_training": {
    "episode": 668,
    "training_seed": 880345,
    "total_reward": 1189.0
  },
  "last_training": {
    "episode": 999,
    "training_seed": 1211345,
    "total_reward": 605.0,
    "epsilon": 0.02622487889147453,
    "q_table_size": 23
  },
  "final_epsilon": 0.026129471271298825,
  "q_table_size": 23,
  "objective": "minimize -mean(total_reward); late_order_fraction is recorded for later composite objectives",
  "objective_mean": -344.2,
  "objective_std": 244.49167220536935,
  "total_reward_mean": 344.2,
  "total_reward_std": 244.49167220536935,
  "late_order_fraction_mean": 0.4216835138561227,
  "n_valid_replications": 10,
  "eval_replications": 10,
  "eval_seeds": [
    312345,
    313345,
    314345,
    315345,
    316345,
    317345,
    318345,
    319345,
    320345,
    321345
  ],
  "best_evaluation": {
    "replication": 0,
    "eval_seed": 312345,
    "total_reward": 868.0
  }
}