{
  "stage": "stage1_bo_trial",
  "trial_index": 42,
  "parameters": {
    "alpha": 0.029917576070175388,
    "gamma": 0.8,
    "target_final_epsilon": 0.05421911884707325,
    "risk_t1": 175.214912,
    "risk_window": 758.004,
    "epsilon_min": 0.05421911884707325,
    "epsilon_decay": 0.9970895219907266
  },
  "training_episodes": 1000,
  "n_training_failures": 0,
  "best_training": {
    "episode": 668,
    "training_seed": 880345,
    "total_reward": 1129.0
  },
  "last_training": {
    "episode": 999,
    "training_seed": 1211345,
    "total_reward": 485.0,
    "epsilon": 0.05437738302456785,
    "q_table_size": 23
  },
  "final_epsilon": 0.05421911884707325,
  "q_table_size": 23,
  "objective": "minimize -mean(total_reward); late_order_fraction is recorded for later composite objectives",
  "objective_mean": -342.2,
  "objective_std": 241.88923084751002,
  "total_reward_mean": 342.2,
  "total_reward_std": 241.88923084751002,
  "late_order_fraction_mean": 0.4220354167442138,
  "n_valid_replications": 10,
  "eval_replications": 10,
  "eval_seeds": [
    312345,
    313345,
    314345,
    315345,
    316345,
    317345,
    318345,
    319345,
    320345,
    321345
  ],
  "best_evaluation": {
    "replication": 0,
    "eval_seed": 312345,
    "total_reward": 868.0
  }
}