{
  "stage": "stage1_bo_trial",
  "trial_index": 24,
  "parameters": {
    "alpha": 0.42340029896197434,
    "gamma": 0.95,
    "target_final_epsilon": 0.22,
    "risk_t1": 175.143542817309,
    "risk_window": 1757.1415973579933,
    "epsilon_min": 0.22,
    "epsilon_decay": 0.9849727754527325
  },
  "training_episodes": 100,
  "n_training_failures": 0,
  "best_training": {
    "episode": 91,
    "training_seed": 303345,
    "total_reward": 1001.0
  },
  "last_training": {
    "episode": 99,
    "training_seed": 311345,
    "total_reward": -344.0,
    "epsilon": 0.2233564271853902,
    "q_table_size": 22
  },
  "final_epsilon": 0.22,
  "q_table_size": 22,
  "objective": "minimize -mean(total_reward); late_order_fraction is recorded for later composite objectives",
  "objective_mean": -92.2,
  "objective_std": 210.71138765830594,
  "total_reward_mean": 92.2,
  "total_reward_std": 210.71138765830594,
  "late_order_fraction_mean": 0.4670344283666134,
  "n_valid_replications": 10,
  "eval_replications": 10,
  "eval_seeds": [
    312345,
    313345,
    314345,
    315345,
    316345,
    317345,
    318345,
    319345,
    320345,
    321345
  ],
  "best_evaluation": {
    "replication": 3,
    "eval_seed": 315345,
    "total_reward": 434.0
  }
}