{
  "stage": "stage1_bo_trial",
  "trial_index": 12,
  "parameters": {
    "alpha": 0.7,
    "gamma": 0.29553752733986843,
    "target_final_epsilon": 0.12601423264160727,
    "risk_t1": 181.85412467244683,
    "risk_window": 637.7201460202823,
    "epsilon_min": 0.12601423264160727,
    "epsilon_decay": 0.9979307833656196
  },
  "training_episodes": 1000,
  "n_training_failures": 0,
  "best_training": {
    "episode": 91,
    "training_seed": 303345,
    "total_reward": 961.0
  },
  "last_training": {
    "episode": 999,
    "training_seed": 1211345,
    "total_reward": 385.0,
    "epsilon": 0.12627552405650114,
    "q_table_size": 23
  },
  "final_epsilon": 0.12601423264160833,
  "q_table_size": 23,
  "objective": "minimize -mean(total_reward); late_order_fraction is recorded for later composite objectives",
  "objective_mean": -134.2,
  "objective_std": 225.22719393734158,
  "total_reward_mean": 134.2,
  "total_reward_std": 225.22719393734158,
  "late_order_fraction_mean": 0.4590933265737168,
  "n_valid_replications": 10,
  "eval_replications": 10,
  "eval_seeds": [
    312345,
    313345,
    314345,
    315345,
    316345,
    317345,
    318345,
    319345,
    320345,
    321345
  ],
  "best_evaluation": {
    "replication": 0,
    "eval_seed": 312345,
    "total_reward": 588.0
  }
}