{
  "stage": "stage1_bo_trial",
  "trial_index": 10,
  "parameters": {
    "alpha": 0.08,
    "gamma": 0.01,
    "target_final_epsilon": 0.021446619467407623,
    "risk_t1": 175.214912,
    "risk_window": 758.004,
    "epsilon_min": 0.021446619467407623,
    "epsilon_decay": 0.9961651835143924
  },
  "training_episodes": 1000,
  "n_training_failures": 0,
  "best_training": {
    "episode": 126,
    "training_seed": 338345,
    "total_reward": 1163.0
  },
  "last_training": {
    "episode": 999,
    "training_seed": 1211345,
    "total_reward": 545.0,
    "epsilon": 0.021529179921491438,
    "q_table_size": 23
  },
  "final_epsilon": 0.021446619467407623,
  "q_table_size": 23,
  "objective": "minimize -mean(total_reward); late_order_fraction is recorded for later composite objectives",
  "objective_mean": -196.2,
  "objective_std": 312.5269055084164,
  "total_reward_mean": 196.2,
  "total_reward_std": 312.5269055084164,
  "late_order_fraction_mean": 0.44798006305535826,
  "n_valid_replications": 10,
  "eval_replications": 10,
  "eval_seeds": [
    312345,
    313345,
    314345,
    315345,
    316345,
    317345,
    318345,
    319345,
    320345,
    321345
  ],
  "best_evaluation": {
    "replication": 0,
    "eval_seed": 312345,
    "total_reward": 868.0
  }
}