{
  "stage": "stage1_bo_trial",
  "trial_index": 76,
  "parameters": {
    "alpha": 0.0217862685764495,
    "gamma": 0.03262100503698311,
    "target_final_epsilon": 0.0508278184211976,
    "risk_t1": 175.214912,
    "risk_window": 758.004,
    "epsilon_min": 0.0508278184211976,
    "epsilon_decay": 0.9970251222765861
  },
  "training_episodes": 1000,
  "n_training_failures": 0,
  "best_training": {
    "episode": 934,
    "training_seed": 1146345,
    "total_reward": 1142.0
  },
  "last_training": {
    "episode": 999,
    "training_seed": 1211345,
    "total_reward": 365.0,
    "epsilon": 0.050979476129088055,
    "q_table_size": 24
  },
  "final_epsilon": 0.05082781842120032,
  "q_table_size": 24,
  "objective": "minimize -mean(total_reward); late_order_fraction is recorded for later composite objectives",
  "objective_mean": -120.2,
  "objective_std": 179.8399288256087,
  "total_reward_mean": 120.2,
  "total_reward_std": 179.8399288256087,
  "late_order_fraction_mean": 0.46181587871563023,
  "n_valid_replications": 10,
  "eval_replications": 10,
  "eval_seeds": [
    312345,
    313345,
    314345,
    315345,
    316345,
    317345,
    318345,
    319345,
    320345,
    321345
  ],
  "best_evaluation": {
    "replication": 0,
    "eval_seed": 312345,
    "total_reward": 448.0
  }
}