{
  "stage": "stage1_bo_trial",
  "trial_index": 12,
  "parameters": {
    "alpha": 0.08,
    "gamma": 0.8615441561345596,
    "target_final_epsilon": 0.006104316519518296,
    "risk_t1": 175.214912,
    "risk_window": 758.004,
    "epsilon_min": 0.006104316519518296,
    "epsilon_decay": 0.9949142174762067
  },
  "training_episodes": 1000,
  "n_training_failures": 0,
  "best_training": {
    "episode": 934,
    "training_seed": 1146345,
    "total_reward": 1122.0
  },
  "last_training": {
    "episode": 999,
    "training_seed": 1211345,
    "total_reward": 245.0,
    "epsilon": 0.0061355204421573144,
    "q_table_size": 24
  },
  "final_epsilon": 0.006104316519518296,
  "q_table_size": 24,
  "objective": "minimize -mean(total_reward); late_order_fraction is recorded for later composite objectives",
  "objective_mean": -112.2,
  "objective_std": 176.82181866374847,
  "total_reward_mean": 112.2,
  "total_reward_std": 176.82181866374847,
  "late_order_fraction_mean": 0.46317739422569487,
  "n_valid_replications": 10,
  "eval_replications": 10,
  "eval_seeds": [
    312345,
    313345,
    314345,
    315345,
    316345,
    317345,
    318345,
    319345,
    320345,
    321345
  ],
  "best_evaluation": {
    "replication": 0,
    "eval_seed": 312345,
    "total_reward": 508.0
  }
}