{
  "stage": "stage2_candidate",
  "candidate_rank": 3,
  "source_trial_index": 3,
  "parameters": {
    "alpha": 0.0176087525867857,
    "gamma": 0.9037317604012788,
    "target_final_epsilon": 0.0146770464587025,
    "risk_t1": 175.214912,
    "risk_window": 120.0,
    "epsilon_min": 0.0146770464587025,
    "epsilon_decay": 0.9995779420444327
  },
  "q_table_path": "/cfs/earth/scratch/freyfab2/BA/BA-Simulation-Optimization/RL/rl_tuning_hpc_fixed120/stage2/candidate_rank_03_trial_003/q_table.pkl",
  "training_episodes": 10000,
  "n_training_failures": 0,
  "best_training": {
    "episode": 9396,
    "training_seed": 9608345,
    "total_reward": 1376.0
  },
  "last_training": {
    "episode": 9999,
    "training_seed": 10211345,
    "total_reward": -33.0,
    "epsilon": 0.014683243638494839,
    "q_table_size": 26
  },
  "final_epsilon": 0.01467704645870368,
  "q_table_size": 26,
  "objective": "minimize -mean(total_reward); late_order_fraction is recorded for later composite objectives",
  "objective_mean": -238.16666666666666,
  "objective_std": 291.49638707565646,
  "total_reward_mean": 238.16666666666666,
  "total_reward_std": 291.49638707565646,
  "late_order_fraction_mean": 0.44179966745918037,
  "n_valid_replications": 30,
  "eval_replications": 30,
  "eval_seeds": [
    312345,
    313345,
    314345,
    315345,
    316345,
    317345,
    318345,
    319345,
    320345,
    321345,
    322345,
    323345,
    324345,
    325345,
    326345,
    327345,
    328345,
    329345,
    330345,
    331345,
    332345,
    333345,
    334345,
    335345,
    336345,
    337345,
    338345,
    339345,
    340345,
    341345
  ],
  "best_evaluation": {
    "replication": 26,
    "eval_seed": 338345,
    "total_reward": 763.0
  },
  "candidate_dir": "/cfs/earth/scratch/freyfab2/BA/BA-Simulation-Optimization/RL/rl_tuning_hpc_fixed120/stage2/candidate_rank_03_trial_003",
  "stage1_objective_mean": -342.2,
  "stage1_total_reward_mean": 342.2
}