{
  "stage": "stage1_bo_trial",
  "trial_index": 33,
  "parameters": {
    "alpha": 0.00757257950545542,
    "gamma": 0.44816573030611384,
    "target_final_epsilon": 0.03450326599827658,
    "risk_t1": 175.214912,
    "risk_window": 758.004,
    "epsilon_min": 0.03450326599827658,
    "epsilon_decay": 0.9966389596912594
  },
  "training_episodes": 1000,
  "n_training_failures": 0,
  "best_training": {
    "episode": 718,
    "training_seed": 930345,
    "total_reward": 1117.0
  },
  "last_training": {
    "episode": 999,
    "training_seed": 1211345,
    "total_reward": 505.0,
    "epsilon": 0.03461962394984604,
    "q_table_size": 25
  },
  "final_epsilon": 0.03450326599827716,
  "q_table_size": 25,
  "objective": "minimize -mean(total_reward); late_order_fraction is recorded for later composite objectives",
  "objective_mean": -110.2,
  "objective_std": 277.21664211707537,
  "total_reward_mean": 110.2,
  "total_reward_std": 277.21664211707537,
  "late_order_fraction_mean": 0.4635568951036905,
  "n_valid_replications": 10,
  "eval_replications": 10,
  "eval_seeds": [
    312345,
    313345,
    314345,
    315345,
    316345,
    317345,
    318345,
    319345,
    320345,
    321345
  ],
  "best_evaluation": {
    "replication": 0,
    "eval_seed": 312345,
    "total_reward": 628.0
  }
}