{
  "stage": "stage1_bo_trial",
  "trial_index": 69,
  "parameters": {
    "alpha": 0.023969852318100823,
    "gamma": 0.6001364788862343,
    "target_final_epsilon": 0.05463820353817861,
    "risk_t1": 175.214912,
    "risk_window": 758.004,
    "epsilon_min": 0.05463820353817861,
    "epsilon_decay": 0.9970971993544239
  },
  "training_episodes": 1000,
  "n_training_failures": 0,
  "best_training": {
    "episode": 718,
    "training_seed": 930345,
    "total_reward": 1117.0
  },
  "last_training": {
    "episode": 999,
    "training_seed": 1211345,
    "total_reward": 365.0,
    "epsilon": 0.05479726908625804,
    "q_table_size": 23
  },
  "final_epsilon": 0.05463820353817864,
  "q_table_size": 23,
  "objective": "minimize -mean(total_reward); late_order_fraction is recorded for later composite objectives",
  "objective_mean": -176.2,
  "objective_std": 148.21066088510636,
  "total_reward_mean": 176.2,
  "total_reward_std": 148.21066088510636,
  "late_order_fraction_mean": 0.45182415043086566,
  "n_valid_replications": 10,
  "eval_replications": 10,
  "eval_seeds": [
    312345,
    313345,
    314345,
    315345,
    316345,
    317345,
    318345,
    319345,
    320345,
    321345
  ],
  "best_evaluation": {
    "replication": 0,
    "eval_seed": 312345,
    "total_reward": 448.0
  }
}