{
  "stage": "stage1_bo_trial",
  "trial_index": 73,
  "parameters": {
    "alpha": 0.03234156356955164,
    "gamma": 0.0,
    "target_final_epsilon": 0.01574961793764996,
    "risk_t1": 175.214912,
    "risk_window": 758.004,
    "epsilon_min": 0.01574961793764996,
    "epsilon_decay": 0.9958576640681143
  },
  "training_episodes": 1000,
  "n_training_failures": 0,
  "best_training": {
    "episode": 126,
    "training_seed": 338345,
    "total_reward": 1203.0
  },
  "last_training": {
    "episode": 999,
    "training_seed": 1211345,
    "total_reward": 465.0,
    "epsilon": 0.015815129516915515,
    "q_table_size": 23
  },
  "final_epsilon": 0.01574961793765017,
  "q_table_size": 23,
  "objective": "minimize -mean(total_reward); late_order_fraction is recorded for later composite objectives",
  "objective_mean": -88.2,
  "objective_std": 251.02669180786333,
  "total_reward_mean": 88.2,
  "total_reward_std": 251.02669180786333,
  "late_order_fraction_mean": 0.46740700198126583,
  "n_valid_replications": 10,
  "eval_replications": 10,
  "eval_seeds": [
    312345,
    313345,
    314345,
    315345,
    316345,
    317345,
    318345,
    319345,
    320345,
    321345
  ],
  "best_evaluation": {
    "replication": 0,
    "eval_seed": 312345,
    "total_reward": 528.0
  }
}