{
  "stage": "stage1_bo_trial",
  "trial_index": 71,
  "parameters": {
    "alpha": 0.0023504041136282443,
    "gamma": 0.5134975711975053,
    "target_final_epsilon": 0.0161193942504096,
    "risk_t1": 175.214912,
    "risk_window": 120.0,
    "epsilon_min": 0.0161193942504096,
    "epsilon_decay": 0.995880775256684
  },
  "training_episodes": 1000,
  "n_training_failures": 0,
  "best_training": {
    "episode": 385,
    "training_seed": 597345,
    "total_reward": 1249.0
  },
  "last_training": {
    "episode": 999,
    "training_seed": 1211345,
    "total_reward": 565.0,
    "epsilon": 0.01618606830346269,
    "q_table_size": 23
  },
  "final_epsilon": 0.016119394250410063,
  "q_table_size": 23,
  "objective": "minimize -mean(total_reward); late_order_fraction is recorded for later composite objectives",
  "objective_mean": -330.2,
  "objective_std": 240.69381195018516,
  "total_reward_mean": 330.2,
  "total_reward_std": 240.69381195018516,
  "late_order_fraction_mean": 0.42418203543375077,
  "n_valid_replications": 10,
  "eval_replications": 10,
  "eval_seeds": [
    312345,
    313345,
    314345,
    315345,
    316345,
    317345,
    318345,
    319345,
    320345,
    321345
  ],
  "best_evaluation": {
    "replication": 0,
    "eval_seed": 312345,
    "total_reward": 848.0
  }
}