{
  "stage": "stage1_bo_trial",
  "trial_index": 89,
  "parameters": {
    "alpha": 0.05930400732319626,
    "gamma": 0.8,
    "target_final_epsilon": 0.025275773423160036,
    "risk_t1": 175.214912,
    "risk_window": 758.004,
    "epsilon_min": 0.025275773423160036,
    "epsilon_decay": 0.996328846308534
  },
  "training_episodes": 1000,
  "n_training_failures": 0,
  "best_training": {
    "episode": 126,
    "training_seed": 338345,
    "total_reward": 1203.0
  },
  "last_training": {
    "episode": 999,
    "training_seed": 1211345,
    "total_reward": 345.0,
    "epsilon": 0.025368906578191797,
    "q_table_size": 23
  },
  "final_epsilon": 0.025275773423160036,
  "q_table_size": 23,
  "objective": "minimize -mean(total_reward); late_order_fraction is recorded for later composite objectives",
  "objective_mean": -144.2,
  "objective_std": 194.55521923950877,
  "total_reward_mean": 144.2,
  "total_reward_std": 194.55521923950877,
  "late_order_fraction_mean": 0.45752983269981906,
  "n_valid_replications": 10,
  "eval_replications": 10,
  "eval_seeds": [
    312345,
    313345,
    314345,
    315345,
    316345,
    317345,
    318345,
    319345,
    320345,
    321345
  ],
  "best_evaluation": {
    "replication": 0,
    "eval_seed": 312345,
    "total_reward": 548.0
  }
}