{
  "stage": "stage1_bo_trial",
  "trial_index": 89,
  "parameters": {
    "alpha": 0.010355876248315334,
    "gamma": 0.95,
    "target_final_epsilon": 0.009188724135571081,
    "risk_t1": 175.214912,
    "risk_window": 758.004,
    "epsilon_min": 0.009188724135571081,
    "epsilon_decay": 0.995321201654593
  },
  "training_episodes": 1000,
  "n_training_failures": 0,
  "best_training": {
    "episode": 668,
    "training_seed": 880345,
    "total_reward": 1129.0
  },
  "last_training": {
    "episode": 999,
    "training_seed": 1211345,
    "total_reward": 345.0,
    "epsilon": 0.009231918420200188,
    "q_table_size": 24
  },
  "final_epsilon": 0.009188724135571081,
  "q_table_size": 24,
  "objective": "minimize -mean(total_reward); late_order_fraction is recorded for later composite objectives",
  "objective_mean": -168.2,
  "objective_std": 193.42802278884,
  "total_reward_mean": 168.2,
  "total_reward_std": 193.42802278884,
  "late_order_fraction_mean": 0.4532306930573718,
  "n_valid_replications": 10,
  "eval_replications": 10,
  "eval_seeds": [
    312345,
    313345,
    314345,
    315345,
    316345,
    317345,
    318345,
    319345,
    320345,
    321345
  ],
  "best_evaluation": {
    "replication": 0,
    "eval_seed": 312345,
    "total_reward": 548.0
  }
}