{
  "stage": "stage1_bo_trial",
  "trial_index": 4,
  "parameters": {
    "alpha": 0.03932132384274154,
    "gamma": 0.5389331917278468,
    "target_final_epsilon": 0.08447665728628637,
    "risk_t1": 175.214912,
    "risk_window": 758.004,
    "epsilon_min": 0.08447665728628637,
    "epsilon_decay": 0.9755900609902411
  },
  "training_episodes": 100,
  "n_training_failures": 0,
  "best_training": {
    "episode": 91,
    "training_seed": 303345,
    "total_reward": 1021.0
  },
  "last_training": {
    "episode": 99,
    "training_seed": 311345,
    "total_reward": -504.0,
    "epsilon": 0.08659032175926502,
    "q_table_size": 20
  },
  "final_epsilon": 0.08447665728628637,
  "q_table_size": 20,
  "objective": "minimize -mean(total_reward); late_order_fraction is recorded for later composite objectives",
  "objective_mean": -118.2,
  "objective_std": 111.04033301262905,
  "total_reward_mean": 118.2,
  "total_reward_std": 111.04033301262905,
  "late_order_fraction_mean": 0.4623178333531451,
  "n_valid_replications": 10,
  "eval_replications": 10,
  "eval_seeds": [
    312345,
    313345,
    314345,
    315345,
    316345,
    317345,
    318345,
    319345,
    320345,
    321345
  ],
  "best_evaluation": {
    "replication": 0,
    "eval_seed": 312345,
    "total_reward": 288.0
  }
}