{
  "stage": "stage1_bo_trial",
  "trial_index": 59,
  "parameters": {
    "alpha": 0.07794294686838148,
    "gamma": 0.18105137186718573,
    "target_final_epsilon": 0.08,
    "risk_t1": 175.214912,
    "risk_window": 758.004,
    "epsilon_min": 0.08,
    "epsilon_decay": 0.9974774583245799
  },
  "training_episodes": 1000,
  "n_training_failures": 0,
  "best_training": {
    "episode": 934,
    "training_seed": 1146345,
    "total_reward": 1182.0
  },
  "last_training": {
    "episode": 999,
    "training_seed": 1211345,
    "total_reward": 385.0,
    "epsilon": 0.08020231367871956,
    "q_table_size": 24
  },
  "final_epsilon": 0.08,
  "q_table_size": 24,
  "objective": "minimize -mean(total_reward); late_order_fraction is recorded for later composite objectives",
  "objective_mean": -224.2,
  "objective_std": 210.88849080866302,
  "total_reward_mean": 224.2,
  "total_reward_std": 210.88849080866302,
  "late_order_fraction_mean": 0.44341936831352957,
  "n_valid_replications": 10,
  "eval_replications": 10,
  "eval_seeds": [
    312345,
    313345,
    314345,
    315345,
    316345,
    317345,
    318345,
    319345,
    320345,
    321345
  ],
  "best_evaluation": {
    "replication": 3,
    "eval_seed": 315345,
    "total_reward": 574.0
  }
}