{
  "stage": "stage1_bo_trial",
  "trial_index": 15,
  "parameters": {
    "alpha": 0.029806639147696726,
    "gamma": 0.8,
    "target_final_epsilon": 0.04689767150997064,
    "risk_t1": 175.214912,
    "risk_window": 758.004,
    "epsilon_min": 0.04689767150997064,
    "epsilon_decay": 0.9969448891254885
  },
  "training_episodes": 1000,
  "n_training_failures": 0,
  "best_training": {
    "episode": 934,
    "training_seed": 1146345,
    "total_reward": 1202.0
  },
  "last_training": {
    "episode": 999,
    "training_seed": 1211345,
    "total_reward": 625.0,
    "epsilon": 0.04704138816651109,
    "q_table_size": 24
  },
  "final_epsilon": 0.04689767150997147,
  "q_table_size": 24,
  "objective": "minimize -mean(total_reward); late_order_fraction is recorded for later composite objectives",
  "objective_mean": -330.2,
  "objective_std": 221.80111211022665,
  "total_reward_mean": 330.2,
  "total_reward_std": 221.80111211022665,
  "late_order_fraction_mean": 0.42426076954992087,
  "n_valid_replications": 10,
  "eval_replications": 10,
  "eval_seeds": [
    312345,
    313345,
    314345,
    315345,
    316345,
    317345,
    318345,
    319345,
    320345,
    321345
  ],
  "best_evaluation": {
    "replication": 0,
    "eval_seed": 312345,
    "total_reward": 768.0
  }
}