{
  "stage": "stage1_bo_trial",
  "trial_index": 16,
  "parameters": {
    "alpha": 0.5847707358840799,
    "gamma": 0.2,
    "target_final_epsilon": 0.11756234573696134,
    "risk_t1": 104.30461134812349,
    "risk_window": 1512.6456762934074,
    "epsilon_min": 0.11756234573696134,
    "epsilon_decay": 0.9978615033649672
  },
  "training_episodes": 1000,
  "n_training_failures": 0,
  "best_training": {
    "episode": 598,
    "training_seed": 810345,
    "total_reward": 1015.0
  },
  "last_training": {
    "episode": 999,
    "training_seed": 1211345,
    "total_reward": 345.0,
    "epsilon": 0.11781429120226167,
    "q_table_size": 23
  },
  "final_epsilon": 0.11756234573696685,
  "q_table_size": 23,
  "objective": "minimize -mean(total_reward); late_order_fraction is recorded for later composite objectives",
  "objective_mean": -92.2,
  "objective_std": 200.56409338551993,
  "total_reward_mean": 92.2,
  "total_reward_std": 200.56409338551993,
  "late_order_fraction_mean": 0.4668802272008105,
  "n_valid_replications": 10,
  "eval_replications": 10,
  "eval_seeds": [
    312345,
    313345,
    314345,
    315345,
    316345,
    317345,
    318345,
    319345,
    320345,
    321345
  ],
  "best_evaluation": {
    "replication": 0,
    "eval_seed": 312345,
    "total_reward": 468.0
  }
}