{
  "stage": "stage1_bo_trial",
  "trial_index": 16,
  "parameters": {
    "alpha": 0.3045500499429461,
    "gamma": 0.5,
    "target_final_epsilon": 0.005,
    "risk_t1": 45.23032780856818,
    "risk_window": 742.2333747124421,
    "epsilon_min": 0.005,
    "epsilon_decay": 0.9947156939605025
  },
  "training_episodes": 1000,
  "n_training_failures": 0,
  "best_training": {
    "episode": 718,
    "training_seed": 930345,
    "total_reward": 957.0
  },
  "last_training": {
    "episode": 999,
    "training_seed": 1211345,
    "total_reward": 505.0,
    "epsilon": 0.005026561891360243,
    "q_table_size": 24
  },
  "final_epsilon": 0.005,
  "q_table_size": 24,
  "objective": "minimize -mean(total_reward); late_order_fraction is recorded for later composite objectives",
  "objective_mean": -82.2,
  "objective_std": 244.74785210724752,
  "total_reward_mean": 82.2,
  "total_reward_std": 244.74785210724752,
  "late_order_fraction_mean": 0.46863906550840684,
  "n_valid_replications": 10,
  "eval_replications": 10,
  "eval_seeds": [
    312345,
    313345,
    314345,
    315345,
    316345,
    317345,
    318345,
    319345,
    320345,
    321345
  ],
  "best_evaluation": {
    "replication": 0,
    "eval_seed": 312345,
    "total_reward": 448.0
  }
}