{
  "stage": "stage1_bo_trial",
  "trial_index": 56,
  "parameters": {
    "alpha": 0.08,
    "gamma": 0.8285832658984817,
    "target_final_epsilon": 0.008330022182657824,
    "risk_t1": 175.214912,
    "risk_window": 758.004,
    "epsilon_min": 0.008330022182657824,
    "epsilon_decay": 0.9952235545105208
  },
  "training_episodes": 1000,
  "n_training_failures": 0,
  "best_training": {
    "episode": 518,
    "training_seed": 730345,
    "total_reward": 1129.0
  },
  "last_training": {
    "episode": 999,
    "training_seed": 1211345,
    "total_reward": 385.0,
    "epsilon": 0.008370001036354852,
    "q_table_size": 24
  },
  "final_epsilon": 0.008330022182657824,
  "q_table_size": 24,
  "objective": "minimize -mean(total_reward); late_order_fraction is recorded for later composite objectives",
  "objective_mean": -148.2,
  "objective_std": 192.13698816787524,
  "total_reward_mean": 148.2,
  "total_reward_std": 192.13698816787524,
  "late_order_fraction_mean": 0.45688866068939155,
  "n_valid_replications": 10,
  "eval_replications": 10,
  "eval_seeds": [
    312345,
    313345,
    314345,
    315345,
    316345,
    317345,
    318345,
    319345,
    320345,
    321345
  ],
  "best_evaluation": {
    "replication": 0,
    "eval_seed": 312345,
    "total_reward": 568.0
  }
}