{
  "stage": "stage1_bo_trial",
  "trial_index": 56,
  "parameters": {
    "alpha": 0.015327346801411472,
    "gamma": 0.01,
    "target_final_epsilon": 0.025093347578713652,
    "risk_t1": 175.214912,
    "risk_window": 758.004,
    "epsilon_min": 0.025093347578713652,
    "epsilon_decay": 0.9963216293365498
  },
  "training_episodes": 1000,
  "n_training_failures": 0,
  "best_training": {
    "episode": 934,
    "training_seed": 1146345,
    "total_reward": 1122.0
  },
  "last_training": {
    "episode": 999,
    "training_seed": 1211345,
    "total_reward": 465.0,
    "epsilon": 0.025185990989097195,
    "q_table_size": 23
  },
  "final_epsilon": 0.025093347578713652,
  "q_table_size": 23,
  "objective": "minimize -mean(total_reward); late_order_fraction is recorded for later composite objectives",
  "objective_mean": -196.2,
  "objective_std": 194.32435656797003,
  "total_reward_mean": 196.2,
  "total_reward_std": 194.32435656797003,
  "late_order_fraction_mean": 0.44816149707841435,
  "n_valid_replications": 10,
  "eval_replications": 10,
  "eval_seeds": [
    312345,
    313345,
    314345,
    315345,
    316345,
    317345,
    318345,
    319345,
    320345,
    321345
  ],
  "best_evaluation": {
    "replication": 0,
    "eval_seed": 312345,
    "total_reward": 528.0
  }
}