{
  "stage": "stage1_bo_trial",
  "trial_index": 9,
  "parameters": {
    "alpha": 0.020480062288867385,
    "gamma": 0.8,
    "target_final_epsilon": 0.02606833456282022,
    "risk_t1": 175.214912,
    "risk_window": 758.004,
    "epsilon_min": 0.02606833456282022,
    "epsilon_decay": 0.9963596084144932
  },
  "training_episodes": 1000,
  "n_training_failures": 0,
  "best_training": {
    "episode": 934,
    "training_seed": 1146345,
    "total_reward": 1142.0
  },
  "last_training": {
    "episode": 999,
    "training_seed": 1211345,
    "total_reward": 505.0,
    "epsilon": 0.026163580240172964,
    "q_table_size": 25
  },
  "final_epsilon": 0.02606833456282022,
  "q_table_size": 25,
  "objective": "minimize -mean(total_reward); late_order_fraction is recorded for later composite objectives",
  "objective_mean": -94.2,
  "objective_std": 255.2701401348079,
  "total_reward_mean": 94.2,
  "total_reward_std": 255.2701401348079,
  "late_order_fraction_mean": 0.46644795801033456,
  "n_valid_replications": 10,
  "eval_replications": 10,
  "eval_seeds": [
    312345,
    313345,
    314345,
    315345,
    316345,
    317345,
    318345,
    319345,
    320345,
    321345
  ],
  "best_evaluation": {
    "replication": 0,
    "eval_seed": 312345,
    "total_reward": 528.0
  }
}