{
  "stage": "stage1_bo_trial",
  "trial_index": 19,
  "parameters": {
    "alpha": 0.2331237738279895,
    "gamma": 0.5,
    "target_final_epsilon": 0.08902844204295461,
    "risk_t1": 191.61354042117736,
    "risk_window": 348.89914827459165,
    "epsilon_min": 0.08902844204295461,
    "epsilon_decay": 0.9975841235513084
  },
  "training_episodes": 1000,
  "n_training_failures": 0,
  "best_training": {
    "episode": 518,
    "training_seed": 730345,
    "total_reward": 1089.0
  },
  "last_training": {
    "episode": 999,
    "training_seed": 1211345,
    "total_reward": 465.0,
    "epsilon": 0.08924404462855624,
    "q_table_size": 24
  },
  "final_epsilon": 0.08902844204295461,
  "q_table_size": 24,
  "objective": "minimize -mean(total_reward); late_order_fraction is recorded for later composite objectives",
  "objective_mean": -154.2,
  "objective_std": 295.519429705279,
  "total_reward_mean": 154.2,
  "total_reward_std": 295.519429705279,
  "late_order_fraction_mean": 0.4555908559233993,
  "n_valid_replications": 10,
  "eval_replications": 10,
  "eval_seeds": [
    312345,
    313345,
    314345,
    315345,
    316345,
    317345,
    318345,
    319345,
    320345,
    321345
  ],
  "best_evaluation": {
    "replication": 0,
    "eval_seed": 312345,
    "total_reward": 768.0
  }
}