{
  "stage": "stage1_bo_trial",
  "trial_index": 22,
  "parameters": {
    "alpha": 0.014206773421471973,
    "gamma": 0.2549216997369373,
    "target_final_epsilon": 0.004553973728994452,
    "risk_t1": 175.214912,
    "risk_window": 758.004,
    "epsilon_min": 0.004553973728994452,
    "epsilon_decay": 0.994622754342492
  },
  "training_episodes": 1000,
  "n_training_failures": 0,
  "best_training": {
    "episode": 633,
    "training_seed": 845345,
    "total_reward": 1147.0
  },
  "last_training": {
    "episode": 999,
    "training_seed": 1211345,
    "total_reward": 485.0,
    "epsilon": 0.004578593953448369,
    "q_table_size": 24
  },
  "final_epsilon": 0.004553973728994696,
  "q_table_size": 24,
  "objective": "minimize -mean(total_reward); late_order_fraction is recorded for later composite objectives",
  "objective_mean": -88.2,
  "objective_std": 259.95931305580194,
  "total_reward_mean": 88.2,
  "total_reward_std": 259.95931305580194,
  "late_order_fraction_mean": 0.4674017115773249,
  "n_valid_replications": 10,
  "eval_replications": 10,
  "eval_seeds": [
    312345,
    313345,
    314345,
    315345,
    316345,
    317345,
    318345,
    319345,
    320345,
    321345
  ],
  "best_evaluation": {
    "replication": 0,
    "eval_seed": 312345,
    "total_reward": 608.0
  }
}