{
  "method": "random_search",
  "run_index": 18,
  "best_parameters": {
    "preparation_capacity": 2,
    "sorting_capacity": 2,
    "analysis1_capacity": 2,
    "analysis2_capacity": 1,
    "evaluation_capacity": 4,
    "dispatching_capacity": 5,
    "worker_capacity": 3
  },
  "best_objective": 2.014775195247094,
  "aggregated_kpis": {
    "n_orders_completed_mean": 622.7333333333333,
    "n_orders_in_date_mean": 420.23333333333335,
    "n_orders_late_mean": 202.5,
    "n_orders_created_mean": 992.2333333333333,
    "n_orders_incomplete_mean": 369.5,
    "late_order_fraction_mean": 0.3256250722902057,
    "time_in_system_mean_mean": 272.6149100108571,
    "time_in_system_std_mean": 147.31503480071854,
    "wip_time_in_system_mean_mean": 263.33868387946126,
    "wip_time_in_system_std_mean": 151.51648193536053,
    "wip_time_in_system_min_mean": 1.5131378084164757,
    "wip_time_in_system_max_mean": 531.1673557675894,
    "wip_mean_mean": 185.99464668361367,
    "work_in_progress_mean_mean": 185.99464668361367,
    "completed_norm_mean": 0.6284986171195658,
    "late_total_norm_mean": 0.5745275418113752,
    "on_time_loss_norm_mean": 0.5745275418113752,
    "station_capacity_norm_mean": 0.4166666666666666,
    "worker_capacity_norm_mean": 0.22222222222222224,
    "time_in_system_mean_norm_mean": 0.7572636389190475,
    "time_in_system_std_norm_mean": 0.40920843000199597,
    "objective_completed_contribution_mean": -0.219974515991848,
    "objective_late_contribution_mean": 0.45962203344910013,
    "objective_station_capacity_contribution_mean": 1.25,
    "objective_worker_capacity_contribution_mean": 0.22222222222222224,
    "objective_time_mean_contribution_mean": 0.302905455567619,
    "objective_time_std_contribution_mean": 0.0
  }
}