{
  "stage": "stage2_candidate",
  "candidate_rank": 1,
  "source_trial_index": 2,
  "parameters": {
    "alpha": 0.4687951052188873,
    "gamma": 0.8330836376268417,
    "epsilon_decay": 0.9997092041088268,
    "epsilon_min": 0.0488349497038871,
    "risk_t1": 94.69089651480316,
    "risk_window": 269.9492330197245
  },
  "q_table_path": "C:\\Workspace ZHAW\\6. Semester\\BA\\BA-Simulation-Optimization\\RL\\rl_tuning_laptop\\stage2\\candidate_rank_01_trial_002\\q_table.pkl",
  "training_episodes": 1000,
  "n_training_failures": 0,
  "best_training": {
    "episode": 518,
    "training_seed": 730345,
    "total_reward": 1009.0
  },
  "last_training": {
    "episode": 999,
    "training_seed": 1211345,
    "total_reward": 145.0,
    "epsilon": 0.7478541233274837,
    "q_table_size": 23
  },
  "final_epsilon": 0.7476366504212231,
  "q_table_size": 23,
  "objective": "minimize -mean(total_reward); late_order_fraction is recorded for later composite objectives",
  "objective_mean": -62.2,
  "objective_std": 201.316114053937,
  "total_reward_mean": 62.2,
  "total_reward_std": 201.316114053937,
  "late_order_fraction_mean": 0.47227877711385335,
  "n_valid_replications": 10,
  "eval_replications": 10,
  "eval_seeds": [
    312345,
    313345,
    314345,
    315345,
    316345,
    317345,
    318345,
    319345,
    320345,
    321345
  ],
  "best_evaluation": {
    "replication": 0,
    "eval_seed": 312345,
    "total_reward": 408.0
  }
}