{
  "stage": "stage1_bo_trial",
  "trial_index": 57,
  "parameters": {
    "alpha": 0.025557821832717178,
    "gamma": 0.8,
    "target_final_epsilon": 0.015497824415461681,
    "risk_t1": 175.214912,
    "risk_window": 758.004,
    "epsilon_min": 0.015497824415461681,
    "epsilon_decay": 0.9958416145039396
  },
  "training_episodes": 1000,
  "n_training_failures": 0,
  "best_training": {
    "episode": 518,
    "training_seed": 730345,
    "total_reward": 1329.0
  },
  "last_training": {
    "episode": 999,
    "training_seed": 1211345,
    "total_reward": 605.0,
    "epsilon": 0.015562539453807433,
    "q_table_size": 25
  },
  "final_epsilon": 0.015497824415461681,
  "q_table_size": 25,
  "objective": "minimize -mean(total_reward); late_order_fraction is recorded for later composite objectives",
  "objective_mean": -306.2,
  "objective_std": 227.85414437993248,
  "total_reward_mean": 306.2,
  "total_reward_std": 227.85414437993248,
  "late_order_fraction_mean": 0.42850465305245516,
  "n_valid_replications": 10,
  "eval_replications": 10,
  "eval_seeds": [
    312345,
    313345,
    314345,
    315345,
    316345,
    317345,
    318345,
    319345,
    320345,
    321345
  ],
  "best_evaluation": {
    "replication": 0,
    "eval_seed": 312345,
    "total_reward": 768.0
  }
}