{
  "stage": "stage1_bo_trial",
  "trial_index": 15,
  "parameters": {
    "alpha": 0.05048303830604676,
    "gamma": 0.8742285107821014,
    "target_final_epsilon": 0.06380756084492463,
    "risk_t1": 175.214912,
    "risk_window": 758.004,
    "epsilon_min": 0.06380756084492463,
    "epsilon_decay": 0.9972518993736419
  },
  "training_episodes": 1000,
  "n_training_failures": 0,
  "best_training": {
    "episode": 385,
    "training_seed": 597345,
    "total_reward": 1069.0
  },
  "last_training": {
    "episode": 999,
    "training_seed": 1211345,
    "total_reward": 365.0,
    "epsilon": 0.0639833936490916,
    "q_table_size": 24
  },
  "final_epsilon": 0.06380756084492802,
  "q_table_size": 24,
  "objective": "minimize -mean(total_reward); late_order_fraction is recorded for later composite objectives",
  "objective_mean": -104.2,
  "objective_std": 154.39689116041166,
  "total_reward_mean": 104.2,
  "total_reward_std": 154.39689116041166,
  "late_order_fraction_mean": 0.46472776659457055,
  "n_valid_replications": 10,
  "eval_replications": 10,
  "eval_seeds": [
    312345,
    313345,
    314345,
    315345,
    316345,
    317345,
    318345,
    319345,
    320345,
    321345
  ],
  "best_evaluation": {
    "replication": 0,
    "eval_seed": 312345,
    "total_reward": 408.0
  }
}