{
  "stage": "stage1_bo_trial",
  "trial_index": 80,
  "parameters": {
    "alpha": 0.003944940450287086,
    "gamma": 0.8,
    "target_final_epsilon": 0.018448941462105087,
    "risk_t1": 175.214912,
    "risk_window": 758.004,
    "epsilon_min": 0.018448941462105087,
    "epsilon_decay": 0.9960152121377814
  },
  "training_episodes": 1000,
  "n_training_failures": 0,
  "best_training": {
    "episode": 126,
    "training_seed": 338345,
    "total_reward": 1183.0
  },
  "last_training": {
    "episode": 999,
    "training_seed": 1211345,
    "total_reward": 325.0,
    "epsilon": 0.018522750694246148,
    "q_table_size": 24
  },
  "final_epsilon": 0.018448941462105087,
  "q_table_size": 24,
  "objective": "minimize -mean(total_reward); late_order_fraction is recorded for later composite objectives",
  "objective_mean": -250.2,
  "objective_std": 234.8052621026861,
  "total_reward_mean": 250.2,
  "total_reward_std": 234.8052621026861,
  "late_order_fraction_mean": 0.4387345306096039,
  "n_valid_replications": 10,
  "eval_replications": 10,
  "eval_seeds": [
    312345,
    313345,
    314345,
    315345,
    316345,
    317345,
    318345,
    319345,
    320345,
    321345
  ],
  "best_evaluation": {
    "replication": 3,
    "eval_seed": 315345,
    "total_reward": 574.0
  }
}