{
  "stage": "stage1_bo_trial",
  "trial_index": 60,
  "parameters": {
    "alpha": 0.007791541707110884,
    "gamma": 0.8218237301706276,
    "target_final_epsilon": 0.029201073386881358,
    "risk_t1": 175.214912,
    "risk_window": 758.004,
    "epsilon_min": 0.029201073386881358,
    "epsilon_decay": 0.9964726858297622
  },
  "training_episodes": 1000,
  "n_training_failures": 0,
  "best_training": {
    "episode": 518,
    "training_seed": 730345,
    "total_reward": 1149.0
  },
  "last_training": {
    "episode": 999,
    "training_seed": 1211345,
    "total_reward": 485.0,
    "epsilon": 0.029304439351054447,
    "q_table_size": 23
  },
  "final_epsilon": 0.029201073386881358,
  "q_table_size": 23,
  "objective": "minimize -mean(total_reward); late_order_fraction is recorded for later composite objectives",
  "objective_mean": -114.2,
  "objective_std": 262.48081411367536,
  "total_reward_mean": 114.2,
  "total_reward_std": 262.48081411367536,
  "late_order_fraction_mean": 0.4628024205534696,
  "n_valid_replications": 10,
  "eval_replications": 10,
  "eval_seeds": [
    312345,
    313345,
    314345,
    315345,
    316345,
    317345,
    318345,
    319345,
    320345,
    321345
  ],
  "best_evaluation": {
    "replication": 0,
    "eval_seed": 312345,
    "total_reward": 608.0
  }
}