{
  "stage": "stage1_bo_trial",
  "trial_index": 18,
  "parameters": {
    "alpha": 0.01588451885861277,
    "gamma": 0.2,
    "target_final_epsilon": 0.017305280593982994,
    "risk_t1": 175.214912,
    "risk_window": 758.004,
    "epsilon_min": 0.017305280593982994,
    "epsilon_decay": 0.9959514738810501
  },
  "training_episodes": 1000,
  "n_training_failures": 0,
  "best_training": {
    "episode": 518,
    "training_seed": 730345,
    "total_reward": 1209.0
  },
  "last_training": {
    "episode": 999,
    "training_seed": 1211345,
    "total_reward": 565.0,
    "epsilon": 0.0173756262707739,
    "q_table_size": 23
  },
  "final_epsilon": 0.01730528059398356,
  "q_table_size": 23,
  "objective": "minimize -mean(total_reward); late_order_fraction is recorded for later composite objectives",
  "objective_mean": -342.2,
  "objective_std": 237.41047435472035,
  "total_reward_mean": 342.2,
  "total_reward_std": 237.41047435472035,
  "late_order_fraction_mean": 0.42202676708031495,
  "n_valid_replications": 10,
  "eval_replications": 10,
  "eval_seeds": [
    312345,
    313345,
    314345,
    315345,
    316345,
    317345,
    318345,
    319345,
    320345,
    321345
  ],
  "best_evaluation": {
    "replication": 0,
    "eval_seed": 312345,
    "total_reward": 868.0
  }
}