{
  "stage": "stage1_bo_trial",
  "trial_index": 79,
  "parameters": {
    "alpha": 0.010067592674652218,
    "gamma": 0.95,
    "target_final_epsilon": 0.00441407105193561,
    "risk_t1": 175.214912,
    "risk_window": 758.004,
    "epsilon_min": 0.00441407105193561,
    "epsilon_decay": 0.9945917198175717
  },
  "training_episodes": 1000,
  "n_training_failures": 0,
  "best_training": {
    "episode": 385,
    "training_seed": 597345,
    "total_reward": 1189.0
  },
  "last_training": {
    "episode": 999,
    "training_seed": 1211345,
    "total_reward": 565.0,
    "epsilon": 0.00443807339633322,
    "q_table_size": 25
  },
  "final_epsilon": 0.004414071051935669,
  "q_table_size": 25,
  "objective": "minimize -mean(total_reward); late_order_fraction is recorded for later composite objectives",
  "objective_mean": -346.2,
  "objective_std": 239.83735229433208,
  "total_reward_mean": 346.2,
  "total_reward_std": 239.83735229433208,
  "late_order_fraction_mean": 0.4213352959098674,
  "n_valid_replications": 10,
  "eval_replications": 10,
  "eval_seeds": [
    312345,
    313345,
    314345,
    315345,
    316345,
    317345,
    318345,
    319345,
    320345,
    321345
  ],
  "best_evaluation": {
    "replication": 0,
    "eval_seed": 312345,
    "total_reward": 868.0
  }
}