{
  "stage": "stage1_bo_trial",
  "trial_index": 9,
  "parameters": {
    "alpha": 0.012122961167512799,
    "gamma": 0.744244208169389,
    "target_final_epsilon": 0.019019442028463333,
    "risk_t1": 175.214912,
    "risk_window": 120.0,
    "epsilon_min": 0.019019442028463333,
    "epsilon_decay": 0.9960455459691954
  },
  "training_episodes": 1000,
  "n_training_failures": 0,
  "best_training": {
    "episode": 126,
    "training_seed": 338345,
    "total_reward": 1183.0
  },
  "last_training": {
    "episode": 999,
    "training_seed": 1211345,
    "total_reward": 505.0,
    "epsilon": 0.019094952138918105,
    "q_table_size": 24
  },
  "final_epsilon": 0.01901944202846434,
  "q_table_size": 24,
  "objective": "minimize -mean(total_reward); late_order_fraction is recorded for later composite objectives",
  "objective_mean": -120.2,
  "objective_std": 237.56206206659627,
  "total_reward_mean": 120.2,
  "total_reward_std": 237.56206206659627,
  "late_order_fraction_mean": 0.4618193300423118,
  "n_valid_replications": 10,
  "eval_replications": 10,
  "eval_seeds": [
    312345,
    313345,
    314345,
    315345,
    316345,
    317345,
    318345,
    319345,
    320345,
    321345
  ],
  "best_evaluation": {
    "replication": 0,
    "eval_seed": 312345,
    "total_reward": 508.0
  }
}