{
  "stage": "stage1_bo_trial",
  "trial_index": 33,
  "parameters": {
    "alpha": 0.06720709007727924,
    "gamma": 0.900944001979459,
    "target_final_epsilon": 0.025768634003277995,
    "risk_t1": 175.214912,
    "risk_window": 758.004,
    "epsilon_min": 0.025768634003277995,
    "epsilon_decay": 0.9963480872495333
  },
  "training_episodes": 1000,
  "n_training_failures": 0,
  "best_training": {
    "episode": 126,
    "training_seed": 338345,
    "total_reward": 1243.0
  },
  "last_training": {
    "episode": 999,
    "training_seed": 1211345,
    "total_reward": 385.0,
    "epsilon": 0.0258630837285124,
    "q_table_size": 24
  },
  "final_epsilon": 0.025768634003277995,
  "q_table_size": 24,
  "objective": "minimize -mean(total_reward); late_order_fraction is recorded for later composite objectives",
  "objective_mean": -112.2,
  "objective_std": 229.170872688675,
  "total_reward_mean": 112.2,
  "total_reward_std": 229.170872688675,
  "late_order_fraction_mean": 0.46327654969658,
  "n_valid_replications": 10,
  "eval_replications": 10,
  "eval_seeds": [
    312345,
    313345,
    314345,
    315345,
    316345,
    317345,
    318345,
    319345,
    320345,
    321345
  ],
  "best_evaluation": {
    "replication": 0,
    "eval_seed": 312345,
    "total_reward": 568.0
  }
}