{
  "stage": "stage1_bo_trial",
  "trial_index": 11,
  "parameters": {
    "alpha": 0.6964608898248177,
    "gamma": 0.2,
    "target_final_epsilon": 0.07704615561154772,
    "risk_t1": 114.14126661986965,
    "risk_window": 1322.9305873624364,
    "epsilon_min": 0.07704615561154772,
    "epsilon_decay": 0.974692242887866
  },
  "training_episodes": 100,
  "n_training_failures": 0,
  "best_training": {
    "episode": 91,
    "training_seed": 303345,
    "total_reward": 861.0
  },
  "last_training": {
    "episode": 99,
    "training_seed": 311345,
    "total_reward": -204.0,
    "epsilon": 0.0790466490050966,
    "q_table_size": 20
  },
  "final_epsilon": 0.07704615561154772,
  "q_table_size": 20,
  "objective": "minimize -mean(total_reward); late_order_fraction is recorded for later composite objectives",
  "objective_mean": -50.2,
  "objective_std": 231.37309936790643,
  "total_reward_mean": 50.2,
  "total_reward_std": 231.37309936790643,
  "late_order_fraction_mean": 0.47422615934463347,
  "n_valid_replications": 10,
  "eval_replications": 10,
  "eval_seeds": [
    312345,
    313345,
    314345,
    315345,
    316345,
    317345,
    318345,
    319345,
    320345,
    321345
  ],
  "best_evaluation": {
    "replication": 0,
    "eval_seed": 312345,
    "total_reward": 428.0
  }
}