{
  "stage": "stage1_bo_trial",
  "trial_index": 42,
  "parameters": {
    "alpha": 0.013886388736500147,
    "gamma": 0.2,
    "target_final_epsilon": 0.025335485831625124,
    "risk_t1": 175.214912,
    "risk_window": 758.004,
    "epsilon_min": 0.025335485831625124,
    "epsilon_decay": 0.9963311972989544
  },
  "training_episodes": 1000,
  "n_training_failures": 0,
  "best_training": {
    "episode": 518,
    "training_seed": 730345,
    "total_reward": 1089.0
  },
  "last_training": {
    "episode": 999,
    "training_seed": 1211345,
    "total_reward": 505.0,
    "epsilon": 0.025428779004722877,
    "q_table_size": 23
  },
  "final_epsilon": 0.025335485831626058,
  "q_table_size": 23,
  "objective": "minimize -mean(total_reward); late_order_fraction is recorded for later composite objectives",
  "objective_mean": -104.2,
  "objective_std": 259.80026516109984,
  "total_reward_mean": 104.2,
  "total_reward_std": 259.80026516109984,
  "late_order_fraction_mean": 0.46463953972535366,
  "n_valid_replications": 10,
  "eval_replications": 10,
  "eval_seeds": [
    312345,
    313345,
    314345,
    315345,
    316345,
    317345,
    318345,
    319345,
    320345,
    321345
  ],
  "best_evaluation": {
    "replication": 0,
    "eval_seed": 312345,
    "total_reward": 528.0
  }
}