{
  "stage": "stage1_bo_trial",
  "trial_index": 2,
  "parameters": {
    "alpha": 0.07094898766577244,
    "gamma": 0.06588333807885648,
    "target_final_epsilon": 0.04927588627161458,
    "risk_t1": 175.214912,
    "risk_window": 758.004,
    "epsilon_min": 0.04927588627161458,
    "epsilon_decay": 0.9703453844687252
  },
  "training_episodes": 100,
  "n_training_failures": 0,
  "best_training": {
    "episode": 91,
    "training_seed": 303345,
    "total_reward": 1161.0
  },
  "last_training": {
    "episode": 99,
    "training_seed": 311345,
    "total_reward": -204.0,
    "epsilon": 0.05078180105797441,
    "q_table_size": 20
  },
  "final_epsilon": 0.04927588627161458,
  "q_table_size": 20,
  "objective": "minimize -mean(total_reward); late_order_fraction is recorded for later composite objectives",
  "objective_mean": -216.2,
  "objective_std": 197.88256899260006,
  "total_reward_mean": 216.2,
  "total_reward_std": 197.88256899260006,
  "late_order_fraction_mean": 0.4447811390910365,
  "n_valid_replications": 10,
  "eval_replications": 10,
  "eval_seeds": [
    312345,
    313345,
    314345,
    315345,
    316345,
    317345,
    318345,
    319345,
    320345,
    321345
  ],
  "best_evaluation": {
    "replication": 5,
    "eval_seed": 317345,
    "total_reward": 440.0
  }
}