{
  "stage": "stage1_bo_trial",
  "trial_index": 85,
  "parameters": {
    "alpha": 0.0174840529321543,
    "gamma": 0.9417929392500615,
    "target_final_epsilon": 0.016003246029243585,
    "risk_t1": 175.214912,
    "risk_window": 120.0,
    "epsilon_min": 0.016003246029243585,
    "epsilon_decay": 0.9958735734908651
  },
  "training_episodes": 1000,
  "n_training_failures": 0,
  "best_training": {
    "episode": 934,
    "training_seed": 1146345,
    "total_reward": 1162.0
  },
  "last_training": {
    "episode": 999,
    "training_seed": 1211345,
    "total_reward": 505.0,
    "epsilon": 0.016069555870577578,
    "q_table_size": 24
  },
  "final_epsilon": 0.016003246029243585,
  "q_table_size": 24,
  "objective": "minimize -mean(total_reward); late_order_fraction is recorded for later composite objectives",
  "objective_mean": -104.2,
  "objective_std": 289.60233271006484,
  "total_reward_mean": 104.2,
  "total_reward_std": 289.60233271006484,
  "late_order_fraction_mean": 0.46461942581316806,
  "n_valid_replications": 10,
  "eval_replications": 10,
  "eval_seeds": [
    312345,
    313345,
    314345,
    315345,
    316345,
    317345,
    318345,
    319345,
    320345,
    321345
  ],
  "best_evaluation": {
    "replication": 0,
    "eval_seed": 312345,
    "total_reward": 628.0
  }
}