{
  "method": "bo",
  "run_index": 9,
  "best_parameters": {
    "preparation_capacity": 1,
    "sorting_capacity": 1,
    "analysis1_capacity": 1,
    "analysis2_capacity": 1,
    "evaluation_capacity": 1,
    "dispatching_capacity": 1,
    "worker_capacity": 1
  },
  "best_objective": 1.142139155603519,
  "aggregated_kpis": {
    "n_orders_completed_mean": 229.3,
    "n_orders_in_date_mean": 87.9,
    "n_orders_late_mean": 141.4,
    "n_orders_created_mean": 1000.7333333333333,
    "n_orders_incomplete_mean": 771.4333333333333,
    "late_order_fraction_mean": 0.5298314160207229,
    "time_in_system_mean_mean": 443.56731135458284,
    "time_in_system_std_mean": 245.92298113058135,
    "wip_time_in_system_mean_mean": 554.5331072843272,
    "wip_time_in_system_std_mean": 322.27276770562753,
    "wip_time_in_system_min_mean": 1.304087922662696,
    "wip_time_in_system_max_mean": 1116.0506123675884,
    "wip_mean_mean": 380.59106323250126,
    "work_in_progress_mean_mean": 380.59106323250126,
    "completed_norm_mean": 0.22962120915938414,
    "late_total_norm_mean": 0.9120675132969306,
    "on_time_loss_norm_mean": 0.9120675132969306,
    "station_capacity_norm_mean": 0.0,
    "worker_capacity_norm_mean": 0.0,
    "time_in_system_mean_norm_mean": 1.232131420429397,
    "time_in_system_std_norm_mean": 0.6831193920293928,
    "objective_completed_contribution_mean": -0.08036742320578442,
    "objective_late_contribution_mean": 0.7296540106375445,
    "objective_station_capacity_contribution_mean": 0.0,
    "objective_worker_capacity_contribution_mean": 0.0,
    "objective_time_mean_contribution_mean": 0.4928525681717588,
    "objective_time_std_contribution_mean": 0.0
  }
}