{
  "stage": "stage1_bo_trial",
  "trial_index": 92,
  "parameters": {
    "alpha": 0.018609010986898215,
    "gamma": 0.01,
    "target_final_epsilon": 0.016605953914963095,
    "risk_t1": 175.214912,
    "risk_window": 758.004,
    "epsilon_min": 0.016605953914963095,
    "epsilon_decay": 0.9959103913407336
  },
  "training_episodes": 1000,
  "n_training_failures": 0,
  "best_training": {
    "episode": 934,
    "training_seed": 1146345,
    "total_reward": 1222.0
  },
  "last_training": {
    "episode": 999,
    "training_seed": 1211345,
    "total_reward": 485.0,
    "epsilon": 0.01667414464127364,
    "q_table_size": 23
  },
  "final_epsilon": 0.016605953914963095,
  "q_table_size": 23,
  "objective": "minimize -mean(total_reward); late_order_fraction is recorded for later composite objectives",
  "objective_mean": -112.2,
  "objective_std": 269.8463760487931,
  "total_reward_mean": 112.2,
  "total_reward_std": 269.8463760487931,
  "late_order_fraction_mean": 0.4631699526147771,
  "n_valid_replications": 10,
  "eval_replications": 10,
  "eval_seeds": [
    312345,
    313345,
    314345,
    315345,
    316345,
    317345,
    318345,
    319345,
    320345,
    321345
  ],
  "best_evaluation": {
    "replication": 0,
    "eval_seed": 312345,
    "total_reward": 608.0
  }
}