{
  "stage": "stage1_bo_trial",
  "trial_index": 92,
  "parameters": {
    "alpha": 0.009255617489146703,
    "gamma": 0.95,
    "target_final_epsilon": 0.015629466585862534,
    "risk_t1": 175.214912,
    "risk_window": 758.004,
    "epsilon_min": 0.015629466585862534,
    "epsilon_decay": 0.9958500377289171
  },
  "training_episodes": 1000,
  "n_training_failures": 0,
  "best_training": {
    "episode": 633,
    "training_seed": 845345,
    "total_reward": 1147.0
  },
  "last_training": {
    "episode": 999,
    "training_seed": 1211345,
    "total_reward": 605.0,
    "epsilon": 0.01569459857781991,
    "q_table_size": 23
  },
  "final_epsilon": 0.015629466585862534,
  "q_table_size": 23,
  "objective": "minimize -mean(total_reward); late_order_fraction is recorded for later composite objectives",
  "objective_mean": -284.2,
  "objective_std": 231.33083572138747,
  "total_reward_mean": 284.2,
  "total_reward_std": 231.33083572138747,
  "late_order_fraction_mean": 0.43247286976068555,
  "n_valid_replications": 10,
  "eval_replications": 10,
  "eval_seeds": [
    312345,
    313345,
    314345,
    315345,
    316345,
    317345,
    318345,
    319345,
    320345,
    321345
  ],
  "best_evaluation": {
    "replication": 0,
    "eval_seed": 312345,
    "total_reward": 748.0
  }
}