{
  "stage": "stage1_bo_trial",
  "trial_index": 7,
  "parameters": {
    "alpha": 0.0001,
    "gamma": 0.8,
    "target_final_epsilon": 0.03145260365322719,
    "risk_t1": 175.214912,
    "risk_window": 758.004,
    "epsilon_min": 0.03145260365322719,
    "epsilon_decay": 0.9965467028811074
  },
  "training_episodes": 1000,
  "n_training_failures": 0,
  "best_training": {
    "episode": 518,
    "training_seed": 730345,
    "total_reward": 1029.0
  },
  "last_training": {
    "episode": 999,
    "training_seed": 1211345,
    "total_reward": 125.0,
    "epsilon": 0.031561595219066235,
    "q_table_size": 23
  },
  "final_epsilon": 0.03145260365322858,
  "q_table_size": 23,
  "objective": "minimize -mean(total_reward); late_order_fraction is recorded for later composite objectives",
  "objective_mean": -56.2,
  "objective_std": 180.59703455175804,
  "total_reward_mean": 56.2,
  "total_reward_std": 180.59703455175804,
  "late_order_fraction_mean": 0.4732589942892722,
  "n_valid_replications": 10,
  "eval_replications": 10,
  "eval_seeds": [
    312345,
    313345,
    314345,
    315345,
    316345,
    317345,
    318345,
    319345,
    320345,
    321345
  ],
  "best_evaluation": {
    "replication": 0,
    "eval_seed": 312345,
    "total_reward": 508.0
  }
}