{
  "stage": "stage1_bo_trial",
  "trial_index": 7,
  "parameters": {
    "alpha": 0.15029605891089887,
    "gamma": 0.7893527592532337,
    "target_final_epsilon": 0.18722658827435223,
    "risk_t1": 46.39783926308155,
    "risk_window": 40.25010374374688,
    "epsilon_min": 0.18722658827435223,
    "epsilon_decay": 0.9983259670652176
  },
  "training_episodes": 1000,
  "n_training_failures": 0,
  "best_training": {
    "episode": 718,
    "training_seed": 930345,
    "total_reward": 857.0
  },
  "last_training": {
    "episode": 999,
    "training_seed": 1211345,
    "total_reward": 105.0,
    "epsilon": 0.18754053731041734,
    "q_table_size": 24
  },
  "final_epsilon": 0.1872265882743529,
  "q_table_size": 24,
  "objective": "minimize -mean(total_reward); late_order_fraction is recorded for later composite objectives",
  "objective_mean": -100.2,
  "objective_std": 203.42664525572846,
  "total_reward_mean": 100.2,
  "total_reward_std": 203.42664525572846,
  "late_order_fraction_mean": 0.46532919078396295,
  "n_valid_replications": 10,
  "eval_replications": 10,
  "eval_seeds": [
    312345,
    313345,
    314345,
    315345,
    316345,
    317345,
    318345,
    319345,
    320345,
    321345
  ],
  "best_evaluation": {
    "replication": 0,
    "eval_seed": 312345,
    "total_reward": 528.0
  }
}