{
  "stage": "stage1_bo_trial",
  "trial_index": 27,
  "parameters": {
    "alpha": 0.4588904745479507,
    "gamma": 0.95,
    "target_final_epsilon": 0.2120176154816699,
    "risk_t1": 165.95499070077642,
    "risk_window": 120.0,
    "epsilon_min": 0.2120176154816699,
    "epsilon_decay": 0.9846088146703293
  },
  "training_episodes": 100,
  "n_training_failures": 0,
  "best_training": {
    "episode": 91,
    "training_seed": 303345,
    "total_reward": 981.0
  },
  "last_training": {
    "episode": 99,
    "training_seed": 311345,
    "total_reward": -284.0,
    "epsilon": 0.21533182754682054,
    "q_table_size": 21
  },
  "final_epsilon": 0.21201761548167075,
  "q_table_size": 21,
  "objective": "minimize -mean(total_reward); late_order_fraction is recorded for later composite objectives",
  "objective_mean": -210.2,
  "objective_std": 251.30804470476733,
  "total_reward_mean": 210.2,
  "total_reward_std": 251.30804470476733,
  "late_order_fraction_mean": 0.4458693233313783,
  "n_valid_replications": 10,
  "eval_replications": 10,
  "eval_seeds": [
    312345,
    313345,
    314345,
    315345,
    316345,
    317345,
    318345,
    319345,
    320345,
    321345
  ],
  "best_evaluation": {
    "replication": 0,
    "eval_seed": 312345,
    "total_reward": 588.0
  }
}