{
  "stage": "stage1_bo_trial",
  "trial_index": 41,
  "parameters": {
    "alpha": 0.00631524382860451,
    "gamma": 0.3603401796912129,
    "target_final_epsilon": 0.032200715004111535,
    "risk_t1": 175.214912,
    "risk_window": 120.0,
    "epsilon_min": 0.032200715004111535,
    "epsilon_decay": 0.9965701288707793
  },
  "training_episodes": 1000,
  "n_training_failures": 0,
  "best_training": {
    "episode": 934,
    "training_seed": 1146345,
    "total_reward": 1162.0
  },
  "last_training": {
    "episode": 999,
    "training_seed": 1211345,
    "total_reward": 645.0,
    "epsilon": 0.03231153942031065,
    "q_table_size": 23
  },
  "final_epsilon": 0.03220071500411225,
  "q_table_size": 23,
  "objective": "minimize -mean(total_reward); late_order_fraction is recorded for later composite objectives",
  "objective_mean": -280.2,
  "objective_std": 240.46288694931698,
  "total_reward_mean": 280.2,
  "total_reward_std": 240.46288694931698,
  "late_order_fraction_mean": 0.4331868528854336,
  "n_valid_replications": 10,
  "eval_replications": 10,
  "eval_seeds": [
    312345,
    313345,
    314345,
    315345,
    316345,
    317345,
    318345,
    319345,
    320345,
    321345
  ],
  "best_evaluation": {
    "replication": 0,
    "eval_seed": 312345,
    "total_reward": 748.0
  }
}