{
  "method": "bo",
  "run_index": 13,
  "best_parameters": {
    "preparation_capacity": 1,
    "sorting_capacity": 2,
    "analysis1_capacity": 1,
    "analysis2_capacity": 1,
    "evaluation_capacity": 1,
    "dispatching_capacity": 1,
    "worker_capacity": 2
  },
  "best_objective": 1.1649215920339298,
  "aggregated_kpis": {
    "n_orders_completed_mean": 201.03333333333333,
    "n_orders_in_date_mean": 104.6,
    "n_orders_late_mean": 96.43333333333334,
    "n_orders_created_mean": 994.0,
    "n_orders_incomplete_mean": 792.9666666666667,
    "late_order_fraction_mean": 0.2927782469565832,
    "time_in_system_mean_mean": 256.2225732729208,
    "time_in_system_std_mean": 139.73707451385246,
    "wip_time_in_system_mean_mean": 573.9023946766999,
    "wip_time_in_system_std_mean": 331.2345212352606,
    "wip_time_in_system_min_mean": 1.2022662912070246,
    "wip_time_in_system_max_mean": 1148.704043471114,
    "wip_mean_mean": 378.9853513966216,
    "work_in_progress_mean_mean": 378.9853513966216,
    "completed_norm_mean": 0.20347460094040493,
    "late_total_norm_mean": 0.8941685539636713,
    "on_time_loss_norm_mean": 0.8941685539636713,
    "station_capacity_norm_mean": 0.04166666666666668,
    "worker_capacity_norm_mean": 0.11111111111111112,
    "time_in_system_mean_norm_mean": 0.7117293702025579,
    "time_in_system_std_norm_mean": 0.3881585403162569,
    "objective_completed_contribution_mean": -0.07121611032914173,
    "objective_late_contribution_mean": 0.7153348431709372,
    "objective_station_capacity_contribution_mean": 0.125,
    "objective_worker_capacity_contribution_mean": 0.11111111111111112,
    "objective_time_mean_contribution_mean": 0.2846917480810231,
    "objective_time_std_contribution_mean": 0.0
  }
}