{
  "stage": "stage1_bo_trial",
  "trial_index": 11,
  "parameters": {
    "alpha": 0.08,
    "gamma": 0.95,
    "target_final_epsilon": 0.024082105283554697,
    "risk_t1": 175.214912,
    "risk_window": 758.004,
    "epsilon_min": 0.024082105283554697,
    "epsilon_decay": 0.9962806477555535
  },
  "training_episodes": 1000,
  "n_training_failures": 0,
  "best_training": {
    "episode": 518,
    "training_seed": 730345,
    "total_reward": 1209.0
  },
  "last_training": {
    "episode": 999,
    "training_seed": 1211345,
    "total_reward": 245.0,
    "epsilon": 0.02417200950134697,
    "q_table_size": 24
  },
  "final_epsilon": 0.024082105283555352,
  "q_table_size": 24,
  "objective": "minimize -mean(total_reward); late_order_fraction is recorded for later composite objectives",
  "objective_mean": -122.2,
  "objective_std": 172.21227211400083,
  "total_reward_mean": 122.2,
  "total_reward_std": 172.21227211400083,
  "late_order_fraction_mean": 0.461517963084494,
  "n_valid_replications": 10,
  "eval_replications": 10,
  "eval_seeds": [
    312345,
    313345,
    314345,
    315345,
    316345,
    317345,
    318345,
    319345,
    320345,
    321345
  ],
  "best_evaluation": {
    "replication": 0,
    "eval_seed": 312345,
    "total_reward": 508.0
  }
}