{
  "stage": "stage1_bo_trial",
  "trial_index": 79,
  "parameters": {
    "alpha": 0.08,
    "gamma": 0.8,
    "target_final_epsilon": 0.07792343756677615,
    "risk_t1": 175.214912,
    "risk_window": 758.004,
    "epsilon_min": 0.07792343756677615,
    "epsilon_decay": 0.997451225152342
  },
  "training_episodes": 1000,
  "n_training_failures": 0,
  "best_training": {
    "episode": 718,
    "training_seed": 930345,
    "total_reward": 1097.0
  },
  "last_training": {
    "episode": 999,
    "training_seed": 1211345,
    "total_reward": 365.0,
    "epsilon": 0.07812255436838603,
    "q_table_size": 23
  },
  "final_epsilon": 0.07792343756677708,
  "q_table_size": 23,
  "objective": "minimize -mean(total_reward); late_order_fraction is recorded for later composite objectives",
  "objective_mean": -128.2,
  "objective_std": 165.5729446497827,
  "total_reward_mean": 128.2,
  "total_reward_std": 165.5729446497827,
  "late_order_fraction_mean": 0.460492583703113,
  "n_valid_replications": 10,
  "eval_replications": 10,
  "eval_seeds": [
    312345,
    313345,
    314345,
    315345,
    316345,
    317345,
    318345,
    319345,
    320345,
    321345
  ],
  "best_evaluation": {
    "replication": 0,
    "eval_seed": 312345,
    "total_reward": 408.0
  }
}