{
  "stage": "stage1_bo_trial",
  "trial_index": 57,
  "parameters": {
    "alpha": 0.07417783985315014,
    "gamma": 0.9198982650007255,
    "target_final_epsilon": 0.0048956334193570586,
    "risk_t1": 175.214912,
    "risk_window": 758.004,
    "epsilon_min": 0.0048956334193570586,
    "epsilon_decay": 0.9946947114067227
  },
  "training_episodes": 1000,
  "n_training_failures": 0,
  "best_training": {
    "episode": 718,
    "training_seed": 930345,
    "total_reward": 1057.0
  },
  "last_training": {
    "episode": 999,
    "training_seed": 1211345,
    "total_reward": 485.0,
    "epsilon": 0.004921744695348062,
    "q_table_size": 23
  },
  "final_epsilon": 0.0048956334193570586,
  "q_table_size": 23,
  "objective": "minimize -mean(total_reward); late_order_fraction is recorded for later composite objectives",
  "objective_mean": -108.2,
  "objective_std": 274.02546515890737,
  "total_reward_mean": 108.2,
  "total_reward_std": 274.02546515890737,
  "late_order_fraction_mean": 0.46385282937950034,
  "n_valid_replications": 10,
  "eval_replications": 10,
  "eval_seeds": [
    312345,
    313345,
    314345,
    315345,
    316345,
    317345,
    318345,
    319345,
    320345,
    321345
  ],
  "best_evaluation": {
    "replication": 0,
    "eval_seed": 312345,
    "total_reward": 608.0
  }
}