{
  "stage": "stage1_bo_trial",
  "trial_index": 59,
  "parameters": {
    "alpha": 0.014250446083306141,
    "gamma": 0.8495245518689704,
    "target_final_epsilon": 0.0005,
    "risk_t1": 175.214912,
    "risk_window": 120.0,
    "epsilon_min": 0.0005,
    "epsilon_decay": 0.9924279113496888
  },
  "training_episodes": 1000,
  "n_training_failures": 0,
  "best_training": {
    "episode": 668,
    "training_seed": 880345,
    "total_reward": 1169.0
  },
  "last_training": {
    "episode": 999,
    "training_seed": 1211345,
    "total_reward": 485.0,
    "epsilon": 0.0005038149313233107,
    "q_table_size": 25
  },
  "final_epsilon": 0.0005,
  "q_table_size": 25,
  "objective": "minimize -mean(total_reward); late_order_fraction is recorded for later composite objectives",
  "objective_mean": -78.2,
  "objective_std": 252.40390910866125,
  "total_reward_mean": 78.2,
  "total_reward_std": 252.40390910866125,
  "late_order_fraction_mean": 0.4691874244468953,
  "n_valid_replications": 10,
  "eval_replications": 10,
  "eval_seeds": [
    312345,
    313345,
    314345,
    315345,
    316345,
    317345,
    318345,
    319345,
    320345,
    321345
  ],
  "best_evaluation": {
    "replication": 0,
    "eval_seed": 312345,
    "total_reward": 508.0
  }
}