{
  "stage": "stage1_bo_trial",
  "trial_index": 90,
  "parameters": {
    "alpha": 0.02433553015129918,
    "gamma": 0.8,
    "target_final_epsilon": 0.013712925589437389,
    "risk_t1": 175.214912,
    "risk_window": 758.004,
    "epsilon_min": 0.013712925589437389,
    "epsilon_decay": 0.9957197699898734
  },
  "training_episodes": 1000,
  "n_training_failures": 0,
  "best_training": {
    "episode": 718,
    "training_seed": 930345,
    "total_reward": 1217.0
  },
  "last_training": {
    "episode": 999,
    "training_seed": 1211345,
    "total_reward": 345.0,
    "epsilon": 0.013771872370855467,
    "q_table_size": 25
  },
  "final_epsilon": 0.013712925589438098,
  "q_table_size": 25,
  "objective": "minimize -mean(total_reward); late_order_fraction is recorded for later composite objectives",
  "objective_mean": -174.2,
  "objective_std": 173.58494558380727,
  "total_reward_mean": 174.2,
  "total_reward_std": 173.58494558380727,
  "late_order_fraction_mean": 0.45218506339368475,
  "n_valid_replications": 10,
  "eval_replications": 10,
  "eval_seeds": [
    312345,
    313345,
    314345,
    315345,
    316345,
    317345,
    318345,
    319345,
    320345,
    321345
  ],
  "best_evaluation": {
    "replication": 0,
    "eval_seed": 312345,
    "total_reward": 548.0
  }
}