{
  "stage": "stage2_candidate",
  "candidate_rank": 6,
  "source_trial_index": 40,
  "parameters": {
    "alpha": 0.0051022227669158,
    "gamma": 0.5086237924286071,
    "target_final_epsilon": 0.0370327869125464,
    "risk_t1": 175.214912,
    "risk_window": 120.0,
    "epsilon_min": 0.0370327869125464,
    "epsilon_decay": 0.9996704591479236
  },
  "q_table_path": "/cfs/earth/scratch/freyfab2/BA/BA-Simulation-Optimization/RL/rl_tuning_hpc_fixed120/stage2/candidate_rank_06_trial_040/q_table.pkl",
  "training_episodes": 10000,
  "n_training_failures": 0,
  "best_training": {
    "episode": 3149,
    "training_seed": 3361345,
    "total_reward": 1336.0
  },
  "last_training": {
    "episode": 9999,
    "training_seed": 10211345,
    "total_reward": -53.0,
    "epsilon": 0.037044994751698083,
    "q_table_size": 26
  },
  "final_epsilon": 0.03703278691256245,
  "q_table_size": 26,
  "objective": "minimize -mean(total_reward); late_order_fraction is recorded for later composite objectives",
  "objective_mean": -351.5,
  "objective_std": 330.99992186685193,
  "total_reward_mean": 351.5,
  "total_reward_std": 330.99992186685193,
  "late_order_fraction_mean": 0.42164201491262193,
  "n_valid_replications": 30,
  "eval_replications": 30,
  "eval_seeds": [
    312345,
    313345,
    314345,
    315345,
    316345,
    317345,
    318345,
    319345,
    320345,
    321345,
    322345,
    323345,
    324345,
    325345,
    326345,
    327345,
    328345,
    329345,
    330345,
    331345,
    332345,
    333345,
    334345,
    335345,
    336345,
    337345,
    338345,
    339345,
    340345,
    341345
  ],
  "best_evaluation": {
    "replication": 26,
    "eval_seed": 338345,
    "total_reward": 1243.0
  },
  "candidate_dir": "/cfs/earth/scratch/freyfab2/BA/BA-Simulation-Optimization/RL/rl_tuning_hpc_fixed120/stage2/candidate_rank_06_trial_040",
  "stage1_objective_mean": -336.2,
  "stage1_total_reward_mean": 336.2
}