{
  "stage": "stage1_bo_trial",
  "trial_index": 44,
  "parameters": {
    "alpha": 0.001,
    "gamma": 0.5747618562376013,
    "target_final_epsilon": 0.010659611638725941,
    "risk_t1": 175.214912,
    "risk_window": 758.004,
    "epsilon_min": 0.010659611638725941,
    "epsilon_decay": 0.9556028004902507
  },
  "training_episodes": 100,
  "n_training_failures": 0,
  "best_training": {
    "episode": 91,
    "training_seed": 303345,
    "total_reward": 1241.0
  },
  "last_training": {
    "episode": 99,
    "training_seed": 311345,
    "total_reward": -184.0,
    "epsilon": 0.011154856006342063,
    "q_table_size": 20
  },
  "final_epsilon": 0.010659611638725969,
  "q_table_size": 20,
  "objective": "minimize -mean(total_reward); late_order_fraction is recorded for later composite objectives",
  "objective_mean": -216.2,
  "objective_std": 196.47380373870598,
  "total_reward_mean": 216.2,
  "total_reward_std": 196.47380373870598,
  "late_order_fraction_mean": 0.444753427159389,
  "n_valid_replications": 10,
  "eval_replications": 10,
  "eval_seeds": [
    312345,
    313345,
    314345,
    315345,
    316345,
    317345,
    318345,
    319345,
    320345,
    321345
  ],
  "best_evaluation": {
    "replication": 0,
    "eval_seed": 312345,
    "total_reward": 568.0
  }
}