{
  "stage": "stage1_bo_trial",
  "trial_index": 16,
  "parameters": {
    "alpha": 0.0058054035356263625,
    "gamma": 0.8850872427037475,
    "target_final_epsilon": 0.03890877693894621,
    "risk_t1": 175.214912,
    "risk_window": 758.004,
    "epsilon_min": 0.03890877693894621,
    "epsilon_decay": 0.9967587288721267
  },
  "training_episodes": 1000,
  "n_training_failures": 0,
  "best_training": {
    "episode": 934,
    "training_seed": 1146345,
    "total_reward": 1122.0
  },
  "last_training": {
    "episode": 999,
    "training_seed": 1211345,
    "total_reward": 565.0,
    "epsilon": 0.03903530093282677,
    "q_table_size": 23
  },
  "final_epsilon": 0.03890877693894621,
  "q_table_size": 23,
  "objective": "minimize -mean(total_reward); late_order_fraction is recorded for later composite objectives",
  "objective_mean": -330.2,
  "objective_std": 245.11258184307422,
  "total_reward_mean": 330.2,
  "total_reward_std": 245.11258184307422,
  "late_order_fraction_mean": 0.42419068509764946,
  "n_valid_replications": 10,
  "eval_replications": 10,
  "eval_seeds": [
    312345,
    313345,
    314345,
    315345,
    316345,
    317345,
    318345,
    319345,
    320345,
    321345
  ],
  "best_evaluation": {
    "replication": 0,
    "eval_seed": 312345,
    "total_reward": 848.0
  }
}