{
  "stage": "stage1_bo_trial",
  "trial_index": 23,
  "parameters": {
    "alpha": 0.41779453505994707,
    "gamma": 0.5,
    "target_final_epsilon": 0.2656642503291184,
    "risk_t1": 211.7470339447911,
    "risk_window": 783.5104051636238,
    "epsilon_min": 0.2656642503291184,
    "epsilon_decay": 0.9986753561319602
  },
  "training_episodes": 1000,
  "n_training_failures": 0,
  "best_training": {
    "episode": 701,
    "training_seed": 913345,
    "total_reward": 1017.0
  },
  "last_training": {
    "episode": 999,
    "training_seed": 1211345,
    "total_reward": 285.0,
    "epsilon": 0.26601662762369666,
    "q_table_size": 23
  },
  "final_epsilon": 0.2656642503291184,
  "q_table_size": 23,
  "objective": "minimize -mean(total_reward); late_order_fraction is recorded for later composite objectives",
  "objective_mean": -72.2,
  "objective_std": 224.92309796906142,
  "total_reward_mean": 72.2,
  "total_reward_std": 224.92309796906142,
  "late_order_fraction_mean": 0.4704484570798975,
  "n_valid_replications": 10,
  "eval_replications": 10,
  "eval_seeds": [
    312345,
    313345,
    314345,
    315345,
    316345,
    317345,
    318345,
    319345,
    320345,
    321345
  ],
  "best_evaluation": {
    "replication": 0,
    "eval_seed": 312345,
    "total_reward": 568.0
  }
}