{
  "stage": "stage1_bo_trial",
  "trial_index": 31,
  "parameters": {
    "alpha": 0.005,
    "gamma": 0.95,
    "target_final_epsilon": 0.04371133904839399,
    "risk_t1": 175.214912,
    "risk_window": 120.0,
    "epsilon_min": 0.04371133904839399,
    "epsilon_decay": 0.9691833421948362
  },
  "training_episodes": 100,
  "n_training_failures": 0,
  "best_training": {
    "episode": 91,
    "training_seed": 303345,
    "total_reward": 1041.0
  },
  "last_training": {
    "episode": 99,
    "training_seed": 311345,
    "total_reward": -264.0,
    "epsilon": 0.04510120752736431,
    "q_table_size": 21
  },
  "final_epsilon": 0.04371133904839399,
  "q_table_size": 21,
  "objective": "minimize -mean(total_reward); late_order_fraction is recorded for later composite objectives",
  "objective_mean": -60.2,
  "objective_std": 185.83194319360467,
  "total_reward_mean": 60.2,
  "total_reward_std": 185.83194319360467,
  "late_order_fraction_mean": 0.47257960541392724,
  "n_valid_replications": 10,
  "eval_replications": 10,
  "eval_seeds": [
    312345,
    313345,
    314345,
    315345,
    316345,
    317345,
    318345,
    319345,
    320345,
    321345
  ],
  "best_evaluation": {
    "replication": 0,
    "eval_seed": 312345,
    "total_reward": 508.0
  }
}