{
  "stage": "stage1_bo_trial",
  "trial_index": 18,
  "parameters": {
    "alpha": 0.5133558832741578,
    "gamma": 0.2,
    "target_final_epsilon": 0.05497528467181893,
    "risk_t1": 213.55416570144368,
    "risk_window": 1800.0,
    "epsilon_min": 0.05497528467181893,
    "epsilon_decay": 0.9714079979839085
  },
  "training_episodes": 100,
  "n_training_failures": 0,
  "best_training": {
    "episode": 91,
    "training_seed": 303345,
    "total_reward": 821.0
  },
  "last_training": {
    "episode": 99,
    "training_seed": 311345,
    "total_reward": -224.0,
    "epsilon": 0.05659340337522066,
    "q_table_size": 20
  },
  "final_epsilon": 0.05497528467181893,
  "q_table_size": 20,
  "objective": "minimize -mean(total_reward); late_order_fraction is recorded for later composite objectives",
  "objective_mean": -172.2,
  "objective_std": 240.0910938234347,
  "total_reward_mean": 172.2,
  "total_reward_std": 240.0910938234347,
  "late_order_fraction_mean": 0.45264446357683186,
  "n_valid_replications": 10,
  "eval_replications": 10,
  "eval_seeds": [
    312345,
    313345,
    314345,
    315345,
    316345,
    317345,
    318345,
    319345,
    320345,
    321345
  ],
  "best_evaluation": {
    "replication": 0,
    "eval_seed": 312345,
    "total_reward": 588.0
  }
}