{
  "method": "random_search",
  "run_index": 15,
  "best_parameters": {
    "preparation_capacity": 4,
    "sorting_capacity": 4,
    "analysis1_capacity": 5,
    "analysis2_capacity": 2,
    "evaluation_capacity": 4,
    "dispatching_capacity": 1,
    "worker_capacity": 4
  },
  "best_objective": 1.8054351429901614,
  "aggregated_kpis": {
    "n_orders_completed_mean": 971.8666666666667,
    "n_orders_in_date_mean": 971.8666666666667,
    "n_orders_late_mean": 0.0,
    "n_orders_created_mean": 1006.4666666666667,
    "n_orders_incomplete_mean": 34.6,
    "late_order_fraction_mean": 0.0,
    "time_in_system_mean_mean": 29.294915960622276,
    "time_in_system_std_mean": 10.673683226958017,
    "wip_time_in_system_mean_mean": 26.595145713773398,
    "wip_time_in_system_std_mean": 16.627851117561523,
    "wip_time_in_system_min_mean": 1.5918831114296608,
    "wip_time_in_system_max_mean": 59.55265353157767,
    "wip_mean_mean": 22.41405392917215,
    "work_in_progress_mean_mean": 22.41405392917215,
    "completed_norm_mean": 0.9656070408400743,
    "late_total_norm_mean": 0.034392959159925546,
    "on_time_loss_norm_mean": 0.034392959159925546,
    "station_capacity_norm_mean": 0.5833333333333334,
    "worker_capacity_norm_mean": 0.3333333333333334,
    "time_in_system_mean_norm_mean": 0.08137476655728411,
    "time_in_system_std_norm_mean": 0.029649120074883382,
    "objective_completed_contribution_mean": -0.33796246429402593,
    "objective_late_contribution_mean": 0.027514367327940433,
    "objective_station_capacity_contribution_mean": 1.75,
    "objective_worker_capacity_contribution_mean": 0.3333333333333334,
    "objective_time_mean_contribution_mean": 0.03254990662291364,
    "objective_time_std_contribution_mean": 0.0
  }
}