{
  "stage": "stage1_bo_trial",
  "trial_index": 40,
  "parameters": {
    "alpha": 0.03166219538138858,
    "gamma": 0.8,
    "target_final_epsilon": 0.04752651838957867,
    "risk_t1": 175.214912,
    "risk_window": 758.004,
    "epsilon_min": 0.04752651838957867,
    "epsilon_decay": 0.9969581683313279
  },
  "training_episodes": 1000,
  "n_training_failures": 0,
  "best_training": {
    "episode": 718,
    "training_seed": 930345,
    "total_reward": 1137.0
  },
  "last_training": {
    "episode": 999,
    "training_seed": 1211345,
    "total_reward": 465.0,
    "epsilon": 0.04767152715056157,
    "q_table_size": 24
  },
  "final_epsilon": 0.04752651838958103,
  "q_table_size": 24,
  "objective": "minimize -mean(total_reward); late_order_fraction is recorded for later composite objectives",
  "objective_mean": -102.2,
  "objective_std": 241.0609881337086,
  "total_reward_mean": 102.2,
  "total_reward_std": 241.0609881337086,
  "late_order_fraction_mean": 0.4650200451427873,
  "n_valid_replications": 10,
  "eval_replications": 10,
  "eval_seeds": [
    312345,
    313345,
    314345,
    315345,
    316345,
    317345,
    318345,
    319345,
    320345,
    321345
  ],
  "best_evaluation": {
    "replication": 0,
    "eval_seed": 312345,
    "total_reward": 508.0
  }
}