{
  "stage": "stage1_bo_trial",
  "trial_index": 8,
  "parameters": {
    "alpha": 0.02771149023142819,
    "gamma": 0.95,
    "target_final_epsilon": 0.011168432725434014,
    "risk_t1": 175.214912,
    "risk_window": 120.0,
    "epsilon_min": 0.011168432725434014,
    "epsilon_decay": 0.9955154218988221
  },
  "training_episodes": 1000,
  "n_training_failures": 0,
  "best_training": {
    "episode": 934,
    "training_seed": 1146345,
    "total_reward": 1122.0
  },
  "last_training": {
    "episode": 999,
    "training_seed": 1211345,
    "total_reward": 505.0,
    "epsilon": 0.011218744059365151,
    "q_table_size": 23
  },
  "final_epsilon": 0.011168432725434014,
  "q_table_size": 23,
  "objective": "minimize -mean(total_reward); late_order_fraction is recorded for later composite objectives",
  "objective_mean": -140.2,
  "objective_std": 259.41849501443716,
  "total_reward_mean": 140.2,
  "total_reward_std": 259.41849501443716,
  "late_order_fraction_mean": 0.4581701793917531,
  "n_valid_replications": 10,
  "eval_replications": 10,
  "eval_seeds": [
    312345,
    313345,
    314345,
    315345,
    316345,
    317345,
    318345,
    319345,
    320345,
    321345
  ],
  "best_evaluation": {
    "replication": 0,
    "eval_seed": 312345,
    "total_reward": 628.0
  }
}