{
  "stage": "stage1_bo_trial",
  "trial_index": 93,
  "parameters": {
    "alpha": 0.017309374664092204,
    "gamma": 0.19438685912316728,
    "target_final_epsilon": 0.016852883199439287,
    "risk_t1": 175.214912,
    "risk_window": 758.004,
    "epsilon_min": 0.016852883199439287,
    "epsilon_decay": 0.9959250915360424
  },
  "training_episodes": 1000,
  "n_training_failures": 0,
  "best_training": {
    "episode": 518,
    "training_seed": 730345,
    "total_reward": 1229.0
  },
  "last_training": {
    "episode": 999,
    "training_seed": 1211345,
    "total_reward": 505.0,
    "epsilon": 0.016921838140904633,
    "q_table_size": 25
  },
  "final_epsilon": 0.016852883199439287,
  "q_table_size": 25,
  "objective": "minimize -mean(total_reward); late_order_fraction is recorded for later composite objectives",
  "objective_mean": -124.2,
  "objective_std": 265.91260051210645,
  "total_reward_mean": 124.2,
  "total_reward_std": 265.91260051210645,
  "late_order_fraction_mean": 0.4610240860656722,
  "n_valid_replications": 10,
  "eval_replications": 10,
  "eval_seeds": [
    312345,
    313345,
    314345,
    315345,
    316345,
    317345,
    318345,
    319345,
    320345,
    321345
  ],
  "best_evaluation": {
    "replication": 0,
    "eval_seed": 312345,
    "total_reward": 628.0
  }
}