{
  "method": "random_search",
  "run_index": 12,
  "best_parameters": {
    "preparation_capacity": 1,
    "sorting_capacity": 3,
    "analysis1_capacity": 4,
    "analysis2_capacity": 3,
    "evaluation_capacity": 1,
    "dispatching_capacity": 1,
    "worker_capacity": 5
  },
  "best_objective": 1.6230730164476261,
  "aggregated_kpis": {
    "n_orders_completed_mean": 709.5,
    "n_orders_in_date_mean": 599.1666666666666,
    "n_orders_late_mean": 110.33333333333333,
    "n_orders_created_mean": 992.0666666666667,
    "n_orders_incomplete_mean": 282.56666666666666,
    "late_order_fraction_mean": 0.15548518524729635,
    "time_in_system_mean_mean": 214.5425059218043,
    "time_in_system_std_mean": 112.97497632913918,
    "wip_time_in_system_mean_mean": 204.81596216477107,
    "wip_time_in_system_std_mean": 118.95672247902955,
    "wip_time_in_system_min_mean": 1.2748291766182926,
    "wip_time_in_system_max_mean": 413.07386835012755,
    "wip_mean_mean": 146.16674311696053,
    "work_in_progress_mean_mean": 146.16674311696053,
    "completed_norm_mean": 0.7156585814767333,
    "late_total_norm_mean": 0.394660641730875,
    "on_time_loss_norm_mean": 0.394660641730875,
    "station_capacity_norm_mean": 0.2916666666666667,
    "worker_capacity_norm_mean": 0.4444444444444445,
    "time_in_system_mean_norm_mean": 0.5959514053383453,
    "time_in_system_std_norm_mean": 0.3138193786920533,
    "objective_completed_contribution_mean": -0.25048050351685675,
    "objective_late_contribution_mean": 0.31572851338470004,
    "objective_station_capacity_contribution_mean": 0.875,
    "objective_worker_capacity_contribution_mean": 0.4444444444444445,
    "objective_time_mean_contribution_mean": 0.23838056213533812,
    "objective_time_std_contribution_mean": 0.0
  }
}