{
  "method": "bo",
  "run_index": 15,
  "best_parameters": {
    "preparation_capacity": 4,
    "sorting_capacity": 4,
    "analysis1_capacity": 4,
    "analysis2_capacity": 1,
    "evaluation_capacity": 5,
    "dispatching_capacity": 1,
    "worker_capacity": 6
  },
  "best_objective": -0.16245974100139307,
  "aggregated_kpis": {
    "n_orders_completed_mean": 960.6666666666666,
    "n_orders_in_date_mean": 960.6666666666666,
    "n_orders_late_mean": 0.0,
    "n_orders_created_mean": 1000.4333333333333,
    "n_orders_incomplete_mean": 39.766666666666666,
    "late_order_fraction_mean": 0.0,
    "time_in_system_mean_mean": 47.76819664782788,
    "time_in_system_std_mean": 18.214447058291626,
    "wip_time_in_system_mean_mean": 29.32625339785414,
    "wip_time_in_system_std_mean": 17.19205813973854,
    "wip_time_in_system_min_mean": 1.9339475324535822,
    "wip_time_in_system_max_mean": 63.08361105045357,
    "wip_mean_mean": 33.004950908488134,
    "work_in_progress_mean_mean": 33.004950908488134,
    "completed_norm_mean": 0.9608283232080783,
    "late_total_norm_mean": 0.03917167679192177,
    "on_time_loss_norm_mean": 0.039171676791921774,
    "station_capacity_norm_mean": 0.5416666666666665,
    "worker_capacity_norm_mean": 0.5555555555555556,
    "time_in_system_mean_norm_mean": 0.13268943513285525,
    "time_in_system_std_norm_mean": 0.050595686273032285,
    "objective_completed_contribution_mean": -0.9608283232080783,
    "objective_late_contribution_mean": 0.1175150303757653,
    "objective_station_capacity_contribution_mean": 0.4333333333333334,
    "objective_worker_capacity_contribution_mean": 0.1944444444444445,
    "objective_time_mean_contribution_mean": 0.0530757740531421,
    "objective_time_std_contribution_mean": 0.0
  }
}