{
  "stage": "stage1_bo_trial",
  "trial_index": 3,
  "parameters": {
    "alpha": 0.0176087525867857,
    "gamma": 0.19015569370239974,
    "target_final_epsilon": 0.014677046458702535,
    "risk_t1": 175.214912,
    "risk_window": 758.004,
    "epsilon_min": 0.014677046458702535,
    "epsilon_decay": 0.9957874274104013
  },
  "training_episodes": 1000,
  "n_training_failures": 0,
  "best_training": {
    "episode": 668,
    "training_seed": 880345,
    "total_reward": 1149.0
  },
  "last_training": {
    "episode": 999,
    "training_seed": 1211345,
    "total_reward": 565.0,
    "epsilon": 0.014739136139599155,
    "q_table_size": 24
  },
  "final_epsilon": 0.014677046458703116,
  "q_table_size": 24,
  "objective": "minimize -mean(total_reward); late_order_fraction is recorded for later composite objectives",
  "objective_mean": -324.2,
  "objective_std": 262.8107895637299,
  "total_reward_mean": 324.2,
  "total_reward_std": 262.8107895637299,
  "late_order_fraction_mean": 0.42526294498235384,
  "n_valid_replications": 10,
  "eval_replications": 10,
  "eval_seeds": [
    312345,
    313345,
    314345,
    315345,
    316345,
    317345,
    318345,
    319345,
    320345,
    321345
  ],
  "best_evaluation": {
    "replication": 0,
    "eval_seed": 312345,
    "total_reward": 868.0
  }
}