{
  "stage": "stage2_candidate",
  "candidate_rank": 1,
  "source_trial_index": 22,
  "parameters": {
    "alpha": 0.005,
    "gamma": 0.2,
    "target_final_epsilon": 0.02,
    "risk_t1": 193.3126383445952,
    "risk_window": 1800.0,
    "epsilon_min": 0.02,
    "epsilon_decay": 0.9996088742090999
  },
  "q_table_path": "/cfs/earth/scratch/freyfab2/BA/BA-Simulation-Optimization/RL/rl_tuning_hpc/stage2/candidate_rank_01_trial_022/q_table.pkl",
  "training_episodes": 10000,
  "n_training_failures": 0,
  "best_training": {
    "episode": 7830,
    "training_seed": 8042345,
    "total_reward": 1346.0
  },
  "last_training": {
    "episode": 9999,
    "training_seed": 10211345,
    "total_reward": -173.0,
    "epsilon": 0.02000782557660712,
    "q_table_size": 25
  },
  "final_epsilon": 0.020000000000004278,
  "q_table_size": 25,
  "objective": "minimize -mean(total_reward); late_order_fraction is recorded for later composite objectives",
  "objective_mean": -316.8333333333333,
  "objective_std": 304.3712664101064,
  "total_reward_mean": 316.8333333333333,
  "total_reward_std": 304.3712664101064,
  "late_order_fraction_mean": 0.42774196749223614,
  "n_valid_replications": 30,
  "eval_replications": 30,
  "eval_seeds": [
    312345,
    313345,
    314345,
    315345,
    316345,
    317345,
    318345,
    319345,
    320345,
    321345,
    322345,
    323345,
    324345,
    325345,
    326345,
    327345,
    328345,
    329345,
    330345,
    331345,
    332345,
    333345,
    334345,
    335345,
    336345,
    337345,
    338345,
    339345,
    340345,
    341345
  ],
  "best_evaluation": {
    "replication": 26,
    "eval_seed": 338345,
    "total_reward": 1123.0
  },
  "candidate_dir": "/cfs/earth/scratch/freyfab2/BA/BA-Simulation-Optimization/RL/rl_tuning_hpc/stage2/candidate_rank_01_trial_022",
  "stage1_objective_mean": -314.2,
  "stage1_total_reward_mean": 314.2
}