{
  "stage": "stage1_bo_trial",
  "trial_index": 93,
  "parameters": {
    "alpha": 0.009707411102013555,
    "gamma": 0.8,
    "target_final_epsilon": 0.0005,
    "risk_t1": 175.214912,
    "risk_window": 758.004,
    "epsilon_min": 0.0005,
    "epsilon_decay": 0.9924279113496888
  },
  "training_episodes": 1000,
  "n_training_failures": 0,
  "best_training": {
    "episode": 385,
    "training_seed": 597345,
    "total_reward": 1209.0
  },
  "last_training": {
    "episode": 999,
    "training_seed": 1211345,
    "total_reward": 385.0,
    "epsilon": 0.0005038149313233107,
    "q_table_size": 23
  },
  "final_epsilon": 0.0005,
  "q_table_size": 23,
  "objective": "minimize -mean(total_reward); late_order_fraction is recorded for later composite objectives",
  "objective_mean": -178.2,
  "objective_std": 179.79296735721093,
  "total_reward_mean": 178.2,
  "total_reward_std": 179.79296735721093,
  "late_order_fraction_mean": 0.45147836044921,
  "n_valid_replications": 10,
  "eval_replications": 10,
  "eval_seeds": [
    312345,
    313345,
    314345,
    315345,
    316345,
    317345,
    318345,
    319345,
    320345,
    321345
  ],
  "best_evaluation": {
    "replication": 0,
    "eval_seed": 312345,
    "total_reward": 568.0
  }
}