{
  "stage": "stage1_bo_trial",
  "trial_index": 29,
  "parameters": {
    "alpha": 0.05064844284326126,
    "gamma": 0.8234182862401397,
    "target_final_epsilon": 0.0005,
    "risk_t1": 175.214912,
    "risk_window": 120.0,
    "epsilon_min": 0.0005,
    "epsilon_decay": 0.9924279113496888
  },
  "training_episodes": 1000,
  "n_training_failures": 0,
  "best_training": {
    "episode": 598,
    "training_seed": 810345,
    "total_reward": 1215.0
  },
  "last_training": {
    "episode": 999,
    "training_seed": 1211345,
    "total_reward": 245.0,
    "epsilon": 0.0005038149313233107,
    "q_table_size": 24
  },
  "final_epsilon": 0.0005,
  "q_table_size": 24,
  "objective": "minimize -mean(total_reward); late_order_fraction is recorded for later composite objectives",
  "objective_mean": -88.2,
  "objective_std": 171.68757154267814,
  "total_reward_mean": 88.2,
  "total_reward_std": 171.68757154267814,
  "late_order_fraction_mean": 0.4675509726876686,
  "n_valid_replications": 10,
  "eval_replications": 10,
  "eval_seeds": [
    312345,
    313345,
    314345,
    315345,
    316345,
    317345,
    318345,
    319345,
    320345,
    321345
  ],
  "best_evaluation": {
    "replication": 0,
    "eval_seed": 312345,
    "total_reward": 408.0
  }
}