{
  "stage": "stage1_bo_trial",
  "trial_index": 64,
  "parameters": {
    "alpha": 0.05800752965432403,
    "gamma": 0.8,
    "target_final_epsilon": 0.015823396670279644,
    "risk_t1": 175.214912,
    "risk_window": 758.004,
    "epsilon_min": 0.015823396670279644,
    "epsilon_decay": 0.995862318259212
  },
  "training_episodes": 1000,
  "n_training_failures": 0,
  "best_training": {
    "episode": 668,
    "training_seed": 880345,
    "total_reward": 1149.0
  },
  "last_training": {
    "episode": 999,
    "training_seed": 1211345,
    "total_reward": 505.0,
    "epsilon": 0.01588914087836973,
    "q_table_size": 24
  },
  "final_epsilon": 0.01582339667028049,
  "q_table_size": 24,
  "objective": "minimize -mean(total_reward); late_order_fraction is recorded for later composite objectives",
  "objective_mean": -94.2,
  "objective_std": 269.4573971686227,
  "total_reward_mean": 94.2,
  "total_reward_std": 269.4573971686227,
  "late_order_fraction_mean": 0.4664002366990475,
  "n_valid_replications": 10,
  "eval_replications": 10,
  "eval_seeds": [
    312345,
    313345,
    314345,
    315345,
    316345,
    317345,
    318345,
    319345,
    320345,
    321345
  ],
  "best_evaluation": {
    "replication": 0,
    "eval_seed": 312345,
    "total_reward": 628.0
  }
}