{
  "stage": "stage1_bo_trial",
  "trial_index": 25,
  "parameters": {
    "alpha": 0.7,
    "gamma": 0.95,
    "target_final_epsilon": 0.15968389312442877,
    "risk_t1": 175.214912,
    "risk_window": 120.0,
    "epsilon_min": 0.15968389312442877,
    "epsilon_decay": 0.9818216651276712
  },
  "training_episodes": 100,
  "n_training_failures": 0,
  "best_training": {
    "episode": 91,
    "training_seed": 303345,
    "total_reward": 901.0
  },
  "last_training": {
    "episode": 99,
    "training_seed": 311345,
    "total_reward": -324.0,
    "epsilon": 0.16264042523818611,
    "q_table_size": 21
  },
  "final_epsilon": 0.15968389312442877,
  "q_table_size": 21,
  "objective": "minimize -mean(total_reward); late_order_fraction is recorded for later composite objectives",
  "objective_mean": -136.2,
  "objective_std": 228.41910797673842,
  "total_reward_mean": 136.2,
  "total_reward_std": 228.41910797673842,
  "late_order_fraction_mean": 0.4588443481292844,
  "n_valid_replications": 10,
  "eval_replications": 10,
  "eval_seeds": [
    312345,
    313345,
    314345,
    315345,
    316345,
    317345,
    318345,
    319345,
    320345,
    321345
  ],
  "best_evaluation": {
    "replication": 0,
    "eval_seed": 312345,
    "total_reward": 628.0
  }
}