{
  "stage": "stage1_bo_trial",
  "trial_index": 12,
  "parameters": {
    "alpha": 0.02469878523169011,
    "gamma": 0.6744222392911017,
    "target_final_epsilon": 0.0001,
    "risk_t1": 175.214912,
    "risk_window": 758.004,
    "epsilon_min": 0.0001,
    "epsilon_decay": 0.9120108393559098
  },
  "training_episodes": 100,
  "n_training_failures": 0,
  "best_training": {
    "episode": 91,
    "training_seed": 303345,
    "total_reward": 1101.0
  },
  "last_training": {
    "episode": 99,
    "training_seed": 311345,
    "total_reward": -204.0,
    "epsilon": 0.00010964781961431881,
    "q_table_size": 20
  },
  "final_epsilon": 0.00010000000000000029,
  "q_table_size": 20,
  "objective": "minimize -mean(total_reward); late_order_fraction is recorded for later composite objectives",
  "objective_mean": -110.2,
  "objective_std": 266.0329135861033,
  "total_reward_mean": 110.2,
  "total_reward_std": 266.0329135861033,
  "late_order_fraction_mean": 0.4635106906452496,
  "n_valid_replications": 10,
  "eval_replications": 10,
  "eval_seeds": [
    312345,
    313345,
    314345,
    315345,
    316345,
    317345,
    318345,
    319345,
    320345,
    321345
  ],
  "best_evaluation": {
    "replication": 0,
    "eval_seed": 312345,
    "total_reward": 608.0
  }
}