comparison,metric,first_group,second_group,n_pairs,mean_first,mean_second,standard_error_first,standard_error_second,median_first,median_second,q1_first,q1_second,q3_first,q3_second,iqr_first,iqr_second,mean_difference_first_minus_second,standard_error_difference,median_difference_first_minus_second,test,alternative,test_statistic,p_value,alpha,significant,p_value_holm,significant_holm
H3: Q-learning vs Random agent,total_reward,Q-learning,Random agent,30,284.1666666666667,104.16666666666667,58.55613444572698,58.53728713114684,255.5,58.5,81.75,-102.0,418.5,279.25,336.75,381.25,180.0,25.51537737833052,180.0,Wilcoxon signed-rank,two-sided,18.5,1.060670343069245e-05,0.05,True,4.24268137227698e-05,True
H3: Q-learning vs Baseline: EDD,total_reward,Q-learning,Baseline: EDD,30,284.1666666666667,27.5,58.55613444572698,55.91976497574474,255.5,42.5,81.75,-179.5,418.5,127.25,336.75,306.75,256.6666666666667,28.12261058389921,280.0,Wilcoxon signed-rank,two-sided,8.5,4.029239233566375e-06,0.05,True,2.0146196167831877e-05,True
H3: Q-learning vs Baseline: FIFO,total_reward,Q-learning,Baseline: FIFO,30,284.1666666666667,109.5,58.55613444572698,51.57616285371222,255.5,58.5,81.75,-69.0,418.5,215.75,336.75,284.75,174.66666666666666,27.608649874499843,210.0,Wilcoxon signed-rank,two-sided,23.0,4.090379800243085e-05,0.05,True,0.00012271139400729254,True
H3: Q-learning vs Baseline: Highest Lateness Risk,total_reward,Q-learning,Baseline: Highest Lateness Risk,30,284.1666666666667,362.8333333333333,58.55613444572698,58.2376637488765,255.5,380.5,81.75,144.75,418.5,487.25,336.75,342.5,-78.66666666666667,24.70856956526795,-30.0,Wilcoxon signed-rank,two-sided,64.0,0.004397957907164236,0.05,True,0.004397957907164236,True
H3: Q-learning vs Baseline: Longest Waiting Time,total_reward,Q-learning,Baseline: Longest Waiting Time,30,284.1666666666667,109.5,58.55613444572698,51.57616285371222,255.5,58.5,81.75,-69.0,418.5,215.75,336.75,284.75,174.66666666666666,27.608649874499843,210.0,Wilcoxon signed-rank,two-sided,23.0,4.090379800243085e-05,0.05,True,0.00012271139400729254,True
