{
  "stage": "stage1_bo_trial",
  "trial_index": 35,
  "parameters": {
    "alpha": 0.08,
    "gamma": 0.24759212990939633,
    "target_final_epsilon": 0.05064967198795513,
    "risk_t1": 175.214912,
    "risk_window": 758.004,
    "epsilon_min": 0.05064967198795513,
    "epsilon_decay": 0.9706122459117047
  },
  "training_episodes": 100,
  "n_training_failures": 0,
  "best_training": {
    "episode": 91,
    "training_seed": 303345,
    "total_reward": 1041.0
  },
  "last_training": {
    "episode": 99,
    "training_seed": 311345,
    "total_reward": -244.0,
    "epsilon": 0.05218321961349216,
    "q_table_size": 21
  },
  "final_epsilon": 0.05064967198795535,
  "q_table_size": 21,
  "objective": "minimize -mean(total_reward); late_order_fraction is recorded for later composite objectives",
  "objective_mean": -174.2,
  "objective_std": 210.95170590024205,
  "total_reward_mean": 174.2,
  "total_reward_std": 210.95170590024205,
  "late_order_fraction_mean": 0.45220253087363693,
  "n_valid_replications": 10,
  "eval_replications": 10,
  "eval_seeds": [
    312345,
    313345,
    314345,
    315345,
    316345,
    317345,
    318345,
    319345,
    320345,
    321345
  ],
  "best_evaluation": {
    "replication": 0,
    "eval_seed": 312345,
    "total_reward": 568.0
  }
}