{
  "stage": "stage1_bo_trial",
  "trial_index": 17,
  "parameters": {
    "alpha": 0.006573255625264958,
    "gamma": 0.3119104722873334,
    "target_final_epsilon": 0.026527194663487175,
    "risk_t1": 175.214912,
    "risk_window": 758.004,
    "epsilon_min": 0.026527194663487175,
    "epsilon_decay": 0.996376994122588
  },
  "training_episodes": 1000,
  "n_training_failures": 0,
  "best_training": {
    "episode": 718,
    "training_seed": 930345,
    "total_reward": 1157.0
  },
  "last_training": {
    "episode": 999,
    "training_seed": 1211345,
    "total_reward": 465.0,
    "epsilon": 0.026623652312291423,
    "q_table_size": 24
  },
  "final_epsilon": 0.026527194663487175,
  "q_table_size": 24,
  "objective": "minimize -mean(total_reward); late_order_fraction is recorded for later composite objectives",
  "objective_mean": -342.2,
  "objective_std": 243.09888248749039,
  "total_reward_mean": 342.2,
  "total_reward_std": 243.09888248749039,
  "late_order_fraction_mean": 0.4220445157680234,
  "n_valid_replications": 10,
  "eval_replications": 10,
  "eval_seeds": [
    312345,
    313345,
    314345,
    315345,
    316345,
    317345,
    318345,
    319345,
    320345,
    321345
  ],
  "best_evaluation": {
    "replication": 0,
    "eval_seed": 312345,
    "total_reward": 868.0
  }
}