{
  "stage": "stage1_bo_trial",
  "trial_index": 5,
  "parameters": {
    "alpha": 0.4388620095560327,
    "gamma": 0.9128036005981266,
    "target_final_epsilon": 0.26427317401859907,
    "risk_t1": 132.89717629551888,
    "risk_window": 1230.910603730008,
    "epsilon_min": 0.26427317401859907,
    "epsilon_decay": 0.9986701131235969
  },
  "training_episodes": 1000,
  "n_training_failures": 0,
  "best_training": {
    "episode": 718,
    "training_seed": 930345,
    "total_reward": 1097.0
  },
  "last_training": {
    "episode": 999,
    "training_seed": 1211345,
    "total_reward": 385.0,
    "epsilon": 0.2646250954602204,
    "q_table_size": 23
  },
  "final_epsilon": 0.2642731740186009,
  "q_table_size": 23,
  "objective": "minimize -mean(total_reward); late_order_fraction is recorded for later composite objectives",
  "objective_mean": -46.2,
  "objective_std": 257.2196640141565,
  "total_reward_mean": 46.2,
  "total_reward_std": 257.2196640141565,
  "late_order_fraction_mean": 0.47502789231452613,
  "n_valid_replications": 10,
  "eval_replications": 10,
  "eval_seeds": [
    312345,
    313345,
    314345,
    315345,
    316345,
    317345,
    318345,
    319345,
    320345,
    321345
  ],
  "best_evaluation": {
    "replication": 0,
    "eval_seed": 312345,
    "total_reward": 528.0
  }
}