{
  "stage": "stage1_bo_trial",
  "trial_index": 5,
  "parameters": {
    "alpha": 0.400042779147625,
    "gamma": 0.9761665667872876,
    "epsilon_decay": 0.9998538359324913,
    "epsilon_min": 0.0362272218707949,
    "risk_t1": 103.77504743635654,
    "risk_window": 322.2114892490208
  },
  "training_episodes": 1000,
  "n_training_failures": 0,
  "best_training": {
    "episode": 598,
    "training_seed": 810345,
    "total_reward": 915.0
  },
  "last_training": {
    "episode": 999,
    "training_seed": 1211345,
    "total_reward": 285.0,
    "epsilon": 0.8641330095687502,
    "q_table_size": 23
  },
  "final_epsilon": 0.864006704373203,
  "q_table_size": 23,
  "objective": "minimize -mean(total_reward); late_order_fraction is recorded for later composite objectives",
  "objective_mean": -54.2,
  "objective_std": 226.44734487293067,
  "total_reward_mean": 54.2,
  "total_reward_std": 226.44734487293067,
  "late_order_fraction_mean": 0.47374999885029306,
  "n_valid_replications": 10,
  "eval_replications": 10,
  "eval_seeds": [
    312345,
    313345,
    314345,
    315345,
    316345,
    317345,
    318345,
    319345,
    320345,
    321345
  ],
  "best_evaluation": {
    "replication": 0,
    "eval_seed": 312345,
    "total_reward": 448.0
  }
}