{
  "stage": "stage1_bo_trial",
  "trial_index": 16,
  "parameters": {
    "alpha": 0.01762649931793923,
    "gamma": 0.3352492707569854,
    "target_final_epsilon": 0.025901736753132374,
    "risk_t1": 175.214912,
    "risk_window": 758.004,
    "epsilon_min": 0.025901736753132374,
    "epsilon_decay": 0.9963532204546273
  },
  "training_episodes": 1000,
  "n_training_failures": 0,
  "best_training": {
    "episode": 718,
    "training_seed": 930345,
    "total_reward": 1177.0
  },
  "last_training": {
    "episode": 999,
    "training_seed": 1211345,
    "total_reward": 525.0,
    "epsilon": 0.0259965404049327,
    "q_table_size": 23
  },
  "final_epsilon": 0.025901736753133536,
  "q_table_size": 23,
  "objective": "minimize -mean(total_reward); late_order_fraction is recorded for later composite objectives",
  "objective_mean": -320.2,
  "objective_std": 239.30491939039706,
  "total_reward_mean": 320.2,
  "total_reward_std": 239.30491939039706,
  "late_order_fraction_mean": 0.42597809276791443,
  "n_valid_replications": 10,
  "eval_replications": 10,
  "eval_seeds": [
    312345,
    313345,
    314345,
    315345,
    316345,
    317345,
    318345,
    319345,
    320345,
    321345
  ],
  "best_evaluation": {
    "replication": 0,
    "eval_seed": 312345,
    "total_reward": 848.0
  }
}