{
  "stage": "stage1_bo_trial",
  "trial_index": 0,
  "parameters": {
    "alpha": 0.24840857982635497,
    "gamma": 0.7594258129596709,
    "epsilon_decay": 0.9997223559886217,
    "epsilon_min": 0.016515138670802117,
    "risk_t1": -29.29695188999176,
    "risk_window": 40.67402724176645
  },
  "training_episodes": 1000,
  "n_training_failures": 0,
  "best_training": {
    "episode": 668,
    "training_seed": 880345,
    "total_reward": 869.0
  },
  "last_training": {
    "episode": 999,
    "training_seed": 1211345,
    "total_reward": 185.0,
    "epsilon": 0.7577476388496341,
    "q_table_size": 23
  },
  "final_epsilon": 0.7575372547555715,
  "q_table_size": 23,
  "objective": "minimize -mean(total_reward); late_order_fraction is recorded for later composite objectives",
  "objective_mean": -38.2,
  "objective_std": 212.74126173463495,
  "total_reward_mean": 38.2,
  "total_reward_std": 212.74126173463495,
  "late_order_fraction_mean": 0.4764044979687491,
  "n_valid_replications": 10,
  "eval_replications": 10,
  "eval_seeds": [
    312345,
    313345,
    314345,
    315345,
    316345,
    317345,
    318345,
    319345,
    320345,
    321345
  ],
  "best_evaluation": {
    "replication": 0,
    "eval_seed": 312345,
    "total_reward": 408.0
  }
}