{
  "stage": "stage1_bo_trial",
  "trial_index": 0,
  "parameters": {
    "alpha": 0.24054634794592858,
    "gamma": 0.6004091322422027,
    "target_final_epsilon": 0.2293105438351631,
    "risk_t1": 26.060554683208466,
    "risk_window": 270.50721019506454,
    "epsilon_min": 0.2293105438351631,
    "epsilon_decay": 0.9985284057508143
  },
  "training_episodes": 1000,
  "n_training_failures": 0,
  "best_training": {
    "episode": 385,
    "training_seed": 597345,
    "total_reward": 989.0
  },
  "last_training": {
    "episode": 999,
    "training_seed": 1211345,
    "total_reward": 245.0,
    "epsilon": 0.22964849323715708,
    "q_table_size": 23
  },
  "final_epsilon": 0.2293105438351751,
  "q_table_size": 23,
  "objective": "minimize -mean(total_reward); late_order_fraction is recorded for later composite objectives",
  "objective_mean": -40.2,
  "objective_std": 273.52871066042695,
  "total_reward_mean": 40.2,
  "total_reward_std": 273.52871066042695,
  "late_order_fraction_mean": 0.4760494814686099,
  "n_valid_replications": 10,
  "eval_replications": 10,
  "eval_seeds": [
    312345,
    313345,
    314345,
    315345,
    316345,
    317345,
    318345,
    319345,
    320345,
    321345
  ],
  "best_evaluation": {
    "replication": 0,
    "eval_seed": 312345,
    "total_reward": 548.0
  }
}