{
  "stage": "stage1_bo_trial",
  "trial_index": 0,
  "parameters": {
    "alpha": 0.33571658954024314,
    "gamma": 0.35368744730949403,
    "target_final_epsilon": 0.17207494497299194,
    "risk_t1": 63.1649374961853,
    "risk_window": 406.5617823600769,
    "epsilon_min": 0.17207494497299194,
    "epsilon_decay": 0.9982417224138734
  },
  "training_episodes": 1000,
  "n_training_failures": 0,
  "best_training": {
    "episode": 668,
    "training_seed": 880345,
    "total_reward": 989.0
  },
  "last_training": {
    "episode": 999,
    "training_seed": 1211345,
    "total_reward": 245.0,
    "epsilon": 0.17237803340546493,
    "q_table_size": 23
  },
  "final_epsilon": 0.17207494497299194,
  "q_table_size": 23,
  "objective": "minimize -mean(total_reward); late_order_fraction is recorded for later composite objectives",
  "objective_mean": -84.2,
  "objective_std": 255.61811794593552,
  "total_reward_mean": 84.2,
  "total_reward_std": 255.61811794593552,
  "late_order_fraction_mean": 0.46839219882028715,
  "n_valid_replications": 10,
  "eval_replications": 10,
  "eval_seeds": [
    312345,
    313345,
    314345,
    315345,
    316345,
    317345,
    318345,
    319345,
    320345,
    321345
  ],
  "best_evaluation": {
    "replication": 0,
    "eval_seed": 312345,
    "total_reward": 408.0
  }
}