{
  "stage": "stage1_bo_trial",
  "trial_index": 2,
  "parameters": {
    "alpha": 0.0710509389936924,
    "gamma": 0.44706251779571177,
    "target_final_epsilon": 0.051014987048693,
    "risk_t1": 175.214912,
    "risk_window": 758.004,
    "epsilon_min": 0.051014987048693,
    "epsilon_decay": 0.9706820033953153
  },
  "training_episodes": 100,
  "n_training_failures": 0,
  "best_training": {
    "episode": 91,
    "training_seed": 303345,
    "total_reward": 1181.0
  },
  "last_training": {
    "episode": 99,
    "training_seed": 311345,
    "total_reward": -224.0,
    "epsilon": 0.05255581835271401,
    "q_table_size": 20
  },
  "final_epsilon": 0.051014987048693,
  "q_table_size": 20,
  "objective": "minimize -mean(total_reward); late_order_fraction is recorded for later composite objectives",
  "objective_mean": -238.2,
  "objective_std": 213.3670806640779,
  "total_reward_mean": 238.2,
  "total_reward_std": 213.3670806640779,
  "late_order_fraction_mean": 0.44080436557908503,
  "n_valid_replications": 10,
  "eval_replications": 10,
  "eval_seeds": [
    312345,
    313345,
    314345,
    315345,
    316345,
    317345,
    318345,
    319345,
    320345,
    321345
  ],
  "best_evaluation": {
    "replication": 3,
    "eval_seed": 315345,
    "total_reward": 554.0
  }
}