{
  "stage": "stage1_bo_trial",
  "trial_index": 57,
  "parameters": {
    "alpha": 0.37169514828085504,
    "gamma": 0.99,
    "target_final_epsilon": 0.10198284762110801,
    "risk_t1": 360.0,
    "risk_window": 1440.0,
    "epsilon_min": 0.10198284762110801,
    "epsilon_decay": 0.9977196533094576
  },
  "training_episodes": 1000,
  "n_training_failures": 0,
  "best_training": {
    "episode": 518,
    "training_seed": 730345,
    "total_reward": 969.0
  },
  "last_training": {
    "episode": 999,
    "training_seed": 1211345,
    "total_reward": 225.0,
    "epsilon": 0.10221593539109988,
    "q_table_size": 24
  },
  "final_epsilon": 0.10198284762111008,
  "q_table_size": 24,
  "objective": "minimize -mean(total_reward); late_order_fraction is recorded for later composite objectives",
  "objective_mean": -102.2,
  "objective_std": 233.41750862635246,
  "total_reward_mean": 102.2,
  "total_reward_std": 233.41750862635246,
  "late_order_fraction_mean": 0.46499319502810027,
  "n_valid_replications": 10,
  "eval_replications": 10,
  "eval_seeds": [
    312345,
    313345,
    314345,
    315345,
    316345,
    317345,
    318345,
    319345,
    320345,
    321345
  ],
  "best_evaluation": {
    "replication": 0,
    "eval_seed": 312345,
    "total_reward": 488.0
  }
}