{
  "stage": "stage1_bo_trial",
  "trial_index": 31,
  "parameters": {
    "alpha": 0.06517083357510971,
    "gamma": 0.95,
    "target_final_epsilon": 0.028294591832122143,
    "risk_t1": 175.214912,
    "risk_window": 758.004,
    "epsilon_min": 0.028294591832122143,
    "epsilon_decay": 0.9964412627749379
  },
  "training_episodes": 1000,
  "n_training_failures": 0,
  "best_training": {
    "episode": 385,
    "training_seed": 597345,
    "total_reward": 1049.0
  },
  "last_training": {
    "episode": 999,
    "training_seed": 1211345,
    "total_reward": 405.0,
    "epsilon": 0.02839564446912298,
    "q_table_size": 23
  },
  "final_epsilon": 0.028294591832122143,
  "q_table_size": 23,
  "objective": "minimize -mean(total_reward); late_order_fraction is recorded for later composite objectives",
  "objective_mean": -244.2,
  "objective_std": 267.3461343568587,
  "total_reward_mean": 244.2,
  "total_reward_std": 267.3461343568587,
  "late_order_fraction_mean": 0.4394596404675125,
  "n_valid_replications": 10,
  "eval_replications": 10,
  "eval_seeds": [
    312345,
    313345,
    314345,
    315345,
    316345,
    317345,
    318345,
    319345,
    320345,
    321345
  ],
  "best_evaluation": {
    "replication": 0,
    "eval_seed": 312345,
    "total_reward": 848.0
  }
}