{
  "method": "bo",
  "run_index": 2,
  "best_parameters": {
    "preparation_capacity": 4,
    "sorting_capacity": 4,
    "analysis1_capacity": 5,
    "analysis2_capacity": 5,
    "evaluation_capacity": 5,
    "dispatching_capacity": 1,
    "worker_capacity": 7
  },
  "best_objective": -0.07206202362456844,
  "aggregated_kpis": {
    "n_orders_completed_mean": 985.8,
    "n_orders_in_date_mean": 985.8,
    "n_orders_late_mean": 0.0,
    "n_orders_created_mean": 1002.9666666666667,
    "n_orders_incomplete_mean": 17.166666666666668,
    "late_order_fraction_mean": 0.0,
    "time_in_system_mean_mean": 23.695877613235936,
    "time_in_system_std_mean": 7.076168662206381,
    "wip_time_in_system_mean_mean": 12.867617912447903,
    "wip_time_in_system_std_mean": 8.148939114403126,
    "wip_time_in_system_min_mean": 1.2997966734314939,
    "wip_time_in_system_max_mean": 28.42723511034666,
    "wip_mean_mean": 16.398101759899866,
    "work_in_progress_mean_mean": 16.398101759899866,
    "completed_norm_mean": 0.9829310274653744,
    "late_total_norm_mean": 0.017068972534625675,
    "on_time_loss_norm_mean": 0.017068972534625672,
    "station_capacity_norm_mean": 0.75,
    "worker_capacity_norm_mean": 0.6666666666666669,
    "time_in_system_mean_norm_mean": 0.0658218822589887,
    "time_in_system_std_norm_mean": 0.019656024061684388,
    "objective_completed_contribution_mean": -0.9829310274653744,
    "objective_late_contribution_mean": 0.051206917603877036,
    "objective_station_capacity_contribution_mean": 0.6000000000000002,
    "objective_worker_capacity_contribution_mean": 0.23333333333333334,
    "objective_time_mean_contribution_mean": 0.026328752903595487,
    "objective_time_std_contribution_mean": 0.0
  }
}