{
  "stage": "stage1_bo_trial",
  "trial_index": 52,
  "parameters": {
    "alpha": 0.02004796611277362,
    "gamma": 0.16498413964671169,
    "target_final_epsilon": 0.05811464743356254,
    "risk_t1": 175.214912,
    "risk_window": 758.004,
    "epsilon_min": 0.05811464743356254,
    "epsilon_decay": 0.9971587065966958
  },
  "training_episodes": 1000,
  "n_training_failures": 0,
  "best_training": {
    "episode": 718,
    "training_seed": 930345,
    "total_reward": 1157.0
  },
  "last_training": {
    "episode": 999,
    "training_seed": 1211345,
    "total_reward": 485.0,
    "epsilon": 0.0582802386912983,
    "q_table_size": 23
  },
  "final_epsilon": 0.05811464743356254,
  "q_table_size": 23,
  "objective": "minimize -mean(total_reward); late_order_fraction is recorded for later composite objectives",
  "objective_mean": -120.2,
  "objective_std": 273.0570961864529,
  "total_reward_mean": 120.2,
  "total_reward_std": 273.0570961864529,
  "late_order_fraction_mean": 0.46173445744080677,
  "n_valid_replications": 10,
  "eval_replications": 10,
  "eval_seeds": [
    312345,
    313345,
    314345,
    315345,
    316345,
    317345,
    318345,
    319345,
    320345,
    321345
  ],
  "best_evaluation": {
    "replication": 0,
    "eval_seed": 312345,
    "total_reward": 608.0
  }
}