{
  "stage": "stage1_bo_trial",
  "trial_index": 34,
  "parameters": {
    "alpha": 0.06893158105651352,
    "gamma": 0.08100251226903259,
    "target_final_epsilon": 0.03365207451181813,
    "risk_t1": 175.214912,
    "risk_window": 758.004,
    "epsilon_min": 0.03365207451181813,
    "epsilon_decay": 0.9966140646762648
  },
  "training_episodes": 1000,
  "n_training_failures": 0,
  "best_training": {
    "episode": 718,
    "training_seed": 930345,
    "total_reward": 1197.0
  },
  "last_training": {
    "episode": 999,
    "training_seed": 1211345,
    "total_reward": 265.0,
    "epsilon": 0.033766405376539174,
    "q_table_size": 23
  },
  "final_epsilon": 0.03365207451181919,
  "q_table_size": 23,
  "objective": "minimize -mean(total_reward); late_order_fraction is recorded for later composite objectives",
  "objective_mean": -160.2,
  "objective_std": 195.76675463985762,
  "total_reward_mean": 160.2,
  "total_reward_std": 195.76675463985762,
  "late_order_fraction_mean": 0.4546684469912393,
  "n_valid_replications": 10,
  "eval_replications": 10,
  "eval_seeds": [
    312345,
    313345,
    314345,
    315345,
    316345,
    317345,
    318345,
    319345,
    320345,
    321345
  ],
  "best_evaluation": {
    "replication": 0,
    "eval_seed": 312345,
    "total_reward": 548.0
  }
}