{
  "stage": "stage1_bo_trial",
  "trial_index": 12,
  "parameters": {
    "alpha": 0.4077119448191418,
    "gamma": 0.2,
    "target_final_epsilon": 0.1892810798331334,
    "risk_t1": 257.4062461548156,
    "risk_window": 1597.1164453739939,
    "epsilon_min": 0.1892810798331334,
    "epsilon_decay": 0.9834925445227638
  },
  "training_episodes": 100,
  "n_training_failures": 0,
  "best_training": {
    "episode": 91,
    "training_seed": 303345,
    "total_reward": 961.0
  },
  "last_training": {
    "episode": 99,
    "training_seed": 311345,
    "total_reward": -304.0,
    "epsilon": 0.19245807290281056,
    "q_table_size": 20
  },
  "final_epsilon": 0.1892810798331334,
  "q_table_size": 20,
  "objective": "minimize -mean(total_reward); late_order_fraction is recorded for later composite objectives",
  "objective_mean": -118.2,
  "objective_std": 216.76654108356607,
  "total_reward_mean": 118.2,
  "total_reward_std": 216.76654108356607,
  "late_order_fraction_mean": 0.46204757400504104,
  "n_valid_replications": 10,
  "eval_replications": 10,
  "eval_seeds": [
    312345,
    313345,
    314345,
    315345,
    316345,
    317345,
    318345,
    319345,
    320345,
    321345
  ],
  "best_evaluation": {
    "replication": 0,
    "eval_seed": 312345,
    "total_reward": 608.0
  }
}