{
  "stage": "stage1_bo_trial",
  "trial_index": 16,
  "parameters": {
    "alpha": 0.007285339358770824,
    "gamma": 0.4149638802318638,
    "target_final_epsilon": 0.04878072406617662,
    "risk_t1": 175.214912,
    "risk_window": 120.0,
    "epsilon_min": 0.04878072406617662,
    "epsilon_decay": 0.9969841368367667
  },
  "training_episodes": 1000,
  "n_training_failures": 0,
  "best_training": {
    "episode": 718,
    "training_seed": 930345,
    "total_reward": 1157.0
  },
  "last_training": {
    "episode": 999,
    "training_seed": 1211345,
    "total_reward": 405.0,
    "epsilon": 0.04892828507878676,
    "q_table_size": 24
  },
  "final_epsilon": 0.048780724066177464,
  "q_table_size": 24,
  "objective": "minimize -mean(total_reward); late_order_fraction is recorded for later composite objectives",
  "objective_mean": -114.2,
  "objective_std": 291.5372284212697,
  "total_reward_mean": 114.2,
  "total_reward_std": 291.5372284212697,
  "late_order_fraction_mean": 0.4628594641842848,
  "n_valid_replications": 10,
  "eval_replications": 10,
  "eval_seeds": [
    312345,
    313345,
    314345,
    315345,
    316345,
    317345,
    318345,
    319345,
    320345,
    321345
  ],
  "best_evaluation": {
    "replication": 0,
    "eval_seed": 312345,
    "total_reward": 628.0
  }
}