{
  "method": "bo",
  "run_index": 8,
  "best_parameters": {
    "preparation_capacity": 1,
    "sorting_capacity": 2,
    "analysis1_capacity": 2,
    "analysis2_capacity": 1,
    "evaluation_capacity": 2,
    "dispatching_capacity": 1,
    "worker_capacity": 3
  },
  "best_objective": 1.1758132587356458,
  "aggregated_kpis": {
    "n_orders_completed_mean": 611.8,
    "n_orders_in_date_mean": 397.76666666666665,
    "n_orders_late_mean": 214.03333333333333,
    "n_orders_created_mean": 1002.4666666666667,
    "n_orders_incomplete_mean": 390.6666666666667,
    "late_order_fraction_mean": 0.3428605939720779,
    "time_in_system_mean_mean": 278.701797544308,
    "time_in_system_std_mean": 148.94954244445861,
    "wip_time_in_system_mean_mean": 280.05088957606324,
    "wip_time_in_system_std_mean": 161.46019526265906,
    "wip_time_in_system_min_mean": 1.2307192445421455,
    "wip_time_in_system_max_mean": 566.867278387925,
    "wip_mean_mean": 197.82066917515542,
    "work_in_progress_mean_mean": 197.82066917515542,
    "completed_norm_mean": 0.6098195753228121,
    "late_total_norm_mean": 0.6029490299228598,
    "on_time_loss_norm_mean": 0.6029490299228598,
    "station_capacity_norm_mean": 0.125,
    "worker_capacity_norm_mean": 0.22222222222222224,
    "time_in_system_mean_norm_mean": 0.7741716598453003,
    "time_in_system_std_norm_mean": 0.4137487290123852,
    "objective_completed_contribution_mean": -0.2134368513629842,
    "objective_late_contribution_mean": 0.48235922393828795,
    "objective_station_capacity_contribution_mean": 0.375,
    "objective_worker_capacity_contribution_mean": 0.22222222222222224,
    "objective_time_mean_contribution_mean": 0.30966866393812004,
    "objective_time_std_contribution_mean": 0.0
  }
}