{
  "method": "random_search",
  "run_index": 0,
  "best_parameters": {
    "preparation_capacity": 5,
    "sorting_capacity": 4,
    "analysis1_capacity": 4,
    "analysis2_capacity": 1,
    "evaluation_capacity": 5,
    "dispatching_capacity": 5,
    "worker_capacity": 9
  },
  "best_objective": 0.18985918882739972,
  "aggregated_kpis": {
    "n_orders_completed_mean": 934.3666666666667,
    "n_orders_in_date_mean": 934.3666666666667,
    "n_orders_late_mean": 0.0,
    "n_orders_created_mean": 992.4333333333333,
    "n_orders_incomplete_mean": 58.06666666666667,
    "late_order_fraction_mean": 0.0,
    "time_in_system_mean_mean": 43.623414226932645,
    "time_in_system_std_mean": 16.291008570829838,
    "wip_time_in_system_mean_mean": 43.755996587383315,
    "wip_time_in_system_std_mean": 25.485175910729847,
    "wip_time_in_system_min_mean": 1.9505747702420801,
    "wip_time_in_system_max_mean": 95.71978578586747,
    "wip_mean_mean": 32.62563132782243,
    "work_in_progress_mean_mean": 32.62563132782243,
    "completed_norm_mean": 0.9424305956339648,
    "late_total_norm_mean": 0.05756940436603529,
    "on_time_loss_norm_mean": 0.057569404366035304,
    "station_capacity_norm_mean": 0.75,
    "worker_capacity_norm_mean": 0.888888888888889,
    "time_in_system_mean_norm_mean": 0.12117615063036849,
    "time_in_system_std_norm_mean": 0.04525280158563844,
    "objective_completed_contribution_mean": -0.9424305956339648,
    "objective_late_contribution_mean": 0.17270821309810586,
    "objective_station_capacity_contribution_mean": 0.6000000000000002,
    "objective_worker_capacity_contribution_mean": 0.3111111111111111,
    "objective_time_mean_contribution_mean": 0.04847046025214739,
    "objective_time_std_contribution_mean": 0.0
  }
}