{
  "stage": "stage1_bo_trial",
  "trial_index": 74,
  "parameters": {
    "alpha": 0.06901013017498753,
    "gamma": 0.8,
    "target_final_epsilon": 0.016645657213751094,
    "risk_t1": 175.214912,
    "risk_window": 758.004,
    "epsilon_min": 0.016645657213751094,
    "epsilon_decay": 0.9959127696311378
  },
  "training_episodes": 1000,
  "n_training_failures": 0,
  "best_training": {
    "episode": 518,
    "training_seed": 730345,
    "total_reward": 1169.0
  },
  "last_training": {
    "episode": 999,
    "training_seed": 1211345,
    "total_reward": 565.0,
    "epsilon": 0.016713971063866878,
    "q_table_size": 24
  },
  "final_epsilon": 0.016645657213751094,
  "q_table_size": 24,
  "objective": "minimize -mean(total_reward); late_order_fraction is recorded for later composite objectives",
  "objective_mean": -318.2,
  "objective_std": 262.68054108872747,
  "total_reward_mean": 318.2,
  "total_reward_std": 262.68054108872747,
  "late_order_fraction_mean": 0.426351044107718,
  "n_valid_replications": 10,
  "eval_replications": 10,
  "eval_seeds": [
    312345,
    313345,
    314345,
    315345,
    316345,
    317345,
    318345,
    319345,
    320345,
    321345
  ],
  "best_evaluation": {
    "replication": 0,
    "eval_seed": 312345,
    "total_reward": 868.0
  }
}