{
  "stage": "stage1_bo_trial",
  "trial_index": 14,
  "parameters": {
    "alpha": 0.005,
    "gamma": 0.5,
    "target_final_epsilon": 0.05816434376575546,
    "risk_t1": 139.96100973102557,
    "risk_window": 365.9316546581399,
    "epsilon_min": 0.05816434376575546,
    "epsilon_decay": 0.9971595589459297
  },
  "training_episodes": 1000,
  "n_training_failures": 0,
  "best_training": {
    "episode": 718,
    "training_seed": 930345,
    "total_reward": 1157.0
  },
  "last_training": {
    "episode": 999,
    "training_seed": 1211345,
    "total_reward": 465.0,
    "epsilon": 0.058330026768475304,
    "q_table_size": 23
  },
  "final_epsilon": 0.058164343765757104,
  "q_table_size": 23,
  "objective": "minimize -mean(total_reward); late_order_fraction is recorded for later composite objectives",
  "objective_mean": -140.2,
  "objective_std": 264.19723272165015,
  "total_reward_mean": 140.2,
  "total_reward_std": 264.19723272165015,
  "late_order_fraction_mean": 0.4581195943982938,
  "n_valid_replications": 10,
  "eval_replications": 10,
  "eval_seeds": [
    312345,
    313345,
    314345,
    315345,
    316345,
    317345,
    318345,
    319345,
    320345,
    321345
  ],
  "best_evaluation": {
    "replication": 0,
    "eval_seed": 312345,
    "total_reward": 628.0
  }
}