{
  "method": "bo",
  "run_index": 17,
  "best_parameters": {
    "preparation_capacity": 1,
    "sorting_capacity": 2,
    "analysis1_capacity": 2,
    "analysis2_capacity": 1,
    "evaluation_capacity": 1,
    "dispatching_capacity": 1,
    "worker_capacity": 3
  },
  "best_objective": 1.0383937199690985,
  "aggregated_kpis": {
    "n_orders_completed_mean": 576.0666666666667,
    "n_orders_in_date_mean": 397.9,
    "n_orders_late_mean": 178.16666666666666,
    "n_orders_created_mean": 1002.7666666666667,
    "n_orders_incomplete_mean": 426.7,
    "late_order_fraction_mean": 0.2885042535400945,
    "time_in_system_mean_mean": 257.3162205834236,
    "time_in_system_std_mean": 137.95312742054824,
    "wip_time_in_system_mean_mean": 307.86624969664285,
    "wip_time_in_system_std_mean": 179.06595653228948,
    "wip_time_in_system_min_mean": 1.5311519573228527,
    "wip_time_in_system_max_mean": 616.1790109826004,
    "wip_mean_mean": 203.9644500464819,
    "work_in_progress_mean_mean": 203.9644500464819,
    "completed_norm_mean": 0.5754074647559071,
    "late_total_norm_mean": 0.6020714983151051,
    "on_time_loss_norm_mean": 0.6020714983151051,
    "station_capacity_norm_mean": 0.08333333333333336,
    "worker_capacity_norm_mean": 0.22222222222222224,
    "time_in_system_mean_norm_mean": 0.7147672793983991,
    "time_in_system_std_norm_mean": 0.3832031317237451,
    "objective_completed_contribution_mean": -0.20139261266456746,
    "objective_late_contribution_mean": 0.48165719865208406,
    "objective_station_capacity_contribution_mean": 0.25,
    "objective_worker_capacity_contribution_mean": 0.22222222222222224,
    "objective_time_mean_contribution_mean": 0.2859069117593596,
    "objective_time_std_contribution_mean": 0.0
  }
}