{
  "stage": "stage1_bo_trial",
  "trial_index": 29,
  "parameters": {
    "alpha": 0.005,
    "gamma": 0.99,
    "target_final_epsilon": 0.005,
    "risk_t1": 0.0,
    "risk_window": 248.48833237481847,
    "epsilon_min": 0.005,
    "epsilon_decay": 0.9947156939605025
  },
  "training_episodes": 1000,
  "n_training_failures": 0,
  "best_training": {
    "episode": 718,
    "training_seed": 930345,
    "total_reward": 1097.0
  },
  "last_training": {
    "episode": 999,
    "training_seed": 1211345,
    "total_reward": 485.0,
    "epsilon": 0.005026561891360243,
    "q_table_size": 25
  },
  "final_epsilon": 0.005,
  "q_table_size": 25,
  "objective": "minimize -mean(total_reward); late_order_fraction is recorded for later composite objectives",
  "objective_mean": -106.2,
  "objective_std": 264.4023869450165,
  "total_reward_mean": 106.2,
  "total_reward_std": 264.4023869450165,
  "late_order_fraction_mean": 0.464127175829223,
  "n_valid_replications": 10,
  "eval_replications": 10,
  "eval_seeds": [
    312345,
    313345,
    314345,
    315345,
    316345,
    317345,
    318345,
    319345,
    320345,
    321345
  ],
  "best_evaluation": {
    "replication": 0,
    "eval_seed": 312345,
    "total_reward": 628.0
  }
}