{
  "stage": "stage1_bo_trial",
  "trial_index": 26,
  "parameters": {
    "alpha": 0.7,
    "gamma": 0.2,
    "target_final_epsilon": 0.09143099153881923,
    "risk_t1": 175.214912,
    "risk_window": 758.004,
    "epsilon_min": 0.09143099153881923,
    "epsilon_decay": 0.9763621482858958
  },
  "training_episodes": 100,
  "n_training_failures": 0,
  "best_training": {
    "episode": 91,
    "training_seed": 303345,
    "total_reward": 881.0
  },
  "last_training": {
    "episode": 99,
    "training_seed": 311345,
    "total_reward": -164.0,
    "epsilon": 0.09364454746564636,
    "q_table_size": 22
  },
  "final_epsilon": 0.09143099153881923,
  "q_table_size": 22,
  "objective": "minimize -mean(total_reward); late_order_fraction is recorded for later composite objectives",
  "objective_mean": -140.2,
  "objective_std": 250.90095434033105,
  "total_reward_mean": 140.2,
  "total_reward_std": 250.90095434033105,
  "late_order_fraction_mean": 0.4583762710592964,
  "n_valid_replications": 10,
  "eval_replications": 10,
  "eval_seeds": [
    312345,
    313345,
    314345,
    315345,
    316345,
    317345,
    318345,
    319345,
    320345,
    321345
  ],
  "best_evaluation": {
    "replication": 0,
    "eval_seed": 312345,
    "total_reward": 508.0
  }
}