{
  "method": "random_search",
  "run_index": 16,
  "best_parameters": {
    "preparation_capacity": 2,
    "sorting_capacity": 1,
    "analysis1_capacity": 1,
    "analysis2_capacity": 1,
    "evaluation_capacity": 1,
    "dispatching_capacity": 2,
    "worker_capacity": 2
  },
  "best_objective": 1.50132075205694,
  "aggregated_kpis": {
    "n_orders_completed_mean": 312.6666666666667,
    "n_orders_in_date_mean": 115.1,
    "n_orders_late_mean": 197.56666666666666,
    "n_orders_created_mean": 999.8333333333334,
    "n_orders_incomplete_mean": 687.1666666666666,
    "late_order_fraction_mean": 0.6199301513302635,
    "time_in_system_mean_mean": 487.9355318274094,
    "time_in_system_std_mean": 272.2663056146226,
    "wip_time_in_system_mean_mean": 495.5161644654285,
    "wip_time_in_system_std_mean": 285.6072293397057,
    "wip_time_in_system_min_mean": 1.3498844352776662,
    "wip_time_in_system_max_mean": 986.7614458338555,
    "wip_mean_mean": 344.7939345988436,
    "work_in_progress_mean_mean": 344.7939345988436,
    "completed_norm_mean": 0.3133321518041035,
    "late_total_norm_mean": 0.8846566289474016,
    "on_time_loss_norm_mean": 0.8846566289474016,
    "station_capacity_norm_mean": 0.08333333333333336,
    "worker_capacity_norm_mean": 0.11111111111111112,
    "time_in_system_mean_norm_mean": 1.3553764772983596,
    "time_in_system_std_norm_mean": 0.7562952933739516,
    "objective_completed_contribution_mean": -0.10966625313143621,
    "objective_late_contribution_mean": 0.7077253031579214,
    "objective_station_capacity_contribution_mean": 0.25,
    "objective_worker_capacity_contribution_mean": 0.11111111111111112,
    "objective_time_mean_contribution_mean": 0.5421505909193438,
    "objective_time_std_contribution_mean": 0.0
  }
}