{
  "stage": "stage1_bo_trial",
  "trial_index": 14,
  "parameters": {
    "alpha": 0.0001,
    "gamma": 0.5601184054586843,
    "target_final_epsilon": 0.03617587525774415,
    "risk_t1": 175.214912,
    "risk_window": 758.004,
    "epsilon_min": 0.03617587525774415,
    "epsilon_decay": 0.9673512350562611
  },
  "training_episodes": 100,
  "n_training_failures": 0,
  "best_training": {
    "episode": 91,
    "training_seed": 303345,
    "total_reward": 1221.0
  },
  "last_training": {
    "episode": 99,
    "training_seed": 311345,
    "total_reward": -204.0,
    "epsilon": 0.03739683575804819,
    "q_table_size": 22
  },
  "final_epsilon": 0.03617587525774415,
  "q_table_size": 22,
  "objective": "minimize -mean(total_reward); late_order_fraction is recorded for later composite objectives",
  "objective_mean": -214.2,
  "objective_std": 264.2359215213219,
  "total_reward_mean": 214.2,
  "total_reward_std": 264.2359215213219,
  "late_order_fraction_mean": 0.4449659117960268,
  "n_valid_replications": 10,
  "eval_replications": 10,
  "eval_seeds": [
    312345,
    313345,
    314345,
    315345,
    316345,
    317345,
    318345,
    319345,
    320345,
    321345
  ],
  "best_evaluation": {
    "replication": 0,
    "eval_seed": 312345,
    "total_reward": 808.0
  }
}