{
  "method": "random_search",
  "run_index": 0,
  "best_parameters": {
    "preparation_capacity": 1,
    "sorting_capacity": 4,
    "analysis1_capacity": 5,
    "analysis2_capacity": 5,
    "evaluation_capacity": 4,
    "dispatching_capacity": 3,
    "worker_capacity": 7
  },
  "best_objective": 1.4783141925198335,
  "aggregated_kpis": {
    "n_orders_completed_mean": 706.0,
    "n_orders_in_date_mean": 604.0,
    "n_orders_late_mean": 102.0,
    "n_orders_created_mean": 994.0,
    "n_orders_incomplete_mean": 288.0,
    "late_order_fraction_mean": 0.14447592067988668,
    "time_in_system_mean_mean": 220.3620489217735,
    "time_in_system_std_mean": 114.90392935902646,
    "wip_time_in_system_mean_mean": 227.9521709201917,
    "wip_time_in_system_std_mean": 125.55816937898494,
    "wip_time_in_system_min_mean": 2.721857932257535,
    "wip_time_in_system_max_mean": 452.59872067102197,
    "wip_mean_mean": 153.62904983596354,
    "work_in_progress_mean_mean": 153.62904983596354,
    "completed_norm_mean": 0.710261569416499,
    "late_total_norm_mean": 0.39235412474849096,
    "on_time_loss_norm_mean": 0.39235412474849096,
    "station_capacity_norm_mean": 0.6666666666666666,
    "worker_capacity_norm_mean": 0.6666666666666666,
    "time_in_system_mean_norm_mean": 0.612116802560482,
    "time_in_system_std_norm_mean": 0.3191775815528513,
    "objective_completed_contribution_mean": -0.710261569416499,
    "objective_late_contribution_mean": 1.1770623742454729,
    "objective_station_capacity_contribution_mean": 0.5333333333333333,
    "objective_worker_capacity_contribution_mean": 0.2333333333333333,
    "objective_time_mean_contribution_mean": 0.2448467210241928,
    "objective_time_std_contribution_mean": 0.0
  }
}