{
  "stage": "stage1_bo_trial",
  "trial_index": 54,
  "parameters": {
    "alpha": 0.0038259910570621184,
    "gamma": 0.3937545357236921,
    "target_final_epsilon": 0.07652976856438826,
    "risk_t1": 175.214912,
    "risk_window": 120.0,
    "epsilon_min": 0.07652976856438826,
    "epsilon_decay": 0.9974332243341801
  },
  "training_episodes": 1000,
  "n_training_failures": 0,
  "best_training": {
    "episode": 718,
    "training_seed": 930345,
    "total_reward": 1117.0
  },
  "last_training": {
    "episode": 999,
    "training_seed": 1211345,
    "total_reward": 85.0,
    "epsilon": 0.07672670881349154,
    "q_table_size": 24
  },
  "final_epsilon": 0.07652976856439063,
  "q_table_size": 24,
  "objective": "minimize -mean(total_reward); late_order_fraction is recorded for later composite objectives",
  "objective_mean": -84.2,
  "objective_std": 192.60368059250004,
  "total_reward_mean": 84.2,
  "total_reward_std": 192.60368059250004,
  "late_order_fraction_mean": 0.4683761946930093,
  "n_valid_replications": 10,
  "eval_replications": 10,
  "eval_seeds": [
    312345,
    313345,
    314345,
    315345,
    316345,
    317345,
    318345,
    319345,
    320345,
    321345
  ],
  "best_evaluation": {
    "replication": 7,
    "eval_seed": 319345,
    "total_reward": 307.0
  }
}