{
  "stage": "stage1_bo_trial",
  "trial_index": 10,
  "parameters": {
    "alpha": 0.6420837925683552,
    "gamma": 0.2,
    "target_final_epsilon": 0.09799580532403586,
    "risk_t1": 232.17563036289417,
    "risk_window": 1712.3253959108536,
    "epsilon_min": 0.09799580532403586,
    "epsilon_decay": 0.9976798650793547
  },
  "training_episodes": 1000,
  "n_training_failures": 0,
  "best_training": {
    "episode": 668,
    "training_seed": 880345,
    "total_reward": 929.0
  },
  "last_training": {
    "episode": 999,
    "training_seed": 1211345,
    "total_reward": 205.0,
    "epsilon": 0.09822369755476716,
    "q_table_size": 23
  },
  "final_epsilon": 0.09799580532403586,
  "q_table_size": 23,
  "objective": "minimize -mean(total_reward); late_order_fraction is recorded for later composite objectives",
  "objective_mean": -118.2,
  "objective_std": 193.25561656348654,
  "total_reward_mean": 118.2,
  "total_reward_std": 193.25561656348654,
  "late_order_fraction_mean": 0.4621989290927747,
  "n_valid_replications": 10,
  "eval_replications": 10,
  "eval_seeds": [
    312345,
    313345,
    314345,
    315345,
    316345,
    317345,
    318345,
    319345,
    320345,
    321345
  ],
  "best_evaluation": {
    "replication": 0,
    "eval_seed": 312345,
    "total_reward": 428.0
  }
}