{
  "stage": "stage1_bo_trial",
  "trial_index": 10,
  "parameters": {
    "alpha": 0.40806991444366236,
    "gamma": 0.5,
    "target_final_epsilon": 0.010739766161688785,
    "risk_t1": 224.12984654031285,
    "risk_window": 1371.242579600508,
    "epsilon_min": 0.010739766161688785,
    "epsilon_decay": 0.9954764602025928
  },
  "training_episodes": 1000,
  "n_training_failures": 0,
  "best_training": {
    "episode": 598,
    "training_seed": 810345,
    "total_reward": 1135.0
  },
  "last_training": {
    "episode": 999,
    "training_seed": 1211345,
    "total_reward": 445.0,
    "epsilon": 0.01078856868147627,
    "q_table_size": 23
  },
  "final_epsilon": 0.010739766161688785,
  "q_table_size": 23,
  "objective": "minimize -mean(total_reward); late_order_fraction is recorded for later composite objectives",
  "objective_mean": -78.2,
  "objective_std": 233.7257652321056,
  "total_reward_mean": 78.2,
  "total_reward_std": 233.7257652321056,
  "late_order_fraction_mean": 0.4693632910302882,
  "n_valid_replications": 10,
  "eval_replications": 10,
  "eval_seeds": [
    312345,
    313345,
    314345,
    315345,
    316345,
    317345,
    318345,
    319345,
    320345,
    321345
  ],
  "best_evaluation": {
    "replication": 0,
    "eval_seed": 312345,
    "total_reward": 508.0
  }
}