{
  "stage": "stage1_bo_trial",
  "trial_index": 8,
  "parameters": {
    "alpha": 0.08,
    "gamma": 0.8288056350044917,
    "target_final_epsilon": 0.045552882312827406,
    "risk_t1": 175.214912,
    "risk_window": 758.004,
    "epsilon_min": 0.045552882312827406,
    "epsilon_decay": 0.9969158843066656
  },
  "training_episodes": 1000,
  "n_training_failures": 0,
  "best_training": {
    "episode": 934,
    "training_seed": 1146345,
    "total_reward": 1202.0
  },
  "last_training": {
    "episode": 999,
    "training_seed": 1211345,
    "total_reward": 405.0,
    "epsilon": 0.045693807301012045,
    "q_table_size": 24
  },
  "final_epsilon": 0.045552882312827406,
  "q_table_size": 24,
  "objective": "minimize -mean(total_reward); late_order_fraction is recorded for later composite objectives",
  "objective_mean": -100.2,
  "objective_std": 190.95130269259752,
  "total_reward_mean": 100.2,
  "total_reward_std": 190.95130269259752,
  "late_order_fraction_mean": 0.4656085958802384,
  "n_valid_replications": 10,
  "eval_replications": 10,
  "eval_seeds": [
    312345,
    313345,
    314345,
    315345,
    316345,
    317345,
    318345,
    319345,
    320345,
    321345
  ],
  "best_evaluation": {
    "replication": 5,
    "eval_seed": 317345,
    "total_reward": 360.0
  }
}