{
  "method": "bo",
  "run_index": 10,
  "best_parameters": {
    "preparation_capacity": 1,
    "sorting_capacity": 1,
    "analysis1_capacity": 1,
    "analysis2_capacity": 1,
    "evaluation_capacity": 1,
    "dispatching_capacity": 1,
    "worker_capacity": 1
  },
  "best_objective": 1.1545625113531264,
  "aggregated_kpis": {
    "n_orders_completed_mean": 234.53333333333333,
    "n_orders_in_date_mean": 87.83333333333333,
    "n_orders_late_mean": 146.7,
    "n_orders_created_mean": 999.2333333333333,
    "n_orders_incomplete_mean": 764.7,
    "late_order_fraction_mean": 0.559211867930727,
    "time_in_system_mean_mean": 456.5292777721964,
    "time_in_system_std_mean": 254.01440965344133,
    "wip_time_in_system_mean_mean": 550.7925230754828,
    "wip_time_in_system_std_mean": 318.60302217619807,
    "wip_time_in_system_min_mean": 1.3670438725514713,
    "wip_time_in_system_max_mean": 1106.091996114432,
    "wip_mean_mean": 376.9252809350522,
    "work_in_progress_mean_mean": 376.9252809350522,
    "completed_norm_mean": 0.23506601244827896,
    "late_total_norm_mean": 0.9119760782872571,
    "on_time_loss_norm_mean": 0.9119760782872571,
    "station_capacity_norm_mean": 0.0,
    "worker_capacity_norm_mean": 0.0,
    "time_in_system_mean_norm_mean": 1.268136882700546,
    "time_in_system_std_norm_mean": 0.7055955823706703,
    "objective_completed_contribution_mean": -0.08227310435689762,
    "objective_late_contribution_mean": 0.7295808626298058,
    "objective_station_capacity_contribution_mean": 0.0,
    "objective_worker_capacity_contribution_mean": 0.0,
    "objective_time_mean_contribution_mean": 0.5072547530802183,
    "objective_time_std_contribution_mean": 0.0
  }
}