{
  "stage": "stage1_bo_trial",
  "trial_index": 1,
  "parameters": {
    "alpha": 0.05090599673138932,
    "gamma": 0.9093102192133665,
    "target_final_epsilon": 0.03592361274408177,
    "risk_t1": 175.214912,
    "risk_window": 758.004,
    "epsilon_min": 0.03592361274408177,
    "epsilon_decay": 0.9672835455569905
  },
  "training_episodes": 100,
  "n_training_failures": 0,
  "best_training": {
    "episode": 91,
    "training_seed": 303345,
    "total_reward": 1061.0
  },
  "last_training": {
    "episode": 99,
    "training_seed": 311345,
    "total_reward": -244.0,
    "epsilon": 0.037138657955145905,
    "q_table_size": 22
  },
  "final_epsilon": 0.03592361274408186,
  "q_table_size": 22,
  "objective": "minimize -mean(total_reward); late_order_fraction is recorded for later composite objectives",
  "objective_mean": -224.2,
  "objective_std": 137.67336545445366,
  "total_reward_mean": 224.2,
  "total_reward_std": 137.67336545445366,
  "late_order_fraction_mean": 0.4432282710639238,
  "n_valid_replications": 10,
  "eval_replications": 10,
  "eval_seeds": [
    312345,
    313345,
    314345,
    315345,
    316345,
    317345,
    318345,
    319345,
    320345,
    321345
  ],
  "best_evaluation": {
    "replication": 5,
    "eval_seed": 317345,
    "total_reward": 440.0
  }
}