{
  "method": "bo",
  "run_index": 18,
  "best_parameters": {
    "preparation_capacity": 1,
    "sorting_capacity": 2,
    "analysis1_capacity": 2,
    "analysis2_capacity": 1,
    "evaluation_capacity": 1,
    "dispatching_capacity": 1,
    "worker_capacity": 3
  },
  "best_objective": 1.0490965701396227,
  "aggregated_kpis": {
    "n_orders_completed_mean": 560.0,
    "n_orders_in_date_mean": 383.76666666666665,
    "n_orders_late_mean": 176.23333333333332,
    "n_orders_created_mean": 1003.0333333333333,
    "n_orders_incomplete_mean": 443.03333333333336,
    "late_order_fraction_mean": 0.2852465817023578,
    "time_in_system_mean_mean": 251.40577985971632,
    "time_in_system_std_mean": 134.69130398195801,
    "wip_time_in_system_mean_mean": 318.22881725045386,
    "wip_time_in_system_std_mean": 182.24114092426697,
    "wip_time_in_system_min_mean": 1.5199083171057888,
    "wip_time_in_system_max_mean": 638.33277157609,
    "wip_mean_mean": 213.17715533776666,
    "work_in_progress_mean_mean": 213.17715533776666,
    "completed_norm_mean": 0.5583720800918606,
    "late_total_norm_mean": 0.6162060256873334,
    "on_time_loss_norm_mean": 0.6162060256873334,
    "station_capacity_norm_mean": 0.08333333333333336,
    "worker_capacity_norm_mean": 0.22222222222222224,
    "time_in_system_mean_norm_mean": 0.6983493884992119,
    "time_in_system_std_norm_mean": 0.37414251106099444,
    "objective_completed_contribution_mean": -0.19543022803215118,
    "objective_late_contribution_mean": 0.4929648205498669,
    "objective_station_capacity_contribution_mean": 0.25,
    "objective_worker_capacity_contribution_mean": 0.22222222222222224,
    "objective_time_mean_contribution_mean": 0.27933975539968475,
    "objective_time_std_contribution_mean": 0.0
  }
}