{
  "stage": "stage1_bo_trial",
  "trial_index": 24,
  "parameters": {
    "alpha": 0.002102438135791355,
    "gamma": 0.35935377417417874,
    "target_final_epsilon": 0.07460545305186125,
    "risk_t1": 175.214912,
    "risk_window": 120.0,
    "epsilon_min": 0.07460545305186125,
    "epsilon_decay": 0.9974078238286652
  },
  "training_episodes": 1000,
  "n_training_failures": 0,
  "best_training": {
    "episode": 633,
    "training_seed": 845345,
    "total_reward": 1147.0
  },
  "last_training": {
    "episode": 999,
    "training_seed": 1211345,
    "total_reward": 585.0,
    "epsilon": 0.0747993461345439,
    "q_table_size": 24
  },
  "final_epsilon": 0.07460545305186252,
  "q_table_size": 24,
  "objective": "minimize -mean(total_reward); late_order_fraction is recorded for later composite objectives",
  "objective_mean": -332.2,
  "objective_std": 242.83364218694612,
  "total_reward_mean": 332.2,
  "total_reward_std": 242.83364218694612,
  "late_order_fraction_mean": 0.4238348132115285,
  "n_valid_replications": 10,
  "eval_replications": 10,
  "eval_seeds": [
    312345,
    313345,
    314345,
    315345,
    316345,
    317345,
    318345,
    319345,
    320345,
    321345
  ],
  "best_evaluation": {
    "replication": 0,
    "eval_seed": 312345,
    "total_reward": 848.0
  }
}