{
  "stage": "stage1_bo_trial",
  "trial_index": 15,
  "parameters": {
    "alpha": 0.021972694017257974,
    "gamma": 0.95,
    "target_final_epsilon": 0.03423359576774201,
    "risk_t1": 175.214912,
    "risk_window": 758.004,
    "epsilon_min": 0.03423359576774201,
    "epsilon_decay": 0.9668175498085775
  },
  "training_episodes": 100,
  "n_training_failures": 0,
  "best_training": {
    "episode": 91,
    "training_seed": 303345,
    "total_reward": 1221.0
  },
  "last_training": {
    "episode": 99,
    "training_seed": 311345,
    "total_reward": -184.0,
    "epsilon": 0.03540853780997266,
    "q_table_size": 20
  },
  "final_epsilon": 0.034233595767742146,
  "q_table_size": 20,
  "objective": "minimize -mean(total_reward); late_order_fraction is recorded for later composite objectives",
  "objective_mean": -144.2,
  "objective_std": 295.95525187283147,
  "total_reward_mean": 144.2,
  "total_reward_std": 295.95525187283147,
  "late_order_fraction_mean": 0.45760877086948054,
  "n_valid_replications": 10,
  "eval_replications": 10,
  "eval_seeds": [
    312345,
    313345,
    314345,
    315345,
    316345,
    317345,
    318345,
    319345,
    320345,
    321345
  ],
  "best_evaluation": {
    "replication": 0,
    "eval_seed": 312345,
    "total_reward": 568.0
  }
}