{
  "stage": "stage1_bo_trial",
  "trial_index": 43,
  "parameters": {
    "alpha": 0.018878976362795338,
    "gamma": 0.95,
    "target_final_epsilon": 0.011931963065184454,
    "risk_t1": 175.214912,
    "risk_window": 120.0,
    "epsilon_min": 0.011931963065184454,
    "epsilon_decay": 0.9955812569918362
  },
  "training_episodes": 1000,
  "n_training_failures": 0,
  "best_training": {
    "episode": 934,
    "training_seed": 1146345,
    "total_reward": 1102.0
  },
  "last_training": {
    "episode": 999,
    "training_seed": 1211345,
    "total_reward": 565.0,
    "epsilon": 0.011984921352615138,
    "q_table_size": 24
  },
  "final_epsilon": 0.011931963065184877,
  "q_table_size": 24,
  "objective": "minimize -mean(total_reward); late_order_fraction is recorded for later composite objectives",
  "objective_mean": -340.2,
  "objective_std": 245.52926958353092,
  "total_reward_mean": 340.2,
  "total_reward_std": 245.52926958353092,
  "late_order_fraction_mean": 0.4224043285313657,
  "n_valid_replications": 10,
  "eval_replications": 10,
  "eval_seeds": [
    312345,
    313345,
    314345,
    315345,
    316345,
    317345,
    318345,
    319345,
    320345,
    321345
  ],
  "best_evaluation": {
    "replication": 0,
    "eval_seed": 312345,
    "total_reward": 868.0
  }
}