{
  "stage": "stage1_bo_trial",
  "trial_index": 31,
  "parameters": {
    "alpha": 0.045342353745746654,
    "gamma": 0.4943317428236905,
    "target_final_epsilon": 0.03458392303533595,
    "risk_t1": 175.214912,
    "risk_window": 120.0,
    "epsilon_min": 0.03458392303533595,
    "epsilon_decay": 0.9966412867819111
  },
  "training_episodes": 1000,
  "n_training_failures": 0,
  "best_training": {
    "episode": 718,
    "training_seed": 930345,
    "total_reward": 1157.0
  },
  "last_training": {
    "episode": 999,
    "training_seed": 1211345,
    "total_reward": 385.0,
    "epsilon": 0.03470047196921454,
    "q_table_size": 23
  },
  "final_epsilon": 0.03458392303533762,
  "q_table_size": 23,
  "objective": "minimize -mean(total_reward); late_order_fraction is recorded for later composite objectives",
  "objective_mean": -128.2,
  "objective_std": 190.83721975664088,
  "total_reward_mean": 128.2,
  "total_reward_std": 190.83721975664088,
  "late_order_fraction_mean": 0.46034271565736934,
  "n_valid_replications": 10,
  "eval_replications": 10,
  "eval_seeds": [
    312345,
    313345,
    314345,
    315345,
    316345,
    317345,
    318345,
    319345,
    320345,
    321345
  ],
  "best_evaluation": {
    "replication": 0,
    "eval_seed": 312345,
    "total_reward": 548.0
  }
}