{
  "stage": "stage1_bo_trial",
  "trial_index": 30,
  "parameters": {
    "alpha": 0.0001,
    "gamma": 0.8986375508969235,
    "target_final_epsilon": 0.01520358413936892,
    "risk_t1": 175.214912,
    "risk_window": 758.004,
    "epsilon_min": 0.01520358413936892,
    "epsilon_decay": 0.9590018828025831
  },
  "training_episodes": 100,
  "n_training_failures": 0,
  "best_training": {
    "episode": 91,
    "training_seed": 303345,
    "total_reward": 1241.0
  },
  "last_training": {
    "episode": 99,
    "training_seed": 311345,
    "total_reward": -184.0,
    "epsilon": 0.015853549833435163,
    "q_table_size": 20
  },
  "final_epsilon": 0.01520358413936892,
  "q_table_size": 20,
  "objective": "minimize -mean(total_reward); late_order_fraction is recorded for later composite objectives",
  "objective_mean": -244.2,
  "objective_std": 233.74858288340488,
  "total_reward_mean": 244.2,
  "total_reward_std": 233.74858288340488,
  "late_order_fraction_mean": 0.439772969239721,
  "n_valid_replications": 10,
  "eval_replications": 10,
  "eval_seeds": [
    312345,
    313345,
    314345,
    315345,
    316345,
    317345,
    318345,
    319345,
    320345,
    321345
  ],
  "best_evaluation": {
    "replication": 0,
    "eval_seed": 312345,
    "total_reward": 568.0
  }
}