{
  "stage": "stage1_bo_trial",
  "trial_index": 0,
  "parameters": {
    "alpha": 0.038120511516928676,
    "gamma": 0.8389341533184052,
    "target_final_epsilon": 0.0609497906267643,
    "risk_t1": 175.214912,
    "risk_window": 758.004,
    "epsilon_min": 0.0609497906267643,
    "epsilon_decay": 0.9972062050708864
  },
  "training_episodes": 1000,
  "n_training_failures": 0,
  "best_training": {
    "episode": 518,
    "training_seed": 730345,
    "total_reward": 1209.0
  },
  "last_training": {
    "episode": 999,
    "training_seed": 1211345,
    "total_reward": 345.0,
    "epsilon": 0.06112054890636191,
    "q_table_size": 23
  },
  "final_epsilon": 0.0609497906267643,
  "q_table_size": 23,
  "objective": "minimize -mean(total_reward); late_order_fraction is recorded for later composite objectives",
  "objective_mean": -138.2,
  "objective_std": 154.54938081762447,
  "total_reward_mean": 138.2,
  "total_reward_std": 154.54938081762447,
  "late_order_fraction_mean": 0.4587281691271408,
  "n_valid_replications": 10,
  "eval_replications": 10,
  "eval_seeds": [
    312345,
    313345,
    314345,
    315345,
    316345,
    317345,
    318345,
    319345,
    320345,
    321345
  ],
  "best_evaluation": {
    "replication": 0,
    "eval_seed": 312345,
    "total_reward": 448.0
  }
}