{
  "stage": "stage1_bo_trial",
  "trial_index": 18,
  "parameters": {
    "alpha": 0.0005708437718891005,
    "gamma": 0.8717931026832965,
    "target_final_epsilon": 0.03895082465449355,
    "risk_t1": 175.214912,
    "risk_window": 758.004,
    "epsilon_min": 0.03895082465449355,
    "epsilon_decay": 0.9967598054626396
  },
  "training_episodes": 1000,
  "n_training_failures": 0,
  "best_training": {
    "episode": 518,
    "training_seed": 730345,
    "total_reward": 1009.0
  },
  "last_training": {
    "episode": 999,
    "training_seed": 1211345,
    "total_reward": 345.0,
    "epsilon": 0.03907744317239357,
    "q_table_size": 23
  },
  "final_epsilon": 0.03895082465449355,
  "q_table_size": 23,
  "objective": "minimize -mean(total_reward); late_order_fraction is recorded for later composite objectives",
  "objective_mean": -48.2,
  "objective_std": 157.2152098946607,
  "total_reward_mean": 48.2,
  "total_reward_std": 157.2152098946607,
  "late_order_fraction_mean": 0.47473918478793226,
  "n_valid_replications": 10,
  "eval_replications": 10,
  "eval_seeds": [
    312345,
    313345,
    314345,
    315345,
    316345,
    317345,
    318345,
    319345,
    320345,
    321345
  ],
  "best_evaluation": {
    "replication": 0,
    "eval_seed": 312345,
    "total_reward": 408.0
  }
}