{
  "stage": "stage1_bo_trial",
  "trial_index": 10,
  "parameters": {
    "alpha": 0.7,
    "gamma": 0.2,
    "target_final_epsilon": 0.07731098921683588,
    "risk_t1": 356.22588721689215,
    "risk_window": 1664.8348880812266,
    "epsilon_min": 0.07731098921683588,
    "epsilon_decay": 0.9747256894695805
  },
  "training_episodes": 100,
  "n_training_failures": 0,
  "best_training": {
    "episode": 91,
    "training_seed": 303345,
    "total_reward": 841.0
  },
  "last_training": {
    "episode": 99,
    "training_seed": 311345,
    "total_reward": -164.0,
    "epsilon": 0.07931563726293707,
    "q_table_size": 20
  },
  "final_epsilon": 0.07731098921683588,
  "q_table_size": 20,
  "objective": "minimize -mean(total_reward); late_order_fraction is recorded for later composite objectives",
  "objective_mean": -38.2,
  "objective_std": 251.17713979491757,
  "total_reward_mean": 38.2,
  "total_reward_std": 251.17713979491757,
  "late_order_fraction_mean": 0.47654363547605455,
  "n_valid_replications": 10,
  "eval_replications": 10,
  "eval_seeds": [
    312345,
    313345,
    314345,
    315345,
    316345,
    317345,
    318345,
    319345,
    320345,
    321345
  ],
  "best_evaluation": {
    "replication": 0,
    "eval_seed": 312345,
    "total_reward": 528.0
  }
}