{
  "stage": "stage1_bo_trial",
  "trial_index": 3,
  "parameters": {
    "alpha": 0.018311532595194878,
    "gamma": 0.913083851383999,
    "target_final_epsilon": 0.018374572130851446,
    "risk_t1": 175.214912,
    "risk_window": 758.004,
    "epsilon_min": 0.018374572130851446,
    "epsilon_decay": 0.960820304820994
  },
  "training_episodes": 100,
  "n_training_failures": 0,
  "best_training": {
    "episode": 91,
    "training_seed": 303345,
    "total_reward": 1241.0
  },
  "last_training": {
    "episode": 99,
    "training_seed": 311345,
    "total_reward": -164.0,
    "epsilon": 0.019123838285531203,
    "q_table_size": 20
  },
  "final_epsilon": 0.018374572130851488,
  "q_table_size": 20,
  "objective": "minimize -mean(total_reward); late_order_fraction is recorded for later composite objectives",
  "objective_mean": -202.2,
  "objective_std": 326.97155839613936,
  "total_reward_mean": 202.2,
  "total_reward_std": 326.97155839613936,
  "late_order_fraction_mean": 0.447062036150024,
  "n_valid_replications": 10,
  "eval_replications": 10,
  "eval_seeds": [
    312345,
    313345,
    314345,
    315345,
    316345,
    317345,
    318345,
    319345,
    320345,
    321345
  ],
  "best_evaluation": {
    "replication": 0,
    "eval_seed": 312345,
    "total_reward": 848.0
  }
}