{
  "stage": "stage1_bo_trial",
  "trial_index": 88,
  "parameters": {
    "alpha": 0.022947351326350302,
    "gamma": 0.8,
    "target_final_epsilon": 0.02081089227647397,
    "risk_t1": 175.214912,
    "risk_window": 758.004,
    "epsilon_min": 0.02081089227647397,
    "epsilon_decay": 0.9961352088413896
  },
  "training_episodes": 1000,
  "n_training_failures": 0,
  "best_training": {
    "episode": 126,
    "training_seed": 338345,
    "total_reward": 1183.0
  },
  "last_training": {
    "episode": 999,
    "training_seed": 1211345,
    "total_reward": 405.0,
    "epsilon": 0.020891634079152295,
    "q_table_size": 23
  },
  "final_epsilon": 0.020810892276474265,
  "q_table_size": 23,
  "objective": "minimize -mean(total_reward); late_order_fraction is recorded for later composite objectives",
  "objective_mean": -118.2,
  "objective_std": 266.6436656747061,
  "total_reward_mean": 118.2,
  "total_reward_std": 266.6436656747061,
  "late_order_fraction_mean": 0.4621349996464449,
  "n_valid_replications": 10,
  "eval_replications": 10,
  "eval_seeds": [
    312345,
    313345,
    314345,
    315345,
    316345,
    317345,
    318345,
    319345,
    320345,
    321345
  ],
  "best_evaluation": {
    "replication": 0,
    "eval_seed": 312345,
    "total_reward": 628.0
  }
}