{
  "method": "bo",
  "run_index": 7,
  "best_parameters": {
    "preparation_capacity": 3,
    "sorting_capacity": 4,
    "analysis1_capacity": 4,
    "analysis2_capacity": 3,
    "evaluation_capacity": 4,
    "dispatching_capacity": 1,
    "worker_capacity": 6
  },
  "best_objective": -0.14848251351141176,
  "aggregated_kpis": {
    "n_orders_completed_mean": 949.1666666666666,
    "n_orders_in_date_mean": 949.1666666666666,
    "n_orders_late_mean": 0.0,
    "n_orders_created_mean": 998.5333333333333,
    "n_orders_incomplete_mean": 49.36666666666667,
    "late_order_fraction_mean": 0.0,
    "time_in_system_mean_mean": 23.974375751961027,
    "time_in_system_std_mean": 7.244946493715899,
    "wip_time_in_system_mean_mean": 36.33500715552339,
    "wip_time_in_system_std_mean": 22.733304961129555,
    "wip_time_in_system_min_mean": 1.3946181016350465,
    "wip_time_in_system_max_mean": 80.5542788484751,
    "wip_mean_mean": 28.955619519894217,
    "work_in_progress_mean_mean": 28.955619519894217,
    "completed_norm_mean": 0.9507246216422864,
    "late_total_norm_mean": 0.04927537835771345,
    "on_time_loss_norm_mean": 0.04927537835771345,
    "station_capacity_norm_mean": 0.5416666666666665,
    "worker_capacity_norm_mean": 0.5555555555555556,
    "time_in_system_mean_norm_mean": 0.06659548819989175,
    "time_in_system_std_norm_mean": 0.020124851371433054,
    "objective_completed_contribution_mean": -0.9507246216422864,
    "objective_late_contribution_mean": 0.14782613507314038,
    "objective_station_capacity_contribution_mean": 0.4333333333333334,
    "objective_worker_capacity_contribution_mean": 0.1944444444444445,
    "objective_time_mean_contribution_mean": 0.0266381952799567,
    "objective_time_std_contribution_mean": 0.0
  }
}