{
  "stage": "stage1_bo_trial",
  "trial_index": 19,
  "parameters": {
    "alpha": 0.08,
    "gamma": 0.2,
    "target_final_epsilon": 0.026749733319807414,
    "risk_t1": 175.214912,
    "risk_window": 758.004,
    "epsilon_min": 0.026749733319807414,
    "epsilon_decay": 0.9644355146112813
  },
  "training_episodes": 100,
  "n_training_failures": 0,
  "best_training": {
    "episode": 91,
    "training_seed": 303345,
    "total_reward": 1221.0
  },
  "last_training": {
    "episode": 99,
    "training_seed": 311345,
    "total_reward": -244.0,
    "epsilon": 0.027736155413759206,
    "q_table_size": 21
  },
  "final_epsilon": 0.026749733319807414,
  "q_table_size": 21,
  "objective": "minimize -mean(total_reward); late_order_fraction is recorded for later composite objectives",
  "objective_mean": -92.2,
  "objective_std": 239.80399403586995,
  "total_reward_mean": 92.2,
  "total_reward_std": 239.80399403586995,
  "late_order_fraction_mean": 0.4666923931215356,
  "n_valid_replications": 10,
  "eval_replications": 10,
  "eval_seeds": [
    312345,
    313345,
    314345,
    315345,
    316345,
    317345,
    318345,
    319345,
    320345,
    321345
  ],
  "best_evaluation": {
    "replication": 0,
    "eval_seed": 312345,
    "total_reward": 548.0
  }
}