{
  "stage": "stage1_bo_trial",
  "trial_index": 35,
  "parameters": {
    "alpha": 0.5,
    "gamma": 0.5,
    "target_final_epsilon": 0.29890635447503816,
    "risk_t1": 360.0,
    "risk_window": 1440.0,
    "epsilon_min": 0.29890635447503816,
    "epsilon_decay": 0.9987931039351909
  },
  "training_episodes": 1000,
  "n_training_failures": 0,
  "best_training": {
    "episode": 718,
    "training_seed": 930345,
    "total_reward": 937.0
  },
  "last_training": {
    "episode": 999,
    "training_seed": 1211345,
    "total_reward": 145.0,
    "epsilon": 0.29926753929053607,
    "q_table_size": 25
  },
  "final_epsilon": 0.2989063544750412,
  "q_table_size": 25,
  "objective": "minimize -mean(total_reward); late_order_fraction is recorded for later composite objectives",
  "objective_mean": -116.2,
  "objective_std": 226.80819111212796,
  "total_reward_mean": 116.2,
  "total_reward_std": 226.80819111212796,
  "late_order_fraction_mean": 0.4625841736471948,
  "n_valid_replications": 10,
  "eval_replications": 10,
  "eval_seeds": [
    312345,
    313345,
    314345,
    315345,
    316345,
    317345,
    318345,
    319345,
    320345,
    321345
  ],
  "best_evaluation": {
    "replication": 0,
    "eval_seed": 312345,
    "total_reward": 508.0
  }
}