{
  "stage": "stage1_bo_trial",
  "trial_index": 35,
  "parameters": {
    "alpha": 0.0001,
    "gamma": 0.49143899649342376,
    "target_final_epsilon": 0.023635134845371684,
    "risk_t1": 175.214912,
    "risk_window": 758.004,
    "epsilon_min": 0.023635134845371684,
    "epsilon_decay": 0.9962619829354686
  },
  "training_episodes": 1000,
  "n_training_failures": 0,
  "best_training": {
    "episode": 518,
    "training_seed": 730345,
    "total_reward": 1029.0
  },
  "last_training": {
    "episode": 999,
    "training_seed": 1211345,
    "total_reward": 245.0,
    "epsilon": 0.02372381487019167,
    "q_table_size": 23
  },
  "final_epsilon": 0.023635134845371684,
  "q_table_size": 23,
  "objective": "minimize -mean(total_reward); late_order_fraction is recorded for later composite objectives",
  "objective_mean": -72.2,
  "objective_std": 148.26163060991576,
  "total_reward_mean": 72.2,
  "total_reward_std": 148.26163060991576,
  "late_order_fraction_mean": 0.4704598213437651,
  "n_valid_replications": 10,
  "eval_replications": 10,
  "eval_seeds": [
    312345,
    313345,
    314345,
    315345,
    316345,
    317345,
    318345,
    319345,
    320345,
    321345
  ],
  "best_evaluation": {
    "replication": 0,
    "eval_seed": 312345,
    "total_reward": 408.0
  }
}