{
  "stage": "stage1_bo_trial",
  "trial_index": 45,
  "parameters": {
    "alpha": 0.02995800997909106,
    "gamma": 0.8,
    "target_final_epsilon": 0.04241870740464365,
    "risk_t1": 175.214912,
    "risk_window": 758.004,
    "epsilon_min": 0.04241870740464365,
    "epsilon_decay": 0.9968448222665133
  },
  "training_episodes": 1000,
  "n_training_failures": 0,
  "best_training": {
    "episode": 718,
    "training_seed": 930345,
    "total_reward": 1157.0
  },
  "last_training": {
    "episode": 999,
    "training_seed": 1211345,
    "total_reward": 425.0,
    "epsilon": 0.04255296958677542,
    "q_table_size": 23
  },
  "final_epsilon": 0.04241870740464365,
  "q_table_size": 23,
  "objective": "minimize -mean(total_reward); late_order_fraction is recorded for later composite objectives",
  "objective_mean": -96.2,
  "objective_std": 172.1038446210117,
  "total_reward_mean": 96.2,
  "total_reward_std": 172.1038446210117,
  "late_order_fraction_mean": 0.4661594487896169,
  "n_valid_replications": 10,
  "eval_replications": 10,
  "eval_seeds": [
    312345,
    313345,
    314345,
    315345,
    316345,
    317345,
    318345,
    319345,
    320345,
    321345
  ],
  "best_evaluation": {
    "replication": 0,
    "eval_seed": 312345,
    "total_reward": 468.0
  }
}