{
  "stage": "stage1_bo_trial",
  "trial_index": 11,
  "parameters": {
    "alpha": 0.02659046471118927,
    "gamma": 0.8684049604833126,
    "epsilon_decay": 0.9999353791741189,
    "epsilon_min": 0.09307435586117209,
    "risk_t1": 84.98545629903674,
    "risk_window": 64.91975488141179
  },
  "training_episodes": 1000,
  "n_training_failures": 0,
  "best_training": {
    "episode": 668,
    "training_seed": 880345,
    "total_reward": 969.0
  },
  "last_training": {
    "episode": 999,
    "training_seed": 1211345,
    "total_reward": 225.0,
    "epsilon": 0.9374814659533743,
    "q_table_size": 23
  },
  "final_epsilon": 0.9374208851267962,
  "q_table_size": 23,
  "objective": "minimize -mean(total_reward); late_order_fraction is recorded for later composite objectives",
  "objective_mean": -42.2,
  "objective_std": 216.25951488380292,
  "total_reward_mean": 42.2,
  "total_reward_std": 216.25951488380292,
  "late_order_fraction_mean": 0.47581086823669205,
  "n_valid_replications": 10,
  "eval_replications": 10,
  "eval_seeds": [
    312345,
    313345,
    314345,
    315345,
    316345,
    317345,
    318345,
    319345,
    320345,
    321345
  ],
  "best_evaluation": {
    "replication": 0,
    "eval_seed": 312345,
    "total_reward": 428.0
  }
}