{
  "stage": "stage1_bo_trial",
  "trial_index": 11,
  "parameters": {
    "alpha": 0.45945699489407876,
    "gamma": 0.2,
    "target_final_epsilon": 0.21996718602869292,
    "risk_t1": 261.69354372674263,
    "risk_window": 1504.7444199565857,
    "epsilon_min": 0.21996718602869292,
    "epsilon_decay": 0.9984868690405969
  },
  "training_episodes": 1000,
  "n_training_failures": 0,
  "best_training": {
    "episode": 518,
    "training_seed": 730345,
    "total_reward": 949.0
  },
  "last_training": {
    "episode": 999,
    "training_seed": 1211345,
    "total_reward": 185.0,
    "epsilon": 0.22030052958038113,
    "q_table_size": 23
  },
  "final_epsilon": 0.21996718602870016,
  "q_table_size": 23,
  "objective": "minimize -mean(total_reward); late_order_fraction is recorded for later composite objectives",
  "objective_mean": -64.2,
  "objective_std": 186.2213736390106,
  "total_reward_mean": 64.2,
  "total_reward_std": 186.2213736390106,
  "late_order_fraction_mean": 0.4720826203912739,
  "n_valid_replications": 10,
  "eval_replications": 10,
  "eval_seeds": [
    312345,
    313345,
    314345,
    315345,
    316345,
    317345,
    318345,
    319345,
    320345,
    321345
  ],
  "best_evaluation": {
    "replication": 3,
    "eval_seed": 315345,
    "total_reward": 414.0
  }
}