{
  "stage": "stage1_bo_trial",
  "trial_index": 11,
  "parameters": {
    "alpha": 0.16593870905926575,
    "gamma": 0.5,
    "target_final_epsilon": 0.1458366089832243,
    "risk_t1": 286.77549712942647,
    "risk_window": 1122.1595500763901,
    "epsilon_min": 0.1458366089832243,
    "epsilon_decay": 0.9980765837398883
  },
  "training_episodes": 1000,
  "n_training_failures": 0,
  "best_training": {
    "episode": 385,
    "training_seed": 597345,
    "total_reward": 969.0
  },
  "last_training": {
    "episode": 999,
    "training_seed": 1211345,
    "total_reward": 85.0,
    "epsilon": 0.1461176540549235,
    "q_table_size": 24
  },
  "final_epsilon": 0.14583660898322487,
  "q_table_size": 24,
  "objective": "minimize -mean(total_reward); late_order_fraction is recorded for later composite objectives",
  "objective_mean": -118.2,
  "objective_std": 261.05972071113877,
  "total_reward_mean": 118.2,
  "total_reward_std": 261.05972071113877,
  "late_order_fraction_mean": 0.4620878558965208,
  "n_valid_replications": 10,
  "eval_replications": 10,
  "eval_seeds": [
    312345,
    313345,
    314345,
    315345,
    316345,
    317345,
    318345,
    319345,
    320345,
    321345
  ],
  "best_evaluation": {
    "replication": 0,
    "eval_seed": 312345,
    "total_reward": 608.0
  }
}