{
  "stage": "stage1_bo_trial",
  "trial_index": 48,
  "parameters": {
    "alpha": 0.08,
    "gamma": 0.01,
    "target_final_epsilon": 0.0010437730797735825,
    "risk_t1": 175.214912,
    "risk_window": 758.004,
    "epsilon_min": 0.0010437730797735825,
    "epsilon_decay": 0.9931585965186428
  },
  "training_episodes": 1000,
  "n_training_failures": 0,
  "best_training": {
    "episode": 126,
    "training_seed": 338345,
    "total_reward": 1203.0
  },
  "last_training": {
    "episode": 999,
    "training_seed": 1211345,
    "total_reward": 125.0,
    "epsilon": 0.0010509631426766405,
    "q_table_size": 23
  },
  "final_epsilon": 0.0010437730797735825,
  "q_table_size": 23,
  "objective": "minimize -mean(total_reward); late_order_fraction is recorded for later composite objectives",
  "objective_mean": 83.8,
  "objective_std": 146.5217465846699,
  "total_reward_mean": -83.8,
  "total_reward_std": 146.5217465846699,
  "late_order_fraction_mean": 0.49841691516172776,
  "n_valid_replications": 10,
  "eval_replications": 10,
  "eval_seeds": [
    312345,
    313345,
    314345,
    315345,
    316345,
    317345,
    318345,
    319345,
    320345,
    321345
  ],
  "best_evaluation": {
    "replication": 0,
    "eval_seed": 312345,
    "total_reward": 268.0
  }
}