{
  "stage": "stage1_bo_trial",
  "trial_index": 10,
  "parameters": {
    "alpha": 0.4311680655181408,
    "gamma": 0.751249686377123,
    "epsilon_decay": 0.9994517556308768,
    "epsilon_min": 0.02274953404441476,
    "risk_t1": 18.75505680218339,
    "risk_window": 299.02959412895143
  },
  "training_episodes": 1000,
  "n_training_failures": 0,
  "best_training": {
    "episode": 668,
    "training_seed": 880345,
    "total_reward": 989.0
  },
  "last_training": {
    "episode": 999,
    "training_seed": 1211345,
    "total_reward": 105.0,
    "epsilon": 0.578193717365593,
    "q_table_size": 23
  },
  "final_epsilon": 0.5778767259157849,
  "q_table_size": 23,
  "objective": "minimize -mean(total_reward); late_order_fraction is recorded for later composite objectives",
  "objective_mean": -60.2,
  "objective_std": 244.1223736844563,
  "total_reward_mean": 60.2,
  "total_reward_std": 244.1223736844563,
  "late_order_fraction_mean": 0.47248560813863555,
  "n_valid_replications": 10,
  "eval_replications": 10,
  "eval_seeds": [
    312345,
    313345,
    314345,
    315345,
    316345,
    317345,
    318345,
    319345,
    320345,
    321345
  ],
  "best_evaluation": {
    "replication": 0,
    "eval_seed": 312345,
    "total_reward": 468.0
  }
}