{
  "stage": "stage1_bo_trial",
  "trial_index": 59,
  "parameters": {
    "alpha": 0.5,
    "gamma": 0.5,
    "target_final_epsilon": 0.13813449852197457,
    "risk_t1": 158.3178446591409,
    "risk_window": 30.0,
    "epsilon_min": 0.13813449852197457,
    "epsilon_decay": 0.9980224305307849
  },
  "training_episodes": 1000,
  "n_training_failures": 0,
  "best_training": {
    "episode": 718,
    "training_seed": 930345,
    "total_reward": 1037.0
  },
  "last_training": {
    "episode": 999,
    "training_seed": 1211345,
    "total_reward": 465.0,
    "epsilon": 0.138408210373102,
    "q_table_size": 23
  },
  "final_epsilon": 0.13813449852197945,
  "q_table_size": 23,
  "objective": "minimize -mean(total_reward); late_order_fraction is recorded for later composite objectives",
  "objective_mean": -168.2,
  "objective_std": 252.4743331289121,
  "total_reward_mean": 168.2,
  "total_reward_std": 252.4743331289121,
  "late_order_fraction_mean": 0.45310409099434656,
  "n_valid_replications": 10,
  "eval_replications": 10,
  "eval_seeds": [
    312345,
    313345,
    314345,
    315345,
    316345,
    317345,
    318345,
    319345,
    320345,
    321345
  ],
  "best_evaluation": {
    "replication": 0,
    "eval_seed": 312345,
    "total_reward": 688.0
  }
}