{
  "stage": "stage1_bo_trial",
  "trial_index": 30,
  "parameters": {
    "alpha": 0.7,
    "gamma": 0.95,
    "target_final_epsilon": 0.11214209496935222,
    "risk_t1": 175.214912,
    "risk_window": 120.0,
    "epsilon_min": 0.11214209496935222,
    "epsilon_decay": 0.9783577433683204
  },
  "training_episodes": 100,
  "n_training_failures": 0,
  "best_training": {
    "episode": 91,
    "training_seed": 303345,
    "total_reward": 841.0
  },
  "last_training": {
    "episode": 99,
    "training_seed": 311345,
    "total_reward": -304.0,
    "epsilon": 0.11462279082420902,
    "q_table_size": 22
  },
  "final_epsilon": 0.11214209496935222,
  "q_table_size": 22,
  "objective": "minimize -mean(total_reward); late_order_fraction is recorded for later composite objectives",
  "objective_mean": -112.2,
  "objective_std": 283.1320069037292,
  "total_reward_mean": 112.2,
  "total_reward_std": 283.1320069037292,
  "late_order_fraction_mean": 0.46298334284886067,
  "n_valid_replications": 10,
  "eval_replications": 10,
  "eval_seeds": [
    312345,
    313345,
    314345,
    315345,
    316345,
    317345,
    318345,
    319345,
    320345,
    321345
  ],
  "best_evaluation": {
    "replication": 0,
    "eval_seed": 312345,
    "total_reward": 728.0
  }
}