{
  "stage": "stage1_bo_trial",
  "trial_index": 87,
  "parameters": {
    "alpha": 0.425250703498845,
    "gamma": 0.2,
    "target_final_epsilon": 0.02,
    "risk_t1": 185.32944393162725,
    "risk_window": 1800.0,
    "epsilon_min": 0.02,
    "epsilon_decay": 0.9960956189881034
  },
  "training_episodes": 1000,
  "n_training_failures": 0,
  "best_training": {
    "episode": 653,
    "training_seed": 865345,
    "total_reward": 1053.0
  },
  "last_training": {
    "episode": 999,
    "training_seed": 1211345,
    "total_reward": 565.0,
    "epsilon": 0.020078393699108993,
    "q_table_size": 23
  },
  "final_epsilon": 0.02000000000000081,
  "q_table_size": 23,
  "objective": "minimize -mean(total_reward); late_order_fraction is recorded for later composite objectives",
  "objective_mean": -96.2,
  "objective_std": 237.5190284774862,
  "total_reward_mean": 96.2,
  "total_reward_std": 237.5190284774862,
  "late_order_fraction_mean": 0.4659689804955535,
  "n_valid_replications": 10,
  "eval_replications": 10,
  "eval_seeds": [
    312345,
    313345,
    314345,
    315345,
    316345,
    317345,
    318345,
    319345,
    320345,
    321345
  ],
  "best_evaluation": {
    "replication": 0,
    "eval_seed": 312345,
    "total_reward": 568.0
  }
}