{
  "stage": "stage1_bo_trial",
  "trial_index": 78,
  "parameters": {
    "alpha": 0.012407820281962662,
    "gamma": 0.7740726489698597,
    "target_final_epsilon": 0.007494440578260334,
    "risk_t1": 175.214912,
    "risk_window": 758.004,
    "epsilon_min": 0.007494440578260334,
    "epsilon_decay": 0.9951183603330611
  },
  "training_episodes": 1000,
  "n_training_failures": 0,
  "best_training": {
    "episode": 718,
    "training_seed": 930345,
    "total_reward": 1177.0
  },
  "last_training": {
    "episode": 999,
    "training_seed": 1211345,
    "total_reward": 565.0,
    "epsilon": 0.007531205208345433,
    "q_table_size": 25
  },
  "final_epsilon": 0.007494440578260517,
  "q_table_size": 25,
  "objective": "minimize -mean(total_reward); late_order_fraction is recorded for later composite objectives",
  "objective_mean": -304.2,
  "objective_std": 264.1265689862427,
  "total_reward_mean": 304.2,
  "total_reward_std": 264.1265689862427,
  "late_order_fraction_mean": 0.42887172794429496,
  "n_valid_replications": 10,
  "eval_replications": 10,
  "eval_seeds": [
    312345,
    313345,
    314345,
    315345,
    316345,
    317345,
    318345,
    319345,
    320345,
    321345
  ],
  "best_evaluation": {
    "replication": 0,
    "eval_seed": 312345,
    "total_reward": 868.0
  }
}