{
  "method": "bo",
  "run_index": 1,
  "best_parameters": {
    "preparation_capacity": 2,
    "sorting_capacity": 4,
    "analysis1_capacity": 5,
    "analysis2_capacity": 3,
    "evaluation_capacity": 3,
    "dispatching_capacity": 1,
    "worker_capacity": 6
  },
  "best_objective": -0.26997038444369575,
  "aggregated_kpis": {
    "n_orders_completed_mean": 983.0,
    "n_orders_in_date_mean": 983.0,
    "n_orders_late_mean": 0.0,
    "n_orders_created_mean": 1010.8666666666667,
    "n_orders_incomplete_mean": 27.866666666666667,
    "late_order_fraction_mean": 0.0,
    "time_in_system_mean_mean": 23.851838767700205,
    "time_in_system_std_mean": 6.925071795001757,
    "wip_time_in_system_mean_mean": 20.404145182647003,
    "wip_time_in_system_std_mean": 12.91191128986651,
    "wip_time_in_system_min_mean": 1.4497266042318566,
    "wip_time_in_system_max_mean": 46.61875403364791,
    "wip_mean_mean": 18.205775798975402,
    "work_in_progress_mean_mean": 18.205775798975402,
    "completed_norm_mean": 0.9727292179908408,
    "late_total_norm_mean": 0.02727078200915932,
    "on_time_loss_norm_mean": 0.027270782009159313,
    "station_capacity_norm_mean": 0.5,
    "worker_capacity_norm_mean": 0.5555555555555556,
    "time_in_system_mean_norm_mean": 0.0662551076880561,
    "time_in_system_std_norm_mean": 0.01923631054167155,
    "objective_completed_contribution_mean": -0.9727292179908408,
    "objective_late_contribution_mean": 0.08181234602747796,
    "objective_station_capacity_contribution_mean": 0.40000000000000013,
    "objective_worker_capacity_contribution_mean": 0.1944444444444445,
    "objective_time_mean_contribution_mean": 0.02650204307522245,
    "objective_time_std_contribution_mean": 0.0
  }
}