{
  "stage": "stage1_bo_trial",
  "trial_index": 28,
  "parameters": {
    "alpha": 0.07025428165280981,
    "gamma": 0.9091136780810547,
    "target_final_epsilon": 0.001533540623259615,
    "risk_t1": 175.214912,
    "risk_window": 758.004,
    "epsilon_min": 0.001533540623259615,
    "epsilon_decay": 0.9935407749768813
  },
  "training_episodes": 1000,
  "n_training_failures": 0,
  "best_training": {
    "episode": 668,
    "training_seed": 880345,
    "total_reward": 1229.0
  },
  "last_training": {
    "episode": 999,
    "training_seed": 1211345,
    "total_reward": 625.0,
    "epsilon": 0.001543510504936467,
    "q_table_size": 24
  },
  "final_epsilon": 0.001533540623259615,
  "q_table_size": 24,
  "objective": "minimize -mean(total_reward); late_order_fraction is recorded for later composite objectives",
  "objective_mean": -292.2,
  "objective_std": 231.0732447611459,
  "total_reward_mean": 292.2,
  "total_reward_std": 231.0732447611459,
  "late_order_fraction_mean": 0.4310235314986978,
  "n_valid_replications": 10,
  "eval_replications": 10,
  "eval_seeds": [
    312345,
    313345,
    314345,
    315345,
    316345,
    317345,
    318345,
    319345,
    320345,
    321345
  ],
  "best_evaluation": {
    "replication": 0,
    "eval_seed": 312345,
    "total_reward": 748.0
  }
}