{
  "method": "bo",
  "run_index": 19,
  "best_parameters": {
    "preparation_capacity": 2,
    "sorting_capacity": 4,
    "analysis1_capacity": 4,
    "analysis2_capacity": 5,
    "evaluation_capacity": 5,
    "dispatching_capacity": 1,
    "worker_capacity": 9
  },
  "best_objective": -0.09090475727725762,
  "aggregated_kpis": {
    "n_orders_completed_mean": 996.6333333333333,
    "n_orders_in_date_mean": 996.6333333333333,
    "n_orders_late_mean": 0.0,
    "n_orders_created_mean": 1014.7,
    "n_orders_incomplete_mean": 18.066666666666666,
    "late_order_fraction_mean": 0.0,
    "time_in_system_mean_mean": 24.067527188923766,
    "time_in_system_std_mean": 7.139559902776294,
    "wip_time_in_system_mean_mean": 12.447470764314064,
    "wip_time_in_system_std_mean": 7.975441568953205,
    "wip_time_in_system_min_mean": 0.9739350156216839,
    "wip_time_in_system_max_mean": 29.687332171461442,
    "wip_mean_mean": 16.830680952921316,
    "work_in_progress_mean_mean": 16.830680952921316,
    "completed_norm_mean": 0.9821893913162375,
    "late_total_norm_mean": 0.017810608683762334,
    "on_time_loss_norm_mean": 0.01781060868376234,
    "station_capacity_norm_mean": 0.625,
    "worker_capacity_norm_mean": 0.888888888888889,
    "time_in_system_mean_norm_mean": 0.0668542421914549,
    "time_in_system_std_norm_mean": 0.01983211084104526,
    "objective_completed_contribution_mean": -0.9821893913162375,
    "objective_late_contribution_mean": 0.053431826051287,
    "objective_station_capacity_contribution_mean": 0.5,
    "objective_worker_capacity_contribution_mean": 0.3111111111111111,
    "objective_time_mean_contribution_mean": 0.026741696876581966,
    "objective_time_std_contribution_mean": 0.0
  }
}