{
  "stage": "stage1_bo_trial",
  "trial_index": 21,
  "parameters": {
    "alpha": 0.013699343666411996,
    "gamma": 0.8893401042276519,
    "target_final_epsilon": 0.03662804122755306,
    "risk_t1": 175.214912,
    "risk_window": 758.004,
    "epsilon_min": 0.03662804122755306,
    "epsilon_decay": 0.9966985207294209
  },
  "training_episodes": 1000,
  "n_training_failures": 0,
  "best_training": {
    "episode": 934,
    "training_seed": 1146345,
    "total_reward": 1162.0
  },
  "last_training": {
    "episode": 999,
    "training_seed": 1211345,
    "total_reward": 425.0,
    "epsilon": 0.03674936850588194,
    "q_table_size": 24
  },
  "final_epsilon": 0.03662804122755306,
  "q_table_size": 24,
  "objective": "minimize -mean(total_reward); late_order_fraction is recorded for later composite objectives",
  "objective_mean": -182.2,
  "objective_std": 181.1548140863683,
  "total_reward_mean": 182.2,
  "total_reward_std": 181.1548140863683,
  "late_order_fraction_mean": 0.45069206790573213,
  "n_valid_replications": 10,
  "eval_replications": 10,
  "eval_seeds": [
    312345,
    313345,
    314345,
    315345,
    316345,
    317345,
    318345,
    319345,
    320345,
    321345
  ],
  "best_evaluation": {
    "replication": 0,
    "eval_seed": 312345,
    "total_reward": 568.0
  }
}