{
  "stage": "stage1_bo_trial",
  "trial_index": 62,
  "parameters": {
    "alpha": 0.021983373720810176,
    "gamma": 0.8824433706316905,
    "target_final_epsilon": 0.03048921143248531,
    "risk_t1": 175.214912,
    "risk_window": 758.004,
    "epsilon_min": 0.03048921143248531,
    "epsilon_decay": 0.9965157019222084
  },
  "training_episodes": 1000,
  "n_training_failures": 0,
  "best_training": {
    "episode": 934,
    "training_seed": 1146345,
    "total_reward": 1142.0
  },
  "last_training": {
    "episode": 999,
    "training_seed": 1211345,
    "total_reward": 425.0,
    "epsilon": 0.030595816376675862,
    "q_table_size": 24
  },
  "final_epsilon": 0.030489211432486146,
  "q_table_size": 24,
  "objective": "minimize -mean(total_reward); late_order_fraction is recorded for later composite objectives",
  "objective_mean": -126.2,
  "objective_std": 207.9256277294039,
  "total_reward_mean": 126.2,
  "total_reward_std": 207.9256277294039,
  "late_order_fraction_mean": 0.4608424756338649,
  "n_valid_replications": 10,
  "eval_replications": 10,
  "eval_seeds": [
    312345,
    313345,
    314345,
    315345,
    316345,
    317345,
    318345,
    319345,
    320345,
    321345
  ],
  "best_evaluation": {
    "replication": 0,
    "eval_seed": 312345,
    "total_reward": 568.0
  }
}