{
  "method": "random_search",
  "run_index": 0,
  "best_parameters": {
    "preparation_capacity": 3,
    "sorting_capacity": 3,
    "analysis1_capacity": 5,
    "analysis2_capacity": 2,
    "evaluation_capacity": 1,
    "dispatching_capacity": 3,
    "worker_capacity": 4
  },
  "best_objective": 1.621242651051226,
  "aggregated_kpis": {
    "n_orders_completed_mean": 834.6,
    "n_orders_in_date_mean": 834.6,
    "n_orders_late_mean": 0.0,
    "n_orders_created_mean": 996.5,
    "n_orders_incomplete_mean": 161.9,
    "late_order_fraction_mean": 0.0,
    "time_in_system_mean_mean": 69.73663244658086,
    "time_in_system_std_mean": 30.8588293560854,
    "wip_time_in_system_mean_mean": 115.95748571647249,
    "wip_time_in_system_std_mean": 66.48273148325934,
    "wip_time_in_system_min_mean": 1.4244466318990059,
    "wip_time_in_system_max_mean": 235.47820743854598,
    "wip_mean_mean": 67.41459244686922,
    "work_in_progress_mean_mean": 67.41459244686922,
    "completed_norm_mean": 0.8387615908217174,
    "late_total_norm_mean": 0.16123840917828244,
    "on_time_loss_norm_mean": 0.16123840917828247,
    "station_capacity_norm_mean": 0.4583333333333334,
    "worker_capacity_norm_mean": 0.3333333333333334,
    "time_in_system_mean_norm_mean": 0.19371286790716905,
    "time_in_system_std_norm_mean": 0.08571897043357057,
    "objective_completed_contribution_mean": -0.29356655678760113,
    "objective_late_contribution_mean": 0.128990727342626,
    "objective_station_capacity_contribution_mean": 1.375,
    "objective_worker_capacity_contribution_mean": 0.3333333333333334,
    "objective_time_mean_contribution_mean": 0.07748514716286763,
    "objective_time_std_contribution_mean": 0.0
  }
}