{
  "stage": "stage1_bo_trial",
  "trial_index": 61,
  "parameters": {
    "alpha": 0.016178626034039106,
    "gamma": 0.8883762692274901,
    "target_final_epsilon": 0.022995422142228158,
    "risk_t1": 175.214912,
    "risk_window": 120.0,
    "epsilon_min": 0.022995422142228158,
    "epsilon_decay": 0.9962346466680208
  },
  "training_episodes": 1000,
  "n_training_failures": 0,
  "best_training": {
    "episode": 598,
    "training_seed": 810345,
    "total_reward": 1075.0
  },
  "last_training": {
    "episode": 999,
    "training_seed": 1211345,
    "total_reward": 565.0,
    "epsilon": 0.023082335290324007,
    "q_table_size": 24
  },
  "final_epsilon": 0.022995422142228723,
  "q_table_size": 24,
  "objective": "minimize -mean(total_reward); late_order_fraction is recorded for later composite objectives",
  "objective_mean": -344.2,
  "objective_std": 241.75874108062544,
  "total_reward_mean": 344.2,
  "total_reward_std": 241.75874108062544,
  "late_order_fraction_mean": 0.4216976147504471,
  "n_valid_replications": 10,
  "eval_replications": 10,
  "eval_seeds": [
    312345,
    313345,
    314345,
    315345,
    316345,
    317345,
    318345,
    319345,
    320345,
    321345
  ],
  "best_evaluation": {
    "replication": 0,
    "eval_seed": 312345,
    "total_reward": 868.0
  }
}