{
  "stage": "stage1_bo_trial",
  "trial_index": 5,
  "parameters": {
    "alpha": 0.06743438779115678,
    "gamma": 0.1660247614607215,
    "target_final_epsilon": 0.07074404575116933,
    "risk_t1": 175.214912,
    "risk_window": 758.004,
    "epsilon_min": 0.07074404575116933,
    "epsilon_decay": 0.9738608314695172
  },
  "training_episodes": 100,
  "n_training_failures": 0,
  "best_training": {
    "episode": 91,
    "training_seed": 303345,
    "total_reward": 1101.0
  },
  "last_training": {
    "episode": 99,
    "training_seed": 311345,
    "total_reward": -244.0,
    "epsilon": 0.07264286997190282,
    "q_table_size": 21
  },
  "final_epsilon": 0.07074404575116933,
  "q_table_size": 21,
  "objective": "minimize -mean(total_reward); late_order_fraction is recorded for later composite objectives",
  "objective_mean": -148.2,
  "objective_std": 210.1136200567049,
  "total_reward_mean": 148.2,
  "total_reward_std": 210.1136200567049,
  "late_order_fraction_mean": 0.4567926577131362,
  "n_valid_replications": 10,
  "eval_replications": 10,
  "eval_seeds": [
    312345,
    313345,
    314345,
    315345,
    316345,
    317345,
    318345,
    319345,
    320345,
    321345
  ],
  "best_evaluation": {
    "replication": 0,
    "eval_seed": 312345,
    "total_reward": 548.0
  }
}