{
  "stage": "stage1_bo_trial",
  "trial_index": 27,
  "parameters": {
    "alpha": 0.037686099151473924,
    "gamma": 0.95,
    "target_final_epsilon": 0.01797754011016173,
    "risk_t1": 175.214912,
    "risk_window": 758.004,
    "epsilon_min": 0.01797754011016173,
    "epsilon_decay": 0.9606104408496718
  },
  "training_episodes": 100,
  "n_training_failures": 0,
  "best_training": {
    "episode": 91,
    "training_seed": 303345,
    "total_reward": 1141.0
  },
  "last_training": {
    "episode": 99,
    "training_seed": 311345,
    "total_reward": -364.0,
    "epsilon": 0.018714704052415265,
    "q_table_size": 20
  },
  "final_epsilon": 0.01797754011016177,
  "q_table_size": 20,
  "objective": "minimize -mean(total_reward); late_order_fraction is recorded for later composite objectives",
  "objective_mean": -296.2,
  "objective_std": 261.6311228513237,
  "total_reward_mean": 296.2,
  "total_reward_std": 261.6311228513237,
  "late_order_fraction_mean": 0.4303433632865346,
  "n_valid_replications": 10,
  "eval_replications": 10,
  "eval_seeds": [
    312345,
    313345,
    314345,
    315345,
    316345,
    317345,
    318345,
    319345,
    320345,
    321345
  ],
  "best_evaluation": {
    "replication": 0,
    "eval_seed": 312345,
    "total_reward": 848.0
  }
}