{
  "stage": "stage1_bo_trial",
  "trial_index": 21,
  "parameters": {
    "alpha": 0.003705509748123412,
    "gamma": 0.18263824184742647,
    "target_final_epsilon": 0.03777003638961983,
    "risk_t1": 175.214912,
    "risk_window": 758.004,
    "epsilon_min": 0.03777003638961983,
    "epsilon_decay": 0.9967291218365188
  },
  "training_episodes": 1000,
  "n_training_failures": 0,
  "best_training": {
    "episode": 126,
    "training_seed": 338345,
    "total_reward": 1083.0
  },
  "last_training": {
    "episode": 999,
    "training_seed": 1211345,
    "total_reward": 585.0,
    "epsilon": 0.037893982991110894,
    "q_table_size": 23
  },
  "final_epsilon": 0.03777003638961983,
  "q_table_size": 23,
  "objective": "minimize -mean(total_reward); late_order_fraction is recorded for later composite objectives",
  "objective_mean": -336.2,
  "objective_std": 247.4621407632107,
  "total_reward_mean": 336.2,
  "total_reward_std": 247.4621407632107,
  "late_order_fraction_mean": 0.4231468901127659,
  "n_valid_replications": 10,
  "eval_replications": 10,
  "eval_seeds": [
    312345,
    313345,
    314345,
    315345,
    316345,
    317345,
    318345,
    319345,
    320345,
    321345
  ],
  "best_evaluation": {
    "replication": 0,
    "eval_seed": 312345,
    "total_reward": 868.0
  }
}