{
  "stage": "stage1_bo_trial",
  "trial_index": 30,
  "parameters": {
    "alpha": 0.015962230448162244,
    "gamma": 0.2,
    "target_final_epsilon": 0.010942394781929564,
    "risk_t1": 175.214912,
    "risk_window": 758.004,
    "epsilon_min": 0.010942394781929564,
    "epsilon_decay": 0.9558530357483214
  },
  "training_episodes": 100,
  "n_training_failures": 0,
  "best_training": {
    "episode": 91,
    "training_seed": 303345,
    "total_reward": 1281.0
  },
  "last_training": {
    "episode": 99,
    "training_seed": 311345,
    "total_reward": -164.0,
    "epsilon": 0.011447779494012825,
    "q_table_size": 20
  },
  "final_epsilon": 0.010942394781929564,
  "q_table_size": 20,
  "objective": "minimize -mean(total_reward); late_order_fraction is recorded for later composite objectives",
  "objective_mean": -290.2,
  "objective_std": 240.70304434210124,
  "total_reward_mean": 290.2,
  "total_reward_std": 240.70304434210124,
  "late_order_fraction_mean": 0.43140518278289963,
  "n_valid_replications": 10,
  "eval_replications": 10,
  "eval_seeds": [
    312345,
    313345,
    314345,
    315345,
    316345,
    317345,
    318345,
    319345,
    320345,
    321345
  ],
  "best_evaluation": {
    "replication": 0,
    "eval_seed": 312345,
    "total_reward": 748.0
  }
}