{
  "stage": "stage1_bo_trial",
  "trial_index": 81,
  "parameters": {
    "alpha": 0.009543894759347945,
    "gamma": 0.99,
    "target_final_epsilon": 0.019700642847473988,
    "risk_t1": 175.214912,
    "risk_window": 758.004,
    "epsilon_min": 0.019700642847473988,
    "epsilon_decay": 0.9960805969768816
  },
  "training_episodes": 1000,
  "n_training_failures": 0,
  "best_training": {
    "episode": 126,
    "training_seed": 338345,
    "total_reward": 1183.0
  },
  "last_training": {
    "episode": 999,
    "training_seed": 1211345,
    "total_reward": 325.0,
    "epsilon": 0.01977816143318689,
    "q_table_size": 23
  },
  "final_epsilon": 0.019700642847473988,
  "q_table_size": 23,
  "objective": "minimize -mean(total_reward); late_order_fraction is recorded for later composite objectives",
  "objective_mean": -46.2,
  "objective_std": 214.4910254532809,
  "total_reward_mean": 46.2,
  "total_reward_std": 214.4910254532809,
  "late_order_fraction_mean": 0.4751603131019227,
  "n_valid_replications": 10,
  "eval_replications": 10,
  "eval_seeds": [
    312345,
    313345,
    314345,
    315345,
    316345,
    317345,
    318345,
    319345,
    320345,
    321345
  ],
  "best_evaluation": {
    "replication": 0,
    "eval_seed": 312345,
    "total_reward": 388.0
  }
}