{
  "stage": "stage1_bo_trial",
  "trial_index": 92,
  "parameters": {
    "alpha": 0.006673339207178934,
    "gamma": 0.32110593983696717,
    "target_final_epsilon": 0.0032517658228173314,
    "risk_t1": 175.214912,
    "risk_window": 120.0,
    "epsilon_min": 0.0032517658228173314,
    "epsilon_decay": 0.9942878197962132
  },
  "training_episodes": 1000,
  "n_training_failures": 0,
  "best_training": {
    "episode": 668,
    "training_seed": 880345,
    "total_reward": 1129.0
  },
  "last_training": {
    "episode": 999,
    "training_seed": 1211345,
    "total_reward": 565.0,
    "epsilon": 0.00327044720660838,
    "q_table_size": 24
  },
  "final_epsilon": 0.0032517658228173314,
  "q_table_size": 24,
  "objective": "minimize -mean(total_reward); late_order_fraction is recorded for later composite objectives",
  "objective_mean": -330.2,
  "objective_std": 249.80917161349822,
  "total_reward_mean": 330.2,
  "total_reward_std": 249.80917161349822,
  "late_order_fraction_mean": 0.4241993347615482,
  "n_valid_replications": 10,
  "eval_replications": 10,
  "eval_seeds": [
    312345,
    313345,
    314345,
    315345,
    316345,
    317345,
    318345,
    319345,
    320345,
    321345
  ],
  "best_evaluation": {
    "replication": 0,
    "eval_seed": 312345,
    "total_reward": 848.0
  }
}