{
  "stage": "stage1_bo_trial",
  "trial_index": 20,
  "parameters": {
    "alpha": 0.7,
    "gamma": 0.2,
    "target_final_epsilon": 0.14346319246761344,
    "risk_t1": 175.214912,
    "risk_window": 120.0,
    "epsilon_min": 0.14346319246761344,
    "epsilon_decay": 0.9807705235273295
  },
  "training_episodes": 100,
  "n_training_failures": 0,
  "best_training": {
    "episode": 91,
    "training_seed": 303345,
    "total_reward": 821.0
  },
  "last_training": {
    "episode": 99,
    "training_seed": 311345,
    "total_reward": -364.0,
    "epsilon": 0.1462760034341673,
    "q_table_size": 22
  },
  "final_epsilon": 0.14346319246761371,
  "q_table_size": 22,
  "objective": "minimize -mean(total_reward); late_order_fraction is recorded for later composite objectives",
  "objective_mean": -96.2,
  "objective_std": 236.00790947197797,
  "total_reward_mean": 96.2,
  "total_reward_std": 236.00790947197797,
  "late_order_fraction_mean": 0.46603558661973105,
  "n_valid_replications": 10,
  "eval_replications": 10,
  "eval_seeds": [
    312345,
    313345,
    314345,
    315345,
    316345,
    317345,
    318345,
    319345,
    320345,
    321345
  ],
  "best_evaluation": {
    "replication": 0,
    "eval_seed": 312345,
    "total_reward": 588.0
  }
}