{
  "stage": "stage1_bo_trial",
  "trial_index": 19,
  "parameters": {
    "alpha": 0.032109690521743096,
    "gamma": 0.8,
    "target_final_epsilon": 0.028046838678407682,
    "risk_t1": 175.214912,
    "risk_window": 758.004,
    "epsilon_min": 0.028046838678407682,
    "epsilon_decay": 0.9964324993492045
  },
  "training_episodes": 1000,
  "n_training_failures": 0,
  "best_training": {
    "episode": 934,
    "training_seed": 1146345,
    "total_reward": 1122.0
  },
  "last_training": {
    "episode": 999,
    "training_seed": 1211345,
    "total_reward": 485.0,
    "epsilon": 0.02814725402546188,
    "q_table_size": 24
  },
  "final_epsilon": 0.02804683867840794,
  "q_table_size": 24,
  "objective": "minimize -mean(total_reward); late_order_fraction is recorded for later composite objectives",
  "objective_mean": -66.2,
  "objective_std": 229.1475992067607,
  "total_reward_mean": 66.2,
  "total_reward_std": 229.1475992067607,
  "late_order_fraction_mean": 0.47148588745928743,
  "n_valid_replications": 10,
  "eval_replications": 10,
  "eval_seeds": [
    312345,
    313345,
    314345,
    315345,
    316345,
    317345,
    318345,
    319345,
    320345,
    321345
  ],
  "best_evaluation": {
    "replication": 0,
    "eval_seed": 312345,
    "total_reward": 508.0
  }
}