{
  "stage": "stage1_bo_trial",
  "trial_index": 19,
  "parameters": {
    "alpha": 0.016482458725285917,
    "gamma": 0.2,
    "target_final_epsilon": 0.056284368121691256,
    "risk_t1": 175.214912,
    "risk_window": 758.004,
    "epsilon_min": 0.056284368121691256,
    "epsilon_decay": 0.9971267971351616
  },
  "training_episodes": 1000,
  "n_training_failures": 0,
  "best_training": {
    "episode": 934,
    "training_seed": 1146345,
    "total_reward": 1162.0
  },
  "last_training": {
    "episode": 999,
    "training_seed": 1211345,
    "total_reward": 485.0,
    "epsilon": 0.056446550512336414,
    "q_table_size": 23
  },
  "final_epsilon": 0.05628436812169412,
  "q_table_size": 23,
  "objective": "minimize -mean(total_reward); late_order_fraction is recorded for later composite objectives",
  "objective_mean": -136.2,
  "objective_std": 259.08762996330023,
  "total_reward_mean": 136.2,
  "total_reward_std": 259.08762996330023,
  "late_order_fraction_mean": 0.4588582229349506,
  "n_valid_replications": 10,
  "eval_replications": 10,
  "eval_seeds": [
    312345,
    313345,
    314345,
    315345,
    316345,
    317345,
    318345,
    319345,
    320345,
    321345
  ],
  "best_evaluation": {
    "replication": 0,
    "eval_seed": 312345,
    "total_reward": 628.0
  }
}