{
  "method": "bo",
  "run_index": 2,
  "best_parameters": {
    "preparation_capacity": 1,
    "sorting_capacity": 3,
    "analysis1_capacity": 3,
    "analysis2_capacity": 1,
    "evaluation_capacity": 1,
    "dispatching_capacity": 1,
    "worker_capacity": 3
  },
  "best_objective": 1.0786001974470618,
  "aggregated_kpis": {
    "n_orders_completed_mean": 671.9666666666667,
    "n_orders_in_date_mean": 556.2,
    "n_orders_late_mean": 115.76666666666667,
    "n_orders_created_mean": 1004.2666666666667,
    "n_orders_incomplete_mean": 332.3,
    "late_order_fraction_mean": 0.16519453433624312,
    "time_in_system_mean_mean": 213.08864676752117,
    "time_in_system_std_mean": 111.51478667065696,
    "wip_time_in_system_mean_mean": 239.60172861930818,
    "wip_time_in_system_std_mean": 135.7252500248789,
    "wip_time_in_system_min_mean": 1.3222483601800075,
    "wip_time_in_system_max_mean": 479.1491220807897,
    "wip_mean_mean": 164.87003377567552,
    "work_in_progress_mean_mean": 164.87003377567552,
    "completed_norm_mean": 0.6709311957814686,
    "late_total_norm_mean": 0.4430484133416625,
    "on_time_loss_norm_mean": 0.4430484133416625,
    "station_capacity_norm_mean": 0.1666666666666667,
    "worker_capacity_norm_mean": 0.22222222222222224,
    "time_in_system_mean_norm_mean": 0.5919129076875588,
    "time_in_system_std_norm_mean": 0.3097632963073804,
    "objective_completed_contribution_mean": -0.2348259185235141,
    "objective_late_contribution_mean": 0.35443873067333004,
    "objective_station_capacity_contribution_mean": 0.5,
    "objective_worker_capacity_contribution_mean": 0.22222222222222224,
    "objective_time_mean_contribution_mean": 0.2367651630750235,
    "objective_time_std_contribution_mean": 0.0
  }
}