{
  "stage": "stage1_bo_trial",
  "trial_index": 49,
  "parameters": {
    "alpha": 0.045627282882001144,
    "gamma": 0.8,
    "target_final_epsilon": 0.049065704585388115,
    "risk_t1": 175.214912,
    "risk_window": 758.004,
    "epsilon_min": 0.049065704585388115,
    "epsilon_decay": 0.9969899443596734
  },
  "training_episodes": 1000,
  "n_training_failures": 0,
  "best_training": {
    "episode": 718,
    "training_seed": 930345,
    "total_reward": 1137.0
  },
  "last_training": {
    "episode": 999,
    "training_seed": 1211345,
    "total_reward": 345.0,
    "epsilon": 0.049213840985028345,
    "q_table_size": 23
  },
  "final_epsilon": 0.049065704585389225,
  "q_table_size": 23,
  "objective": "minimize -mean(total_reward); late_order_fraction is recorded for later composite objectives",
  "objective_mean": -116.2,
  "objective_std": 153.7160441275478,
  "total_reward_mean": 116.2,
  "total_reward_std": 153.7160441275478,
  "late_order_fraction_mean": 0.4625317831346506,
  "n_valid_replications": 10,
  "eval_replications": 10,
  "eval_seeds": [
    312345,
    313345,
    314345,
    315345,
    316345,
    317345,
    318345,
    319345,
    320345,
    321345
  ],
  "best_evaluation": {
    "replication": 0,
    "eval_seed": 312345,
    "total_reward": 448.0
  }
}