{
  "stage": "stage1_bo_trial",
  "trial_index": 33,
  "parameters": {
    "alpha": 0.08,
    "gamma": 0.8389685105095054,
    "target_final_epsilon": 0.01859696953738057,
    "risk_t1": 175.214912,
    "risk_window": 758.004,
    "epsilon_min": 0.01859696953738057,
    "epsilon_decay": 0.9609359069119024
  },
  "training_episodes": 100,
  "n_training_failures": 0,
  "best_training": {
    "episode": 91,
    "training_seed": 303345,
    "total_reward": 1101.0
  },
  "last_training": {
    "episode": 99,
    "training_seed": 311345,
    "total_reward": -124.0,
    "epsilon": 0.019352975993107074,
    "q_table_size": 20
  },
  "final_epsilon": 0.01859696953738062,
  "q_table_size": 20,
  "objective": "minimize -mean(total_reward); late_order_fraction is recorded for later composite objectives",
  "objective_mean": -120.2,
  "objective_std": 310.369242462372,
  "total_reward_mean": 120.2,
  "total_reward_std": 310.369242462372,
  "late_order_fraction_mean": 0.46153341553279104,
  "n_valid_replications": 10,
  "eval_replications": 10,
  "eval_seeds": [
    312345,
    313345,
    314345,
    315345,
    316345,
    317345,
    318345,
    319345,
    320345,
    321345
  ],
  "best_evaluation": {
    "replication": 0,
    "eval_seed": 312345,
    "total_reward": 868.0
  }
}