{
  "stage": "stage1_bo_trial",
  "trial_index": 11,
  "parameters": {
    "alpha": 0.021754582305944983,
    "gamma": 0.99,
    "target_final_epsilon": 0.03862290866056312,
    "risk_t1": 175.214912,
    "risk_window": 758.004,
    "epsilon_min": 0.03862290866056312,
    "epsilon_decay": 0.9679846038947979
  },
  "training_episodes": 100,
  "n_training_failures": 0,
  "best_training": {
    "episode": 91,
    "training_seed": 303345,
    "total_reward": 1041.0
  },
  "last_training": {
    "episode": 99,
    "training_seed": 311345,
    "total_reward": -184.0,
    "epsilon": 0.039900333647001435,
    "q_table_size": 20
  },
  "final_epsilon": 0.03862290866056312,
  "q_table_size": 20,
  "objective": "minimize -mean(total_reward); late_order_fraction is recorded for later composite objectives",
  "objective_mean": -144.2,
  "objective_std": 304.9709640095084,
  "total_reward_mean": 144.2,
  "total_reward_std": 304.9709640095084,
  "late_order_fraction_mean": 0.45746597895110874,
  "n_valid_replications": 10,
  "eval_replications": 10,
  "eval_seeds": [
    312345,
    313345,
    314345,
    315345,
    316345,
    317345,
    318345,
    319345,
    320345,
    321345
  ],
  "best_evaluation": {
    "replication": 0,
    "eval_seed": 312345,
    "total_reward": 748.0
  }
}