{
  "stage": "stage1_bo_trial",
  "trial_index": 29,
  "parameters": {
    "alpha": 0.07109666048156249,
    "gamma": 0.9478680911041869,
    "target_final_epsilon": 0.059473059789130304,
    "risk_t1": 175.214912,
    "risk_window": 758.004,
    "epsilon_min": 0.059473059789130304,
    "epsilon_decay": 0.9971817469068097
  },
  "training_episodes": 1000,
  "n_training_failures": 0,
  "best_training": {
    "episode": 126,
    "training_seed": 338345,
    "total_reward": 1103.0
  },
  "last_training": {
    "episode": 999,
    "training_seed": 1211345,
    "total_reward": 285.0,
    "epsilon": 0.05964114362663965,
    "q_table_size": 23
  },
  "final_epsilon": 0.05947305978913247,
  "q_table_size": 23,
  "objective": "minimize -mean(total_reward); late_order_fraction is recorded for later composite objectives",
  "objective_mean": -102.2,
  "objective_std": 181.47347525801732,
  "total_reward_mean": 102.2,
  "total_reward_std": 181.47347525801732,
  "late_order_fraction_mean": 0.465170220500395,
  "n_valid_replications": 10,
  "eval_replications": 10,
  "eval_seeds": [
    312345,
    313345,
    314345,
    315345,
    316345,
    317345,
    318345,
    319345,
    320345,
    321345
  ],
  "best_evaluation": {
    "replication": 0,
    "eval_seed": 312345,
    "total_reward": 468.0
  }
}