{
  "stage": "stage1_bo_trial",
  "trial_index": 86,
  "parameters": {
    "alpha": 0.0001,
    "gamma": 0.948487063905278,
    "target_final_epsilon": 0.06073485841499536,
    "risk_t1": 175.214912,
    "risk_window": 758.004,
    "epsilon_min": 0.06073485841499536,
    "epsilon_decay": 0.9972026823327063
  },
  "training_episodes": 1000,
  "n_training_failures": 0,
  "best_training": {
    "episode": 518,
    "training_seed": 730345,
    "total_reward": 989.0
  },
  "last_training": {
    "episode": 999,
    "training_seed": 1211345,
    "total_reward": 145.0,
    "epsilon": 0.060905229690040384,
    "q_table_size": 24
  },
  "final_epsilon": 0.06073485841499785,
  "q_table_size": 24,
  "objective": "minimize -mean(total_reward); late_order_fraction is recorded for later composite objectives",
  "objective_mean": 5.8,
  "objective_std": 160.09219565959833,
  "total_reward_mean": -5.8,
  "total_reward_std": 160.09219565959833,
  "late_order_fraction_mean": 0.48436753149932077,
  "n_valid_replications": 10,
  "eval_replications": 10,
  "eval_seeds": [
    312345,
    313345,
    314345,
    315345,
    316345,
    317345,
    318345,
    319345,
    320345,
    321345
  ],
  "best_evaluation": {
    "replication": 0,
    "eval_seed": 312345,
    "total_reward": 388.0
  }
}