{
  "method": "bo",
  "run_index": 16,
  "best_parameters": {
    "preparation_capacity": 1,
    "sorting_capacity": 1,
    "analysis1_capacity": 1,
    "analysis2_capacity": 1,
    "evaluation_capacity": 1,
    "dispatching_capacity": 1,
    "worker_capacity": 1
  },
  "best_objective": 1.1305679948297098,
  "aggregated_kpis": {
    "n_orders_completed_mean": 219.73333333333332,
    "n_orders_in_date_mean": 85.0,
    "n_orders_late_mean": 134.73333333333332,
    "n_orders_created_mean": 998.8333333333334,
    "n_orders_incomplete_mean": 779.1,
    "late_order_fraction_mean": 0.5204018255372148,
    "time_in_system_mean_mean": 428.25062810538304,
    "time_in_system_std_mean": 237.89402546621733,
    "wip_time_in_system_mean_mean": 558.1154918074915,
    "wip_time_in_system_std_mean": 323.0160860568077,
    "wip_time_in_system_min_mean": 1.8929457010126272,
    "wip_time_in_system_max_mean": 1123.8114119929805,
    "wip_mean_mean": 380.5704442694472,
    "work_in_progress_mean_mean": 380.5704442694472,
    "completed_norm_mean": 0.22014133377249376,
    "late_total_norm_mean": 0.914729288027349,
    "on_time_loss_norm_mean": 0.914729288027349,
    "station_capacity_norm_mean": 0.0,
    "worker_capacity_norm_mean": 0.0,
    "time_in_system_mean_norm_mean": 1.1895850780705086,
    "time_in_system_std_norm_mean": 0.6608167374061591,
    "objective_completed_contribution_mean": -0.0770494668203728,
    "objective_late_contribution_mean": 0.7317834304218791,
    "objective_station_capacity_contribution_mean": 0.0,
    "objective_worker_capacity_contribution_mean": 0.0,
    "objective_time_mean_contribution_mean": 0.4758340312282034,
    "objective_time_std_contribution_mean": 0.0
  }
}