{
  "stage": "stage1_bo_trial",
  "trial_index": 20,
  "parameters": {
    "alpha": 0.005,
    "gamma": 0.6454291781596895,
    "target_final_epsilon": 0.10551143773088134,
    "risk_t1": 204.28251357393725,
    "risk_window": 1800.0,
    "epsilon_min": 0.10551143773088134,
    "epsilon_decay": 0.9977535910442688
  },
  "training_episodes": 1000,
  "n_training_failures": 0,
  "best_training": {
    "episode": 718,
    "training_seed": 930345,
    "total_reward": 1157.0
  },
  "last_training": {
    "episode": 999,
    "training_seed": 1211345,
    "total_reward": 465.0,
    "epsilon": 0.10574899321630805,
    "q_table_size": 23
  },
  "final_epsilon": 0.10551143773088738,
  "q_table_size": 23,
  "objective": "minimize -mean(total_reward); late_order_fraction is recorded for later composite objectives",
  "objective_mean": -288.2,
  "objective_std": 213.63769954450146,
  "total_reward_mean": 288.2,
  "total_reward_std": 213.63769954450146,
  "late_order_fraction_mean": 0.4317431228408929,
  "n_valid_replications": 10,
  "eval_replications": 10,
  "eval_seeds": [
    312345,
    313345,
    314345,
    315345,
    316345,
    317345,
    318345,
    319345,
    320345,
    321345
  ],
  "best_evaluation": {
    "replication": 0,
    "eval_seed": 312345,
    "total_reward": 768.0
  }
}