{
  "stage": "stage1_bo_trial",
  "trial_index": 20,
  "parameters": {
    "alpha": 0.007506967071777851,
    "gamma": 0.01,
    "target_final_epsilon": 0.022268384664201862,
    "risk_t1": 175.214912,
    "risk_window": 758.004,
    "epsilon_min": 0.022268384664201862,
    "epsilon_decay": 0.9962026409381165
  },
  "training_episodes": 1000,
  "n_training_failures": 0,
  "best_training": {
    "episode": 598,
    "training_seed": 810345,
    "total_reward": 1055.0
  },
  "last_training": {
    "episode": 999,
    "training_seed": 1211345,
    "total_reward": 385.0,
    "epsilon": 0.0223532680491922,
    "q_table_size": 24
  },
  "final_epsilon": 0.02226838466420289,
  "q_table_size": 24,
  "objective": "minimize -mean(total_reward); late_order_fraction is recorded for later composite objectives",
  "objective_mean": -136.2,
  "objective_std": 272.80795035661583,
  "total_reward_mean": 136.2,
  "total_reward_std": 272.80795035661583,
  "late_order_fraction_mean": 0.4588920358442411,
  "n_valid_replications": 10,
  "eval_replications": 10,
  "eval_seeds": [
    312345,
    313345,
    314345,
    315345,
    316345,
    317345,
    318345,
    319345,
    320345,
    321345
  ],
  "best_evaluation": {
    "replication": 0,
    "eval_seed": 312345,
    "total_reward": 628.0
  }
}