{
  "stage": "stage1_bo_trial",
  "trial_index": 58,
  "parameters": {
    "alpha": 0.023434784024251035,
    "gamma": 0.2,
    "target_final_epsilon": 0.07394228277101328,
    "risk_t1": 175.214912,
    "risk_window": 758.004,
    "epsilon_min": 0.07394228277101328,
    "epsilon_decay": 0.9973989182379552
  },
  "training_episodes": 1000,
  "n_training_failures": 0,
  "best_training": {
    "episode": 934,
    "training_seed": 1146345,
    "total_reward": 1142.0
  },
  "last_training": {
    "episode": 999,
    "training_seed": 1211345,
    "total_reward": 505.0,
    "epsilon": 0.07413511426465352,
    "q_table_size": 24
  },
  "final_epsilon": 0.07394228277101328,
  "q_table_size": 24,
  "objective": "minimize -mean(total_reward); late_order_fraction is recorded for later composite objectives",
  "objective_mean": -110.2,
  "objective_std": 242.55162108072764,
  "total_reward_mean": 110.2,
  "total_reward_std": 242.55162108072764,
  "late_order_fraction_mean": 0.46356881634291974,
  "n_valid_replications": 10,
  "eval_replications": 10,
  "eval_seeds": [
    312345,
    313345,
    314345,
    315345,
    316345,
    317345,
    318345,
    319345,
    320345,
    321345
  ],
  "best_evaluation": {
    "replication": 0,
    "eval_seed": 312345,
    "total_reward": 608.0
  }
}