{
  "stage": "stage1_bo_trial",
  "trial_index": 27,
  "parameters": {
    "alpha": 0.04225828532011325,
    "gamma": 0.2832201182929063,
    "target_final_epsilon": 0.02666351392895242,
    "risk_t1": 175.214912,
    "risk_window": 758.004,
    "epsilon_min": 0.02666351392895242,
    "epsilon_decay": 0.9963821012561095
  },
  "training_episodes": 1000,
  "n_training_failures": 0,
  "best_training": {
    "episode": 126,
    "training_seed": 338345,
    "total_reward": 1183.0
  },
  "last_training": {
    "episode": 999,
    "training_seed": 1211345,
    "total_reward": 385.0,
    "epsilon": 0.02676033009358498,
    "q_table_size": 23
  },
  "final_epsilon": 0.026663513928953303,
  "q_table_size": 23,
  "objective": "minimize -mean(total_reward); late_order_fraction is recorded for later composite objectives",
  "objective_mean": -56.2,
  "objective_std": 196.31539250230315,
  "total_reward_mean": 56.2,
  "total_reward_std": 196.31539250230315,
  "late_order_fraction_mean": 0.4732223325053849,
  "n_valid_replications": 10,
  "eval_replications": 10,
  "eval_seeds": [
    312345,
    313345,
    314345,
    315345,
    316345,
    317345,
    318345,
    319345,
    320345,
    321345
  ],
  "best_evaluation": {
    "replication": 0,
    "eval_seed": 312345,
    "total_reward": 508.0
  }
}