{
  "stage": "stage1_bo_trial",
  "trial_index": 19,
  "parameters": {
    "alpha": 0.6837714542577056,
    "gamma": 0.2,
    "target_final_epsilon": 0.18673804457485096,
    "risk_t1": 226.20171664786469,
    "risk_window": 1655.8090815132946,
    "epsilon_min": 0.18673804457485096,
    "epsilon_decay": 0.9833595233521737
  },
  "training_episodes": 100,
  "n_training_failures": 0,
  "best_training": {
    "episode": 91,
    "training_seed": 303345,
    "total_reward": 921.0
  },
  "last_training": {
    "episode": 99,
    "training_seed": 311345,
    "total_reward": -304.0,
    "epsilon": 0.18989803844913222,
    "q_table_size": 20
  },
  "final_epsilon": 0.1867380445748514,
  "q_table_size": 20,
  "objective": "minimize -mean(total_reward); late_order_fraction is recorded for later composite objectives",
  "objective_mean": -44.2,
  "objective_std": 253.6983335468415,
  "total_reward_mean": 44.2,
  "total_reward_std": 253.6983335468415,
  "late_order_fraction_mean": 0.475302941791492,
  "n_valid_replications": 10,
  "eval_replications": 10,
  "eval_seeds": [
    312345,
    313345,
    314345,
    315345,
    316345,
    317345,
    318345,
    319345,
    320345,
    321345
  ],
  "best_evaluation": {
    "replication": 0,
    "eval_seed": 312345,
    "total_reward": 528.0
  }
}