{
  "stage": "stage1_bo_trial",
  "trial_index": 19,
  "parameters": {
    "alpha": 0.01216857796308785,
    "gamma": 0.6775597609018098,
    "target_final_epsilon": 0.025541830463231524,
    "risk_t1": 175.214912,
    "risk_window": 758.004,
    "epsilon_min": 0.025541830463231524,
    "epsilon_decay": 0.9963392790756634
  },
  "training_episodes": 1000,
  "n_training_failures": 0,
  "best_training": {
    "episode": 718,
    "training_seed": 930345,
    "total_reward": 1177.0
  },
  "last_training": {
    "episode": 999,
    "training_seed": 1211345,
    "total_reward": 245.0,
    "epsilon": 0.025635675517005567,
    "q_table_size": 24
  },
  "final_epsilon": 0.025541830463231524,
  "q_table_size": 24,
  "objective": "minimize -mean(total_reward); late_order_fraction is recorded for later composite objectives",
  "objective_mean": -200.2,
  "objective_std": 171.11451656062903,
  "total_reward_mean": 200.2,
  "total_reward_std": 171.11451656062903,
  "late_order_fraction_mean": 0.44740081594619774,
  "n_valid_replications": 10,
  "eval_replications": 10,
  "eval_seeds": [
    312345,
    313345,
    314345,
    315345,
    316345,
    317345,
    318345,
    319345,
    320345,
    321345
  ],
  "best_evaluation": {
    "replication": 0,
    "eval_seed": 312345,
    "total_reward": 548.0
  }
}