{
  "stage": "stage1_bo_trial",
  "trial_index": 18,
  "parameters": {
    "alpha": 0.005,
    "gamma": 0.95,
    "target_final_epsilon": 0.15259627140862486,
    "risk_t1": 175.214912,
    "risk_window": 120.0,
    "epsilon_min": 0.15259627140862486,
    "epsilon_decay": 0.9813760142730207
  },
  "training_episodes": 100,
  "n_training_failures": 0,
  "best_training": {
    "episode": 91,
    "training_seed": 303345,
    "total_reward": 681.0
  },
  "last_training": {
    "episode": 99,
    "training_seed": 311345,
    "total_reward": -344.0,
    "epsilon": 0.15549215508559663,
    "q_table_size": 22
  },
  "final_epsilon": 0.15259627140862522,
  "q_table_size": 22,
  "objective": "minimize -mean(total_reward); late_order_fraction is recorded for later composite objectives",
  "objective_mean": -24.2,
  "objective_std": 169.08433135897337,
  "total_reward_mean": 24.2,
  "total_reward_std": 169.08433135897337,
  "late_order_fraction_mean": 0.4790983499288527,
  "n_valid_replications": 10,
  "eval_replications": 10,
  "eval_seeds": [
    312345,
    313345,
    314345,
    315345,
    316345,
    317345,
    318345,
    319345,
    320345,
    321345
  ],
  "best_evaluation": {
    "replication": 0,
    "eval_seed": 312345,
    "total_reward": 408.0
  }
}