{
  "stage": "stage1_bo_trial",
  "trial_index": 98,
  "parameters": {
    "alpha": 0.0041039206755007105,
    "gamma": 0.5308618042028899,
    "target_final_epsilon": 0.022984994920330737,
    "risk_t1": 175.214912,
    "risk_window": 120.0,
    "epsilon_min": 0.022984994920330737,
    "epsilon_decay": 0.996234194825336
  },
  "training_episodes": 1000,
  "n_training_failures": 0,
  "best_training": {
    "episode": 668,
    "training_seed": 880345,
    "total_reward": 1149.0
  },
  "last_training": {
    "episode": 999,
    "training_seed": 1211345,
    "total_reward": 465.0,
    "epsilon": 0.023071879122118766,
    "q_table_size": 24
  },
  "final_epsilon": 0.02298499492033147,
  "q_table_size": 24,
  "objective": "minimize -mean(total_reward); late_order_fraction is recorded for later composite objectives",
  "objective_mean": -132.2,
  "objective_std": 218.19298287932583,
  "total_reward_mean": 132.2,
  "total_reward_std": 218.19298287932583,
  "late_order_fraction_mean": 0.45952978368769,
  "n_valid_replications": 10,
  "eval_replications": 10,
  "eval_seeds": [
    312345,
    313345,
    314345,
    315345,
    316345,
    317345,
    318345,
    319345,
    320345,
    321345
  ],
  "best_evaluation": {
    "replication": 0,
    "eval_seed": 312345,
    "total_reward": 608.0
  }
}