{
  "stage": "stage1_bo_trial",
  "trial_index": 98,
  "parameters": {
    "alpha": 0.02218148197982408,
    "gamma": 0.8945242750969142,
    "target_final_epsilon": 0.00727189078480009,
    "risk_t1": 175.214912,
    "risk_window": 758.004,
    "epsilon_min": 0.00727189078480009,
    "epsilon_decay": 0.9950883627916963
  },
  "training_episodes": 1000,
  "n_training_failures": 0,
  "best_training": {
    "episode": 718,
    "training_seed": 930345,
    "total_reward": 1097.0
  },
  "last_training": {
    "episode": 999,
    "training_seed": 1211345,
    "total_reward": 505.0,
    "epsilon": 0.007307783968450097,
    "q_table_size": 24
  },
  "final_epsilon": 0.007271890784800413,
  "q_table_size": 24,
  "objective": "minimize -mean(total_reward); late_order_fraction is recorded for later composite objectives",
  "objective_mean": -136.2,
  "objective_std": 261.3166661351702,
  "total_reward_mean": 136.2,
  "total_reward_std": 261.3166661351702,
  "late_order_fraction_mean": 0.45887939924990906,
  "n_valid_replications": 10,
  "eval_replications": 10,
  "eval_seeds": [
    312345,
    313345,
    314345,
    315345,
    316345,
    317345,
    318345,
    319345,
    320345,
    321345
  ],
  "best_evaluation": {
    "replication": 0,
    "eval_seed": 312345,
    "total_reward": 628.0
  }
}