{
  "stage": "stage1_bo_trial",
  "trial_index": 99,
  "parameters": {
    "alpha": 0.010866676607863949,
    "gamma": 0.31978989599062546,
    "target_final_epsilon": 0.023733421386084412,
    "risk_t1": 175.214912,
    "risk_window": 758.004,
    "epsilon_min": 0.023733421386084412,
    "epsilon_decay": 0.9962661173020375
  },
  "training_episodes": 1000,
  "n_training_failures": 0,
  "best_training": {
    "episode": 934,
    "training_seed": 1146345,
    "total_reward": 1162.0
  },
  "last_training": {
    "episode": 999,
    "training_seed": 1211345,
    "total_reward": 565.0,
    "epsilon": 0.023822371326204475,
    "q_table_size": 24
  },
  "final_epsilon": 0.023733421386085123,
  "q_table_size": 24,
  "objective": "minimize -mean(total_reward); late_order_fraction is recorded for later composite objectives",
  "objective_mean": -328.2,
  "objective_std": 249.56174920581608,
  "total_reward_mean": 328.2,
  "total_reward_std": 249.56174920581608,
  "late_order_fraction_mean": 0.42457813163157176,
  "n_valid_replications": 10,
  "eval_replications": 10,
  "eval_seeds": [
    312345,
    313345,
    314345,
    315345,
    316345,
    317345,
    318345,
    319345,
    320345,
    321345
  ],
  "best_evaluation": {
    "replication": 0,
    "eval_seed": 312345,
    "total_reward": 868.0
  }
}