{
  "stage": "stage1_bo_trial",
  "trial_index": 56,
  "parameters": {
    "alpha": 0.5,
    "gamma": 0.5,
    "target_final_epsilon": 0.1726560808374225,
    "risk_t1": 8.63168034595007,
    "risk_window": 1185.1415197288268,
    "epsilon_min": 0.1726560808374225,
    "epsilon_decay": 0.9982450880267734
  },
  "training_episodes": 1000,
  "n_training_failures": 0,
  "best_training": {
    "episode": 518,
    "training_seed": 730345,
    "total_reward": 1009.0
  },
  "last_training": {
    "episode": 999,
    "training_seed": 1211345,
    "total_reward": 445.0,
    "epsilon": 0.17295960972741914,
    "q_table_size": 23
  },
  "final_epsilon": 0.1726560808374239,
  "q_table_size": 23,
  "objective": "minimize -mean(total_reward); late_order_fraction is recorded for later composite objectives",
  "objective_mean": -60.2,
  "objective_std": 268.77532955570484,
  "total_reward_mean": 60.2,
  "total_reward_std": 268.77532955570484,
  "late_order_fraction_mean": 0.47251872719081145,
  "n_valid_replications": 10,
  "eval_replications": 10,
  "eval_seeds": [
    312345,
    313345,
    314345,
    315345,
    316345,
    317345,
    318345,
    319345,
    320345,
    321345
  ],
  "best_evaluation": {
    "replication": 0,
    "eval_seed": 312345,
    "total_reward": 648.0
  }
}