{
  "stage": "stage1_bo_trial",
  "trial_index": 13,
  "parameters": {
    "alpha": 0.5,
    "gamma": 0.5,
    "target_final_epsilon": 0.11998642240050357,
    "risk_t1": 80.21111183569744,
    "risk_window": 1241.7224791374122,
    "epsilon_min": 0.11998642240050357,
    "epsilon_decay": 0.997881869721362
  },
  "training_episodes": 1000,
  "n_training_failures": 0,
  "best_training": {
    "episode": 934,
    "training_seed": 1146345,
    "total_reward": 942.0
  },
  "last_training": {
    "episode": 999,
    "training_seed": 1211345,
    "total_reward": 445.0,
    "epsilon": 0.12024110873364642,
    "q_table_size": 24
  },
  "final_epsilon": 0.11998642240050357,
  "q_table_size": 24,
  "objective": "minimize -mean(total_reward); late_order_fraction is recorded for later composite objectives",
  "objective_mean": -116.2,
  "objective_std": 238.26633090817603,
  "total_reward_mean": 116.2,
  "total_reward_std": 238.26633090817603,
  "late_order_fraction_mean": 0.4623586831701406,
  "n_valid_replications": 10,
  "eval_replications": 10,
  "eval_seeds": [
    312345,
    313345,
    314345,
    315345,
    316345,
    317345,
    318345,
    319345,
    320345,
    321345
  ],
  "best_evaluation": {
    "replication": 0,
    "eval_seed": 312345,
    "total_reward": 608.0
  }
}