{
  "stage": "stage1_bo_trial",
  "trial_index": 3,
  "parameters": {
    "alpha": 0.12419825777411461,
    "gamma": 0.9321540180593729,
    "epsilon_decay": 0.9992177816870157,
    "epsilon_min": 0.06852651081979275,
    "risk_t1": 9.047658573836088,
    "risk_window": 176.313809864223
  },
  "training_episodes": 1000,
  "n_training_failures": 0,
  "best_training": {
    "episode": 718,
    "training_seed": 930345,
    "total_reward": 1037.0
  },
  "last_training": {
    "episode": 999,
    "training_seed": 1211345,
    "total_reward": 325.0,
    "epsilon": 0.45760821763715154,
    "q_table_size": 23
  },
  "final_epsilon": 0.45725026810914365,
  "q_table_size": 23,
  "objective": "minimize -mean(total_reward); late_order_fraction is recorded for later composite objectives",
  "objective_mean": -78.2,
  "objective_std": 259.1802461608523,
  "total_reward_mean": 78.2,
  "total_reward_std": 259.1802461608523,
  "late_order_fraction_mean": 0.46919162303486905,
  "n_valid_replications": 10,
  "eval_replications": 10,
  "eval_seeds": [
    312345,
    313345,
    314345,
    315345,
    316345,
    317345,
    318345,
    319345,
    320345,
    321345
  ],
  "best_evaluation": {
    "replication": 0,
    "eval_seed": 312345,
    "total_reward": 508.0
  }
}