{
  "stage": "stage1_bo_trial",
  "trial_index": 3,
  "parameters": {
    "alpha": 0.12670003391802312,
    "gamma": 0.9444816835317761,
    "target_final_epsilon": 0.15093246947042643,
    "risk_t1": 282.5731900334358,
    "risk_window": 643.5681594349444,
    "epsilon_min": 0.15093246947042643,
    "epsilon_decay": 0.9981108639038713
  },
  "training_episodes": 1000,
  "n_training_failures": 0,
  "best_training": {
    "episode": 718,
    "training_seed": 930345,
    "total_reward": 1037.0
  },
  "last_training": {
    "episode": 999,
    "training_seed": 1211345,
    "total_reward": 65.0,
    "epsilon": 0.15121814111919973,
    "q_table_size": 23
  },
  "final_epsilon": 0.15093246947042643,
  "q_table_size": 23,
  "objective": "minimize -mean(total_reward); late_order_fraction is recorded for later composite objectives",
  "objective_mean": -26.2,
  "objective_std": 230.8095896332444,
  "total_reward_mean": 26.2,
  "total_reward_std": 230.8095896332444,
  "late_order_fraction_mean": 0.4786203058781435,
  "n_valid_replications": 10,
  "eval_replications": 10,
  "eval_seeds": [
    312345,
    313345,
    314345,
    315345,
    316345,
    317345,
    318345,
    319345,
    320345,
    321345
  ],
  "best_evaluation": {
    "replication": 0,
    "eval_seed": 312345,
    "total_reward": 508.0
  }
}