{
  "stage": "stage1_bo_trial",
  "trial_index": 3,
  "parameters": {
    "alpha": 0.17587176479399202,
    "gamma": 0.880329107446596,
    "target_final_epsilon": 0.11893726743757725,
    "risk_t1": 291.1761689186096,
    "risk_window": 851.0599346458912,
    "epsilon_min": 0.11893726743757725,
    "epsilon_decay": 0.9978731059621162
  },
  "training_episodes": 1000,
  "n_training_failures": 0,
  "best_training": {
    "episode": 934,
    "training_seed": 1146345,
    "total_reward": 962.0
  },
  "last_training": {
    "episode": 999,
    "training_seed": 1211345,
    "total_reward": 385.0,
    "epsilon": 0.11919077358328087,
    "q_table_size": 23
  },
  "final_epsilon": 0.11893726743757725,
  "q_table_size": 23,
  "objective": "minimize -mean(total_reward); late_order_fraction is recorded for later composite objectives",
  "objective_mean": -84.2,
  "objective_std": 196.05713452970792,
  "total_reward_mean": 84.2,
  "total_reward_std": 196.05713452970792,
  "late_order_fraction_mean": 0.46817974390709427,
  "n_valid_replications": 10,
  "eval_replications": 10,
  "eval_seeds": [
    312345,
    313345,
    314345,
    315345,
    316345,
    317345,
    318345,
    319345,
    320345,
    321345
  ],
  "best_evaluation": {
    "replication": 0,
    "eval_seed": 312345,
    "total_reward": 548.0
  }
}