{
  "stage": "stage1_bo_trial",
  "trial_index": 37,
  "parameters": {
    "alpha": 0.007740999422729291,
    "gamma": 0.5368932133969964,
    "target_final_epsilon": 0.01649849816923549,
    "risk_t1": 175.214912,
    "risk_window": 758.004,
    "epsilon_min": 0.01649849816923549,
    "epsilon_decay": 0.9959039259673157
  },
  "training_episodes": 1000,
  "n_training_failures": 0,
  "best_training": {
    "episode": 718,
    "training_seed": 930345,
    "total_reward": 1197.0
  },
  "last_training": {
    "episode": 999,
    "training_seed": 1211345,
    "total_reward": 465.0,
    "epsilon": 0.01656635518653185,
    "q_table_size": 23
  },
  "final_epsilon": 0.016498498169236073,
  "q_table_size": 23,
  "objective": "minimize -mean(total_reward); late_order_fraction is recorded for later composite objectives",
  "objective_mean": -108.2,
  "objective_std": 256.8461709964849,
  "total_reward_mean": 108.2,
  "total_reward_std": 256.8461709964849,
  "late_order_fraction_mean": 0.4637728692679423,
  "n_valid_replications": 10,
  "eval_replications": 10,
  "eval_seeds": [
    312345,
    313345,
    314345,
    315345,
    316345,
    317345,
    318345,
    319345,
    320345,
    321345
  ],
  "best_evaluation": {
    "replication": 0,
    "eval_seed": 312345,
    "total_reward": 628.0
  }
}