{
  "stage": "stage1_bo_trial",
  "trial_index": 27,
  "parameters": {
    "alpha": 0.004560114145647116,
    "gamma": 0.31181742866519424,
    "target_final_epsilon": 0.08,
    "risk_t1": 175.214912,
    "risk_window": 120.0,
    "epsilon_min": 0.08,
    "epsilon_decay": 0.9974774583245799
  },
  "training_episodes": 1000,
  "n_training_failures": 0,
  "best_training": {
    "episode": 633,
    "training_seed": 845345,
    "total_reward": 1147.0
  },
  "last_training": {
    "episode": 999,
    "training_seed": 1211345,
    "total_reward": 465.0,
    "epsilon": 0.08020231367871956,
    "q_table_size": 24
  },
  "final_epsilon": 0.08,
  "q_table_size": 24,
  "objective": "minimize -mean(total_reward); late_order_fraction is recorded for later composite objectives",
  "objective_mean": -120.2,
  "objective_std": 264.0037036777241,
  "total_reward_mean": 120.2,
  "total_reward_std": 264.0037036777241,
  "late_order_fraction_mean": 0.46166321166146773,
  "n_valid_replications": 10,
  "eval_replications": 10,
  "eval_seeds": [
    312345,
    313345,
    314345,
    315345,
    316345,
    317345,
    318345,
    319345,
    320345,
    321345
  ],
  "best_evaluation": {
    "replication": 0,
    "eval_seed": 312345,
    "total_reward": 628.0
  }
}