{
  "stage": "stage1_bo_trial",
  "trial_index": 41,
  "parameters": {
    "alpha": 0.07159400657204748,
    "gamma": 0.11604187263002626,
    "target_final_epsilon": 0.011289958352100303,
    "risk_t1": 175.214912,
    "risk_window": 758.004,
    "epsilon_min": 0.011289958352100303,
    "epsilon_decay": 0.9955261958202981
  },
  "training_episodes": 1000,
  "n_training_failures": 0,
  "best_training": {
    "episode": 518,
    "training_seed": 730345,
    "total_reward": 1209.0
  },
  "last_training": {
    "episode": 999,
    "training_seed": 1211345,
    "total_reward": 545.0,
    "epsilon": 0.011340694398098945,
    "q_table_size": 24
  },
  "final_epsilon": 0.011289958352100303,
  "q_table_size": 24,
  "objective": "minimize -mean(total_reward); late_order_fraction is recorded for later composite objectives",
  "objective_mean": -200.2,
  "objective_std": 246.838138598286,
  "total_reward_mean": 200.2,
  "total_reward_std": 246.838138598286,
  "late_order_fraction_mean": 0.44736896845163515,
  "n_valid_replications": 10,
  "eval_replications": 10,
  "eval_seeds": [
    312345,
    313345,
    314345,
    315345,
    316345,
    317345,
    318345,
    319345,
    320345,
    321345
  ],
  "best_evaluation": {
    "replication": 0,
    "eval_seed": 312345,
    "total_reward": 748.0
  }
}