{
  "stage": "stage1_bo_trial",
  "trial_index": 41,
  "parameters": {
    "alpha": 0.06544380988451945,
    "gamma": 0.8,
    "target_final_epsilon": 0.05744927231495195,
    "risk_t1": 175.214912,
    "risk_window": 758.004,
    "epsilon_min": 0.05744927231495195,
    "epsilon_decay": 0.9971472239798777
  },
  "training_episodes": 1000,
  "n_training_failures": 0,
  "best_training": {
    "episode": 126,
    "training_seed": 338345,
    "total_reward": 1143.0
  },
  "last_training": {
    "episode": 999,
    "training_seed": 1211345,
    "total_reward": 325.0,
    "epsilon": 0.057613631100185275,
    "q_table_size": 23
  },
  "final_epsilon": 0.05744927231495195,
  "q_table_size": 23,
  "objective": "minimize -mean(total_reward); late_order_fraction is recorded for later composite objectives",
  "objective_mean": -96.2,
  "objective_std": 252.20309276454162,
  "total_reward_mean": 96.2,
  "total_reward_std": 252.20309276454162,
  "late_order_fraction_mean": 0.46606602093642396,
  "n_valid_replications": 10,
  "eval_replications": 10,
  "eval_seeds": [
    312345,
    313345,
    314345,
    315345,
    316345,
    317345,
    318345,
    319345,
    320345,
    321345
  ],
  "best_evaluation": {
    "replication": 0,
    "eval_seed": 312345,
    "total_reward": 608.0
  }
}