{
  "stage": "stage1_bo_trial",
  "trial_index": 90,
  "parameters": {
    "alpha": 0.7,
    "gamma": 0.95,
    "target_final_epsilon": 0.02,
    "risk_t1": 208.5552325356481,
    "risk_window": 1800.0,
    "epsilon_min": 0.02,
    "epsilon_decay": 0.9960956189881034
  },
  "training_episodes": 1000,
  "n_training_failures": 0,
  "best_training": {
    "episode": 518,
    "training_seed": 730345,
    "total_reward": 1249.0
  },
  "last_training": {
    "episode": 999,
    "training_seed": 1211345,
    "total_reward": 125.0,
    "epsilon": 0.020078393699108993,
    "q_table_size": 23
  },
  "final_epsilon": 0.02000000000000081,
  "q_table_size": 23,
  "objective": "minimize -mean(total_reward); late_order_fraction is recorded for later composite objectives",
  "objective_mean": -140.2,
  "objective_std": 265.11247089154864,
  "total_reward_mean": 140.2,
  "total_reward_std": 265.11247089154864,
  "late_order_fraction_mean": 0.4583108612146556,
  "n_valid_replications": 10,
  "eval_replications": 10,
  "eval_seeds": [
    312345,
    313345,
    314345,
    315345,
    316345,
    317345,
    318345,
    319345,
    320345,
    321345
  ],
  "best_evaluation": {
    "replication": 3,
    "eval_seed": 315345,
    "total_reward": 554.0
  }
}