{
  "stage": "stage1_bo_trial",
  "trial_index": 42,
  "parameters": {
    "alpha": 0.005,
    "gamma": 0.2,
    "target_final_epsilon": 0.02761860881335632,
    "risk_t1": 175.214912,
    "risk_window": 758.004,
    "epsilon_min": 0.02761860881335632,
    "epsilon_decay": 0.9647438483429226
  },
  "training_episodes": 100,
  "n_training_failures": 0,
  "best_training": {
    "episode": 91,
    "training_seed": 303345,
    "total_reward": 1101.0
  },
  "last_training": {
    "episode": 99,
    "training_seed": 311345,
    "total_reward": -244.0,
    "epsilon": 0.028627919069704463,
    "q_table_size": 20
  },
  "final_epsilon": 0.027618608813356423,
  "q_table_size": 20,
  "objective": "minimize -mean(total_reward); late_order_fraction is recorded for later composite objectives",
  "objective_mean": -68.2,
  "objective_std": 177.54173218335646,
  "total_reward_mean": 68.2,
  "total_reward_std": 177.54173218335646,
  "late_order_fraction_mean": 0.4711380389631101,
  "n_valid_replications": 10,
  "eval_replications": 10,
  "eval_seeds": [
    312345,
    313345,
    314345,
    315345,
    316345,
    317345,
    318345,
    319345,
    320345,
    321345
  ],
  "best_evaluation": {
    "replication": 0,
    "eval_seed": 312345,
    "total_reward": 508.0
  }
}