{
  "stage": "stage1_bo_trial",
  "trial_index": 5,
  "parameters": {
    "alpha": 0.6141597911948338,
    "gamma": 0.8318422458134591,
    "target_final_epsilon": 0.19577842306345702,
    "risk_t1": 158.13082337379456,
    "risk_window": 1550.872208699584,
    "epsilon_min": 0.19577842306345702,
    "epsilon_decay": 0.9983705572319174
  },
  "training_episodes": 1000,
  "n_training_failures": 0,
  "best_training": {
    "episode": 385,
    "training_seed": 597345,
    "total_reward": 1009.0
  },
  "last_training": {
    "episode": 999,
    "training_seed": 1211345,
    "total_reward": 285.0,
    "epsilon": 0.19609795345554248,
    "q_table_size": 23
  },
  "final_epsilon": 0.19577842306345702,
  "q_table_size": 23,
  "objective": "minimize -mean(total_reward); late_order_fraction is recorded for later composite objectives",
  "objective_mean": -130.2,
  "objective_std": 265.90758628599605,
  "total_reward_mean": 130.2,
  "total_reward_std": 265.90758628599605,
  "late_order_fraction_mean": 0.4602009997211649,
  "n_valid_replications": 10,
  "eval_replications": 10,
  "eval_seeds": [
    312345,
    313345,
    314345,
    315345,
    316345,
    317345,
    318345,
    319345,
    320345,
    321345
  ],
  "best_evaluation": {
    "replication": 3,
    "eval_seed": 315345,
    "total_reward": 554.0
  }
}