{
  "stage": "stage1_bo_trial",
  "trial_index": 42,
  "parameters": {
    "alpha": 0.08,
    "gamma": 0.2,
    "target_final_epsilon": 0.053099842070368775,
    "risk_t1": 175.214912,
    "risk_window": 758.004,
    "epsilon_min": 0.053099842070368775,
    "epsilon_decay": 0.9710708831028063
  },
  "training_episodes": 100,
  "n_training_failures": 0,
  "best_training": {
    "episode": 91,
    "training_seed": 303345,
    "total_reward": 921.0
  },
  "last_training": {
    "episode": 99,
    "training_seed": 311345,
    "total_reward": -244.0,
    "epsilon": 0.0546817364152675,
    "q_table_size": 21
  },
  "final_epsilon": 0.053099842070368775,
  "q_table_size": 21,
  "objective": "minimize -mean(total_reward); late_order_fraction is recorded for later composite objectives",
  "objective_mean": -98.2,
  "objective_std": 177.40399594647744,
  "total_reward_mean": 98.2,
  "total_reward_std": 177.40399594647744,
  "late_order_fraction_mean": 0.46588407041496593,
  "n_valid_replications": 10,
  "eval_replications": 10,
  "eval_seeds": [
    312345,
    313345,
    314345,
    315345,
    316345,
    317345,
    318345,
    319345,
    320345,
    321345
  ],
  "best_evaluation": {
    "replication": 0,
    "eval_seed": 312345,
    "total_reward": 328.0
  }
}