{
  "stage": "stage1_bo_trial",
  "trial_index": 12,
  "parameters": {
    "alpha": 0.43626096364342004,
    "gamma": 0.5,
    "target_final_epsilon": 0.07244012267138134,
    "risk_t1": 175.4210634849271,
    "risk_window": 480.213655886347,
    "epsilon_min": 0.07244012267138134,
    "epsilon_decay": 0.9973784473340489
  },
  "training_episodes": 1000,
  "n_training_failures": 0,
  "best_training": {
    "episode": 718,
    "training_seed": 930345,
    "total_reward": 957.0
  },
  "last_training": {
    "episode": 999,
    "training_seed": 1211345,
    "total_reward": 445.0,
    "epsilon": 0.07263052742418248,
    "q_table_size": 24
  },
  "final_epsilon": 0.07244012267138418,
  "q_table_size": 24,
  "objective": "minimize -mean(total_reward); late_order_fraction is recorded for later composite objectives",
  "objective_mean": -186.2,
  "objective_std": 238.54596575456435,
  "total_reward_mean": 186.2,
  "total_reward_std": 238.54596575456435,
  "late_order_fraction_mean": 0.4499800673450654,
  "n_valid_replications": 10,
  "eval_replications": 10,
  "eval_seeds": [
    312345,
    313345,
    314345,
    315345,
    316345,
    317345,
    318345,
    319345,
    320345,
    321345
  ],
  "best_evaluation": {
    "replication": 0,
    "eval_seed": 312345,
    "total_reward": 548.0
  }
}