{
  "stage": "stage1_bo_trial",
  "trial_index": 56,
  "parameters": {
    "alpha": 0.2816366739365031,
    "gamma": 0.95,
    "target_final_epsilon": 0.02,
    "risk_t1": 155.04011597378354,
    "risk_window": 120.0,
    "epsilon_min": 0.02,
    "epsilon_decay": 0.9616350847573034
  },
  "training_episodes": 100,
  "n_training_failures": 0,
  "best_training": {
    "episode": 68,
    "training_seed": 280345,
    "total_reward": 669.0
  },
  "last_training": {
    "episode": 99,
    "training_seed": 311345,
    "total_reward": -204.0,
    "epsilon": 0.02079791005654462,
    "q_table_size": 22
  },
  "final_epsilon": 0.02000000000000006,
  "q_table_size": 22,
  "objective": "minimize -mean(total_reward); late_order_fraction is recorded for later composite objectives",
  "objective_mean": -92.2,
  "objective_std": 249.0144127912635,
  "total_reward_mean": 92.2,
  "total_reward_std": 249.0144127912635,
  "late_order_fraction_mean": 0.46697066750203114,
  "n_valid_replications": 10,
  "eval_replications": 10,
  "eval_seeds": [
    312345,
    313345,
    314345,
    315345,
    316345,
    317345,
    318345,
    319345,
    320345,
    321345
  ],
  "best_evaluation": {
    "replication": 0,
    "eval_seed": 312345,
    "total_reward": 408.0
  }
}