{
  "stage": "stage1_bo_trial",
  "trial_index": 28,
  "parameters": {
    "alpha": 0.019185476871526826,
    "gamma": 0.2,
    "target_final_epsilon": 0.038366382408423876,
    "risk_t1": 175.214912,
    "risk_window": 758.004,
    "epsilon_min": 0.038366382408423876,
    "epsilon_decay": 0.9679200998308073
  },
  "training_episodes": 100,
  "n_training_failures": 0,
  "best_training": {
    "episode": 91,
    "training_seed": 303345,
    "total_reward": 941.0
  },
  "last_training": {
    "episode": 99,
    "training_seed": 311345,
    "total_reward": -204.0,
    "epsilon": 0.03963796434760505,
    "q_table_size": 20
  },
  "final_epsilon": 0.038366382408423876,
  "q_table_size": 20,
  "objective": "minimize -mean(total_reward); late_order_fraction is recorded for later composite objectives",
  "objective_mean": -130.2,
  "objective_std": 241.67048272849172,
  "total_reward_mean": 130.2,
  "total_reward_std": 241.67048272849172,
  "late_order_fraction_mean": 0.46004741556423534,
  "n_valid_replications": 10,
  "eval_replications": 10,
  "eval_seeds": [
    312345,
    313345,
    314345,
    315345,
    316345,
    317345,
    318345,
    319345,
    320345,
    321345
  ],
  "best_evaluation": {
    "replication": 0,
    "eval_seed": 312345,
    "total_reward": 508.0
  }
}