{
  "stage": "stage1_bo_trial",
  "trial_index": 21,
  "parameters": {
    "alpha": 0.23071547079485416,
    "gamma": 0.5,
    "target_final_epsilon": 0.015862939115115403,
    "risk_t1": 351.65775971321045,
    "risk_window": 470.70072293908277,
    "epsilon_min": 0.015862939115115403,
    "epsilon_decay": 0.9958648038038098
  },
  "training_episodes": 1000,
  "n_training_failures": 0,
  "best_training": {
    "episode": 668,
    "training_seed": 880345,
    "total_reward": 1089.0
  },
  "last_training": {
    "episode": 999,
    "training_seed": 1211345,
    "total_reward": 325.0,
    "epsilon": 0.015928807860791767,
    "q_table_size": 23
  },
  "final_epsilon": 0.015862939115115975,
  "q_table_size": 23,
  "objective": "minimize -mean(total_reward); late_order_fraction is recorded for later composite objectives",
  "objective_mean": -144.2,
  "objective_std": 220.32945029356986,
  "total_reward_mean": 144.2,
  "total_reward_std": 220.32945029356986,
  "late_order_fraction_mean": 0.45746577387955434,
  "n_valid_replications": 10,
  "eval_replications": 10,
  "eval_seeds": [
    312345,
    313345,
    314345,
    315345,
    316345,
    317345,
    318345,
    319345,
    320345,
    321345
  ],
  "best_evaluation": {
    "replication": 0,
    "eval_seed": 312345,
    "total_reward": 608.0
  }
}