{
  "stage": "stage1_bo_trial",
  "trial_index": 73,
  "parameters": {
    "alpha": 0.029078410241781448,
    "gamma": 0.8,
    "target_final_epsilon": 0.05414454333159462,
    "risk_t1": 175.214912,
    "risk_window": 758.004,
    "epsilon_min": 0.05414454333159462,
    "epsilon_decay": 0.997088149604003
  },
  "training_episodes": 1000,
  "n_training_failures": 0,
  "best_training": {
    "episode": 598,
    "training_seed": 810345,
    "total_reward": 1155.0
  },
  "last_training": {
    "episode": 999,
    "training_seed": 1211345,
    "total_reward": 365.0,
    "epsilon": 0.05430266456691673,
    "q_table_size": 23
  },
  "final_epsilon": 0.05414454333159462,
  "q_table_size": 23,
  "objective": "minimize -mean(total_reward); late_order_fraction is recorded for later composite objectives",
  "objective_mean": -114.2,
  "objective_std": 186.4002861228133,
  "total_reward_mean": 114.2,
  "total_reward_std": 186.4002861228133,
  "late_order_fraction_mean": 0.46293965528172737,
  "n_valid_replications": 10,
  "eval_replications": 10,
  "eval_seeds": [
    312345,
    313345,
    314345,
    315345,
    316345,
    317345,
    318345,
    319345,
    320345,
    321345
  ],
  "best_evaluation": {
    "replication": 0,
    "eval_seed": 312345,
    "total_reward": 548.0
  }
}