{
  "method": "bo",
  "run_index": 12,
  "best_parameters": {
    "preparation_capacity": 2,
    "sorting_capacity": 5,
    "analysis1_capacity": 5,
    "analysis2_capacity": 4,
    "evaluation_capacity": 4,
    "dispatching_capacity": 2,
    "worker_capacity": 7
  },
  "best_objective": -0.14519739589394476,
  "aggregated_kpis": {
    "n_orders_completed_mean": 986.5666666666667,
    "n_orders_in_date_mean": 986.5666666666667,
    "n_orders_late_mean": 0.0,
    "n_orders_created_mean": 1002.3666666666667,
    "n_orders_incomplete_mean": 15.8,
    "late_order_fraction_mean": 0.0,
    "time_in_system_mean_mean": 22.596765335245376,
    "time_in_system_std_mean": 6.325289076279953,
    "wip_time_in_system_mean_mean": 12.393436887518876,
    "wip_time_in_system_std_mean": 7.309487478948871,
    "wip_time_in_system_min_mean": 1.644505667298904,
    "wip_time_in_system_max_mean": 27.535680720000794,
    "wip_mean_mean": 15.628012141316784,
    "work_in_progress_mean_mean": 15.628012141316784,
    "completed_norm_mean": 0.9842428948999431,
    "late_total_norm_mean": 0.015757105100056772,
    "on_time_loss_norm_mean": 0.015757105100056772,
    "station_capacity_norm_mean": 0.6666666666666669,
    "worker_capacity_norm_mean": 0.6666666666666669,
    "time_in_system_mean_norm_mean": 0.06276879259790383,
    "time_in_system_std_norm_mean": 0.017570247434110984,
    "objective_completed_contribution_mean": -0.9842428948999431,
    "objective_late_contribution_mean": 0.04727131530017032,
    "objective_station_capacity_contribution_mean": 0.5333333333333333,
    "objective_worker_capacity_contribution_mean": 0.23333333333333334,
    "objective_time_mean_contribution_mean": 0.02510751703916153,
    "objective_time_std_contribution_mean": 0.0
  }
}