{
  "stage": "stage1_bo_trial",
  "trial_index": 49,
  "parameters": {
    "alpha": 0.007395116863784325,
    "gamma": 0.925777498054689,
    "target_final_epsilon": 0.0027822079685103683,
    "risk_t1": 175.214912,
    "risk_window": 758.004,
    "epsilon_min": 0.0027822079685103683,
    "epsilon_decay": 0.9941327693872382
  },
  "training_episodes": 1000,
  "n_training_failures": 0,
  "best_training": {
    "episode": 934,
    "training_seed": 1146345,
    "total_reward": 1102.0
  },
  "last_training": {
    "episode": 999,
    "training_seed": 1211345,
    "total_reward": 565.0,
    "epsilon": 0.002798628165355833,
    "q_table_size": 24
  },
  "final_epsilon": 0.0027822079685103683,
  "q_table_size": 24,
  "objective": "minimize -mean(total_reward); late_order_fraction is recorded for later composite objectives",
  "objective_mean": -346.2,
  "objective_std": 239.83735229433208,
  "total_reward_mean": 346.2,
  "total_reward_std": 239.83735229433208,
  "late_order_fraction_mean": 0.4213352959098674,
  "n_valid_replications": 10,
  "eval_replications": 10,
  "eval_seeds": [
    312345,
    313345,
    314345,
    315345,
    316345,
    317345,
    318345,
    319345,
    320345,
    321345
  ],
  "best_evaluation": {
    "replication": 0,
    "eval_seed": 312345,
    "total_reward": 868.0
  }
}