{
  "stage": "stage2_candidate",
  "candidate_rank": 9,
  "source_trial_index": 24,
  "parameters": {
    "alpha": 0.0021024381357913,
    "gamma": 0.3593537741741787,
    "target_final_epsilon": 0.0746054530518612,
    "risk_t1": 175.214912,
    "risk_window": 120.0,
    "epsilon_min": 0.0746054530518612,
    "epsilon_decay": 0.9997404795135455
  },
  "q_table_path": "/cfs/earth/scratch/freyfab2/BA/BA-Simulation-Optimization/RL/rl_tuning_hpc_fixed120/stage2/candidate_rank_09_trial_024/q_table.pkl",
  "training_episodes": 10000,
  "n_training_failures": 0,
  "best_training": {
    "episode": 7830,
    "training_seed": 8042345,
    "total_reward": 1506.0
  },
  "last_training": {
    "episode": 9999,
    "training_seed": 10211345,
    "total_reward": -53.0,
    "epsilon": 0.07462481972138017,
    "q_table_size": 24
  },
  "final_epsilon": 0.0746054530518645,
  "q_table_size": 24,
  "objective": "minimize -mean(total_reward); late_order_fraction is recorded for later composite objectives",
  "objective_mean": -153.5,
  "objective_std": 323.1679130111775,
  "total_reward_mean": 153.5,
  "total_reward_std": 323.1679130111775,
  "late_order_fraction_mean": 0.456986733285104,
  "n_valid_replications": 30,
  "eval_replications": 30,
  "eval_seeds": [
    312345,
    313345,
    314345,
    315345,
    316345,
    317345,
    318345,
    319345,
    320345,
    321345,
    322345,
    323345,
    324345,
    325345,
    326345,
    327345,
    328345,
    329345,
    330345,
    331345,
    332345,
    333345,
    334345,
    335345,
    336345,
    337345,
    338345,
    339345,
    340345,
    341345
  ],
  "best_evaluation": {
    "replication": 26,
    "eval_seed": 338345,
    "total_reward": 923.0
  },
  "candidate_dir": "/cfs/earth/scratch/freyfab2/BA/BA-Simulation-Optimization/RL/rl_tuning_hpc_fixed120/stage2/candidate_rank_09_trial_024",
  "stage1_objective_mean": -332.2,
  "stage1_total_reward_mean": 332.2
}