{
  "method": "random_search",
  "run_index": 16,
  "best_parameters": {
    "preparation_capacity": 2,
    "sorting_capacity": 4,
    "analysis1_capacity": 4,
    "analysis2_capacity": 4,
    "evaluation_capacity": 4,
    "dispatching_capacity": 1,
    "worker_capacity": 7
  },
  "best_objective": -0.23560585983296967,
  "aggregated_kpis": {
    "n_orders_completed_mean": 974.8333333333334,
    "n_orders_in_date_mean": 974.8333333333334,
    "n_orders_late_mean": 0.0,
    "n_orders_created_mean": 992.5666666666667,
    "n_orders_incomplete_mean": 17.733333333333334,
    "late_order_fraction_mean": 0.0,
    "time_in_system_mean_mean": 23.680929405217775,
    "time_in_system_std_mean": 6.965834070294673,
    "wip_time_in_system_mean_mean": 13.133732039870049,
    "wip_time_in_system_std_mean": 8.745750569342086,
    "wip_time_in_system_min_mean": 1.4058699778638128,
    "wip_time_in_system_max_mean": 32.004080653955164,
    "wip_mean_mean": 16.2172143741252,
    "work_in_progress_mean_mean": 16.2172143741252,
    "completed_norm_mean": 0.9821461675708029,
    "late_total_norm_mean": 0.017853832429197084,
    "on_time_loss_norm_mean": 0.01785383242919709,
    "station_capacity_norm_mean": 0.5416666666666665,
    "worker_capacity_norm_mean": 0.6666666666666669,
    "time_in_system_mean_norm_mean": 0.06578035945893826,
    "time_in_system_std_norm_mean": 0.01934953908415187,
    "objective_completed_contribution_mean": -0.9821461675708029,
    "objective_late_contribution_mean": 0.053561497287591256,
    "objective_station_capacity_contribution_mean": 0.4333333333333334,
    "objective_worker_capacity_contribution_mean": 0.23333333333333334,
    "objective_time_mean_contribution_mean": 0.02631214378357531,
    "objective_time_std_contribution_mean": 0.0
  }
}