{
  "stage": "stage1_bo_trial",
  "trial_index": 38,
  "parameters": {
    "alpha": 0.0001,
    "gamma": 0.42390213984643466,
    "target_final_epsilon": 0.017349512529136076,
    "risk_t1": 175.214912,
    "risk_window": 758.004,
    "epsilon_min": 0.017349512529136076,
    "epsilon_decay": 0.9602689200528759
  },
  "training_episodes": 100,
  "n_training_failures": 0,
  "best_training": {
    "episode": 91,
    "training_seed": 303345,
    "total_reward": 1241.0
  },
  "last_training": {
    "episode": 99,
    "training_seed": 311345,
    "total_reward": -164.0,
    "epsilon": 0.01806734776772823,
    "q_table_size": 20
  },
  "final_epsilon": 0.017349512529136125,
  "q_table_size": 20,
  "objective": "minimize -mean(total_reward); late_order_fraction is recorded for later composite objectives",
  "objective_mean": -226.2,
  "objective_std": 254.91122637760253,
  "total_reward_mean": 226.2,
  "total_reward_std": 254.91122637760253,
  "late_order_fraction_mean": 0.4428796102967694,
  "n_valid_replications": 10,
  "eval_replications": 10,
  "eval_seeds": [
    312345,
    313345,
    314345,
    315345,
    316345,
    317345,
    318345,
    319345,
    320345,
    321345
  ],
  "best_evaluation": {
    "replication": 0,
    "eval_seed": 312345,
    "total_reward": 628.0
  }
}