{
  "stage": "stage1_bo_trial",
  "trial_index": 94,
  "parameters": {
    "alpha": 0.01580271159590294,
    "gamma": 0.8,
    "target_final_epsilon": 0.021598288467057428,
    "risk_t1": 175.214912,
    "risk_window": 758.004,
    "epsilon_min": 0.021598288467057428,
    "epsilon_decay": 0.9961722035565643
  },
  "training_episodes": 1000,
  "n_training_failures": 0,
  "best_training": {
    "episode": 668,
    "training_seed": 880345,
    "total_reward": 1189.0
  },
  "last_training": {
    "episode": 999,
    "training_seed": 1211345,
    "total_reward": 385.0,
    "epsilon": 0.021681279993505803,
    "q_table_size": 25
  },
  "final_epsilon": 0.02159828846705753,
  "q_table_size": 25,
  "objective": "minimize -mean(total_reward); late_order_fraction is recorded for later composite objectives",
  "objective_mean": -130.2,
  "objective_std": 211.04017521684244,
  "total_reward_mean": 130.2,
  "total_reward_std": 211.04017521684244,
  "late_order_fraction_mean": 0.4600980992314433,
  "n_valid_replications": 10,
  "eval_replications": 10,
  "eval_seeds": [
    312345,
    313345,
    314345,
    315345,
    316345,
    317345,
    318345,
    319345,
    320345,
    321345
  ],
  "best_evaluation": {
    "replication": 0,
    "eval_seed": 312345,
    "total_reward": 568.0
  }
}