{
  "stage": "stage1_bo_trial",
  "trial_index": 82,
  "parameters": {
    "alpha": 0.07101304405892388,
    "gamma": 0.95,
    "target_final_epsilon": 0.0022189462334600988,
    "risk_t1": 175.214912,
    "risk_window": 758.004,
    "epsilon_min": 0.0022189462334600988,
    "epsilon_decay": 0.9939079096295774
  },
  "training_episodes": 1000,
  "n_training_failures": 0,
  "best_training": {
    "episode": 934,
    "training_seed": 1146345,
    "total_reward": 1182.0
  },
  "last_training": {
    "episode": 999,
    "training_seed": 1211345,
    "total_reward": 505.0,
    "epsilon": 0.0022325471122240648,
    "q_table_size": 23
  },
  "final_epsilon": 0.00221894623346017,
  "q_table_size": 23,
  "objective": "minimize -mean(total_reward); late_order_fraction is recorded for later composite objectives",
  "objective_mean": -106.2,
  "objective_std": 287.87682551165295,
  "total_reward_mean": 106.2,
  "total_reward_std": 287.87682551165295,
  "late_order_fraction_mean": 0.46426941835384294,
  "n_valid_replications": 10,
  "eval_replications": 10,
  "eval_seeds": [
    312345,
    313345,
    314345,
    315345,
    316345,
    317345,
    318345,
    319345,
    320345,
    321345
  ],
  "best_evaluation": {
    "replication": 0,
    "eval_seed": 312345,
    "total_reward": 608.0
  }
}