{
  "stage": "stage1_bo_trial",
  "trial_index": 51,
  "parameters": {
    "alpha": 0.3530162570016527,
    "gamma": 0.5,
    "target_final_epsilon": 0.005,
    "risk_t1": 179.9939551650478,
    "risk_window": 136.77509656164827,
    "epsilon_min": 0.005,
    "epsilon_decay": 0.9947156939605025
  },
  "training_episodes": 1000,
  "n_training_failures": 0,
  "best_training": {
    "episode": 518,
    "training_seed": 730345,
    "total_reward": 1069.0
  },
  "last_training": {
    "episode": 999,
    "training_seed": 1211345,
    "total_reward": 125.0,
    "epsilon": 0.005026561891360243,
    "q_table_size": 24
  },
  "final_epsilon": 0.005,
  "q_table_size": 24,
  "objective": "minimize -mean(total_reward); late_order_fraction is recorded for later composite objectives",
  "objective_mean": 63.8,
  "objective_std": 155.72682634807802,
  "total_reward_mean": -63.8,
  "total_reward_std": 155.72682634807802,
  "late_order_fraction_mean": 0.4948451512792403,
  "n_valid_replications": 10,
  "eval_replications": 10,
  "eval_seeds": [
    312345,
    313345,
    314345,
    315345,
    316345,
    317345,
    318345,
    319345,
    320345,
    321345
  ],
  "best_evaluation": {
    "replication": 0,
    "eval_seed": 312345,
    "total_reward": 268.0
  }
}