{
  "stage": "stage1_bo_trial",
  "trial_index": 16,
  "parameters": {
    "alpha": 0.004105905257051004,
    "gamma": 0.0,
    "target_final_epsilon": 0.06797258249251881,
    "risk_t1": 175.214912,
    "risk_window": 758.004,
    "epsilon_min": 0.06797258249251881,
    "epsilon_decay": 0.997314960330825
  },
  "training_episodes": 1000,
  "n_training_failures": 0,
  "best_training": {
    "episode": 934,
    "training_seed": 1146345,
    "total_reward": 1162.0
  },
  "last_training": {
    "episode": 999,
    "training_seed": 1211345,
    "total_reward": 405.0,
    "epsilon": 0.06815558293638112,
    "q_table_size": 23
  },
  "final_epsilon": 0.0679725824925212,
  "q_table_size": 23,
  "objective": "minimize -mean(total_reward); late_order_fraction is recorded for later composite objectives",
  "objective_mean": -120.2,
  "objective_std": 281.23568605550594,
  "total_reward_mean": 120.2,
  "total_reward_std": 281.23568605550594,
  "late_order_fraction_mean": 0.4617545198722445,
  "n_valid_replications": 10,
  "eval_replications": 10,
  "eval_seeds": [
    312345,
    313345,
    314345,
    315345,
    316345,
    317345,
    318345,
    319345,
    320345,
    321345
  ],
  "best_evaluation": {
    "replication": 0,
    "eval_seed": 312345,
    "total_reward": 628.0
  }
}