{
  "stage": "stage1_bo_trial",
  "trial_index": 16,
  "parameters": {
    "alpha": 0.0001,
    "gamma": 0.8,
    "target_final_epsilon": 0.05184130378341984,
    "risk_t1": 175.214912,
    "risk_window": 758.004,
    "epsilon_min": 0.05184130378341984,
    "epsilon_decay": 0.9970448071271877
  },
  "training_episodes": 1000,
  "n_training_failures": 0,
  "best_training": {
    "episode": 385,
    "training_seed": 597345,
    "total_reward": 1049.0
  },
  "last_training": {
    "episode": 999,
    "training_seed": 1211345,
    "total_reward": 365.0,
    "epsilon": 0.05199495891543068,
    "q_table_size": 24
  },
  "final_epsilon": 0.051841303783421624,
  "q_table_size": 24,
  "objective": "minimize -mean(total_reward); late_order_fraction is recorded for later composite objectives",
  "objective_mean": -12.2,
  "objective_std": 205.31644952230312,
  "total_reward_mean": 12.2,
  "total_reward_std": 205.31644952230312,
  "late_order_fraction_mean": 0.4811191216512317,
  "n_valid_replications": 10,
  "eval_replications": 10,
  "eval_seeds": [
    312345,
    313345,
    314345,
    315345,
    316345,
    317345,
    318345,
    319345,
    320345,
    321345
  ],
  "best_evaluation": {
    "replication": 0,
    "eval_seed": 312345,
    "total_reward": 508.0
  }
}