{
  "stage": "stage1_bo_trial",
  "trial_index": 49,
  "parameters": {
    "alpha": 0.005,
    "gamma": 0.99,
    "target_final_epsilon": 0.3,
    "risk_t1": 105.07825660319716,
    "risk_window": 30.0,
    "epsilon_min": 0.3,
    "epsilon_decay": 0.9987967516801485
  },
  "training_episodes": 1000,
  "n_training_failures": 0,
  "best_training": {
    "episode": 518,
    "training_seed": 730345,
    "total_reward": 969.0
  },
  "last_training": {
    "episode": 999,
    "training_seed": 1211345,
    "total_reward": 225.0,
    "epsilon": 0.30036140936116407,
    "q_table_size": 23
  },
  "final_epsilon": 0.300000000000002,
  "q_table_size": 23,
  "objective": "minimize -mean(total_reward); late_order_fraction is recorded for later composite objectives",
  "objective_mean": -50.2,
  "objective_std": 199.54436989190037,
  "total_reward_mean": 50.2,
  "total_reward_std": 199.54436989190037,
  "late_order_fraction_mean": 0.474321935458772,
  "n_valid_replications": 10,
  "eval_replications": 10,
  "eval_seeds": [
    312345,
    313345,
    314345,
    315345,
    316345,
    317345,
    318345,
    319345,
    320345,
    321345
  ],
  "best_evaluation": {
    "replication": 0,
    "eval_seed": 312345,
    "total_reward": 388.0
  }
}