{
  "stage": "stage1_bo_trial",
  "trial_index": 30,
  "parameters": {
    "alpha": 0.06957069409790781,
    "gamma": 0.0,
    "target_final_epsilon": 0.04765948910399055,
    "risk_t1": 175.214912,
    "risk_window": 758.004,
    "epsilon_min": 0.04765948910399055,
    "epsilon_decay": 0.9969609537514709
  },
  "training_episodes": 1000,
  "n_training_failures": 0,
  "best_training": {
    "episode": 126,
    "training_seed": 338345,
    "total_reward": 1103.0
  },
  "last_training": {
    "episode": 999,
    "training_seed": 1211345,
    "total_reward": 565.0,
    "epsilon": 0.04780477001095242,
    "q_table_size": 23
  },
  "final_epsilon": 0.04765948910399055,
  "q_table_size": 23,
  "objective": "minimize -mean(total_reward); late_order_fraction is recorded for later composite objectives",
  "objective_mean": -308.2,
  "objective_std": 233.01158769468955,
  "total_reward_mean": 308.2,
  "total_reward_std": 233.01158769468955,
  "late_order_fraction_mean": 0.42803093859919467,
  "n_valid_replications": 10,
  "eval_replications": 10,
  "eval_seeds": [
    312345,
    313345,
    314345,
    315345,
    316345,
    317345,
    318345,
    319345,
    320345,
    321345
  ],
  "best_evaluation": {
    "replication": 0,
    "eval_seed": 312345,
    "total_reward": 848.0
  }
}