{
  "stage": "stage1_bo_trial",
  "trial_index": 61,
  "parameters": {
    "alpha": 0.07503526276632201,
    "gamma": 0.19346975714908426,
    "target_final_epsilon": 0.05066045691687639,
    "risk_t1": 175.214912,
    "risk_window": 758.004,
    "epsilon_min": 0.05066045691687639,
    "epsilon_decay": 0.9970218339459914
  },
  "training_episodes": 1000,
  "n_training_failures": 0,
  "best_training": {
    "episode": 934,
    "training_seed": 1146345,
    "total_reward": 1142.0
  },
  "last_training": {
    "episode": 999,
    "training_seed": 1211345,
    "total_reward": 585.0,
    "epsilon": 0.05081178284368729,
    "q_table_size": 23
  },
  "final_epsilon": 0.050660456916878566,
  "q_table_size": 23,
  "objective": "minimize -mean(total_reward); late_order_fraction is recorded for later composite objectives",
  "objective_mean": -300.2,
  "objective_std": 265.25492978977366,
  "total_reward_mean": 300.2,
  "total_reward_std": 265.25492978977366,
  "late_order_fraction_mean": 0.429553835251505,
  "n_valid_replications": 10,
  "eval_replications": 10,
  "eval_seeds": [
    312345,
    313345,
    314345,
    315345,
    316345,
    317345,
    318345,
    319345,
    320345,
    321345
  ],
  "best_evaluation": {
    "replication": 0,
    "eval_seed": 312345,
    "total_reward": 868.0
  }
}