{
  "stage": "stage1_bo_trial",
  "trial_index": 2,
  "parameters": {
    "alpha": 0.07094898766577244,
    "gamma": 0.3261225234903395,
    "target_final_epsilon": 0.04912129953587428,
    "risk_t1": 175.214912,
    "risk_window": 758.004,
    "epsilon_min": 0.04912129953587428,
    "epsilon_decay": 0.9703148957324641
  },
  "training_episodes": 100,
  "n_training_failures": 0,
  "best_training": {
    "episode": 91,
    "training_seed": 303345,
    "total_reward": 1101.0
  },
  "last_training": {
    "episode": 99,
    "training_seed": 311345,
    "total_reward": -444.0,
    "epsilon": 0.05062408064836944,
    "q_table_size": 20
  },
  "final_epsilon": 0.04912129953587445,
  "q_table_size": 20,
  "objective": "minimize -mean(total_reward); late_order_fraction is recorded for later composite objectives",
  "objective_mean": -26.2,
  "objective_std": 215.26665634355297,
  "total_reward_mean": 26.2,
  "total_reward_std": 215.26665634355297,
  "late_order_fraction_mean": 0.478821493753525,
  "n_valid_replications": 10,
  "eval_replications": 10,
  "eval_seeds": [
    312345,
    313345,
    314345,
    315345,
    316345,
    317345,
    318345,
    319345,
    320345,
    321345
  ],
  "best_evaluation": {
    "replication": 3,
    "eval_seed": 315345,
    "total_reward": 354.0
  }
}