{
  "stage": "stage1_bo_trial",
  "trial_index": 6,
  "parameters": {
    "alpha": 0.32839656550902874,
    "gamma": 0.5227766502834856,
    "target_final_epsilon": 0.11214648736640812,
    "risk_t1": 186.9982387125492,
    "risk_window": 904.479117281735,
    "epsilon_min": 0.11214648736640812,
    "epsilon_decay": 0.997814442477088
  },
  "training_episodes": 1000,
  "n_training_failures": 0,
  "best_training": {
    "episode": 518,
    "training_seed": 730345,
    "total_reward": 949.0
  },
  "last_training": {
    "episode": 999,
    "training_seed": 1211345,
    "total_reward": 205.0,
    "epsilon": 0.11239212682470753,
    "q_table_size": 24
  },
  "final_epsilon": 0.11214648736640971,
  "q_table_size": 24,
  "objective": "minimize -mean(total_reward); late_order_fraction is recorded for later composite objectives",
  "objective_mean": -286.2,
  "objective_std": 237.35992360407712,
  "total_reward_mean": 286.2,
  "total_reward_std": 237.35992360407712,
  "late_order_fraction_mean": 0.43214530140587754,
  "n_valid_replications": 10,
  "eval_replications": 10,
  "eval_seeds": [
    312345,
    313345,
    314345,
    315345,
    316345,
    317345,
    318345,
    319345,
    320345,
    321345
  ],
  "best_evaluation": {
    "replication": 0,
    "eval_seed": 312345,
    "total_reward": 788.0
  }
}