{
  "stage": "stage1_bo_trial",
  "trial_index": 6,
  "parameters": {
    "alpha": 0.2692828334867955,
    "gamma": 0.7128288987837731,
    "epsilon_decay": 0.9991117671721149,
    "epsilon_min": 0.09944457360543311,
    "risk_t1": 53.52571461349726,
    "risk_window": 230.336776021868
  },
  "training_episodes": 1000,
  "n_training_failures": 0,
  "best_training": {
    "episode": 668,
    "training_seed": 880345,
    "total_reward": 969.0
  },
  "last_training": {
    "episode": 999,
    "training_seed": 1211345,
    "total_reward": 125.0,
    "epsilon": 0.41158533172268963,
    "q_table_size": 23
  },
  "final_epsilon": 0.41121974811957757,
  "q_table_size": 23,
  "objective": "minimize -mean(total_reward); late_order_fraction is recorded for later composite objectives",
  "objective_mean": -110.2,
  "objective_std": 240.5183291698715,
  "total_reward_mean": 110.2,
  "total_reward_std": 240.5183291698715,
  "late_order_fraction_mean": 0.4635314260713403,
  "n_valid_replications": 10,
  "eval_replications": 10,
  "eval_seeds": [
    312345,
    313345,
    314345,
    315345,
    316345,
    317345,
    318345,
    319345,
    320345,
    321345
  ],
  "best_evaluation": {
    "replication": 0,
    "eval_seed": 312345,
    "total_reward": 628.0
  }
}