{
  "stage": "stage1_bo_trial",
  "trial_index": 25,
  "parameters": {
    "alpha": 0.034158555283918896,
    "gamma": 0.5,
    "target_final_epsilon": 0.2655975200278949,
    "risk_t1": 354.0692085782887,
    "risk_window": 203.8295725296184,
    "epsilon_min": 0.2655975200278949,
    "epsilon_decay": 0.9986751052503684
  },
  "training_episodes": 1000,
  "n_training_failures": 0,
  "best_training": {
    "episode": 598,
    "training_seed": 810345,
    "total_reward": 955.0
  },
  "last_training": {
    "episode": 999,
    "training_seed": 1211345,
    "total_reward": 245.0,
    "epsilon": 0.2659498756217761,
    "q_table_size": 24
  },
  "final_epsilon": 0.2655975200278996,
  "q_table_size": 24,
  "objective": "minimize -mean(total_reward); late_order_fraction is recorded for later composite objectives",
  "objective_mean": -62.2,
  "objective_std": 241.65944816805504,
  "total_reward_mean": 62.2,
  "total_reward_std": 241.65944816805504,
  "late_order_fraction_mean": 0.4723302630490703,
  "n_valid_replications": 10,
  "eval_replications": 10,
  "eval_seeds": [
    312345,
    313345,
    314345,
    315345,
    316345,
    317345,
    318345,
    319345,
    320345,
    321345
  ],
  "best_evaluation": {
    "replication": 0,
    "eval_seed": 312345,
    "total_reward": 528.0
  }
}