{
  "stage": "stage1_bo_trial",
  "trial_index": 25,
  "parameters": {
    "alpha": 0.005,
    "gamma": 0.8589419218599114,
    "target_final_epsilon": 0.057711147873413846,
    "risk_t1": 178.09240669620036,
    "risk_window": 1800.0,
    "epsilon_min": 0.057711147873413846,
    "epsilon_decay": 0.9971517590367946
  },
  "training_episodes": 1000,
  "n_training_failures": 0,
  "best_training": {
    "episode": 718,
    "training_seed": 930345,
    "total_reward": 1157.0
  },
  "last_training": {
    "episode": 999,
    "training_seed": 1211345,
    "total_reward": 465.0,
    "epsilon": 0.0578759926464557,
    "q_table_size": 23
  },
  "final_epsilon": 0.057711147873413894,
  "q_table_size": 23,
  "objective": "minimize -mean(total_reward); late_order_fraction is recorded for later composite objectives",
  "objective_mean": -118.2,
  "objective_std": 215.59468144336648,
  "total_reward_mean": 118.2,
  "total_reward_std": 215.59468144336648,
  "late_order_fraction_mean": 0.46226405253649466,
  "n_valid_replications": 10,
  "eval_replications": 10,
  "eval_seeds": [
    312345,
    313345,
    314345,
    315345,
    316345,
    317345,
    318345,
    319345,
    320345,
    321345
  ],
  "best_evaluation": {
    "replication": 0,
    "eval_seed": 312345,
    "total_reward": 548.0
  }
}