{
  "stage": "stage1_bo_trial",
  "trial_index": 4,
  "parameters": {
    "alpha": 0.054639580994844436,
    "gamma": 0.7842413069121539,
    "epsilon_decay": 0.9993697748241015,
    "epsilon_min": 0.05590791534632445,
    "risk_t1": 1.0810282453894615,
    "risk_window": 82.90226778946817
  },
  "training_episodes": 1000,
  "n_training_failures": 0,
  "best_training": {
    "episode": 668,
    "training_seed": 880345,
    "total_reward": 929.0
  },
  "last_training": {
    "episode": 999,
    "training_seed": 1211345,
    "total_reward": 185.0,
    "epsilon": 0.53270183123819,
    "q_table_size": 23
  },
  "final_epsilon": 0.5323661091328965,
  "q_table_size": 23,
  "objective": "minimize -mean(total_reward); late_order_fraction is recorded for later composite objectives",
  "objective_mean": -66.2,
  "objective_std": 234.57232952285267,
  "total_reward_mean": 66.2,
  "total_reward_std": 234.57232952285267,
  "late_order_fraction_mean": 0.47138122386655673,
  "n_valid_replications": 10,
  "eval_replications": 10,
  "eval_seeds": [
    312345,
    313345,
    314345,
    315345,
    316345,
    317345,
    318345,
    319345,
    320345,
    321345
  ],
  "best_evaluation": {
    "replication": 0,
    "eval_seed": 312345,
    "total_reward": 528.0
  }
}