{
  "stage": "stage1_bo_trial",
  "trial_index": 4,
  "parameters": {
    "alpha": 0.037635530657134944,
    "gamma": 0.42084177331998945,
    "target_final_epsilon": 0.046680364832282065,
    "risk_t1": 353.15774500370026,
    "risk_window": 573.2359649240971,
    "epsilon_min": 0.046680364832282065,
    "epsilon_decay": 0.9969402589221523
  },
  "training_episodes": 1000,
  "n_training_failures": 0,
  "best_training": {
    "episode": 718,
    "training_seed": 930345,
    "total_reward": 1157.0
  },
  "last_training": {
    "episode": 999,
    "training_seed": 1211345,
    "total_reward": 485.0,
    "epsilon": 0.04682363302566282,
    "q_table_size": 23
  },
  "final_epsilon": 0.046680364832282065,
  "q_table_size": 23,
  "objective": "minimize -mean(total_reward); late_order_fraction is recorded for later composite objectives",
  "objective_mean": -126.2,
  "objective_std": 283.5915685943039,
  "total_reward_mean": 126.2,
  "total_reward_std": 283.5915685943039,
  "late_order_fraction_mean": 0.4607151069929216,
  "n_valid_replications": 10,
  "eval_replications": 10,
  "eval_seeds": [
    312345,
    313345,
    314345,
    315345,
    316345,
    317345,
    318345,
    319345,
    320345,
    321345
  ],
  "best_evaluation": {
    "replication": 0,
    "eval_seed": 312345,
    "total_reward": 628.0
  }
}