{
  "stage": "stage1_bo_trial",
  "trial_index": 4,
  "parameters": {
    "alpha": 0.028244011043570938,
    "gamma": 0.6442832919023931,
    "target_final_epsilon": 0.04435353812761604,
    "risk_t1": 352.3024631291628,
    "risk_window": 410.39447056129575,
    "epsilon_min": 0.04435353812761604,
    "epsilon_decay": 0.9968892855333592
  },
  "training_episodes": 1000,
  "n_training_failures": 0,
  "best_training": {
    "episode": 718,
    "training_seed": 930345,
    "total_reward": 1177.0
  },
  "last_training": {
    "episode": 999,
    "training_seed": 1211345,
    "total_reward": 445.0,
    "epsilon": 0.044491939848554145,
    "q_table_size": 24
  },
  "final_epsilon": 0.04435353812761834,
  "q_table_size": 24,
  "objective": "minimize -mean(total_reward); late_order_fraction is recorded for later composite objectives",
  "objective_mean": -116.2,
  "objective_std": 228.08809214375435,
  "total_reward_mean": 116.2,
  "total_reward_std": 228.08809214375435,
  "late_order_fraction_mean": 0.46246428614099766,
  "n_valid_replications": 10,
  "eval_replications": 10,
  "eval_seeds": [
    312345,
    313345,
    314345,
    315345,
    316345,
    317345,
    318345,
    319345,
    320345,
    321345
  ],
  "best_evaluation": {
    "replication": 0,
    "eval_seed": 312345,
    "total_reward": 608.0
  }
}