{
  "method": "random_search",
  "run_index": 9,
  "best_parameters": {
    "preparation_capacity": 5,
    "sorting_capacity": 5,
    "analysis1_capacity": 3,
    "analysis2_capacity": 5,
    "evaluation_capacity": 5,
    "dispatching_capacity": 1,
    "worker_capacity": 6
  },
  "best_objective": 0.003693644548710151,
  "aggregated_kpis": {
    "n_orders_completed_mean": 952.3,
    "n_orders_in_date_mean": 952.3,
    "n_orders_late_mean": 0.0,
    "n_orders_created_mean": 996.3,
    "n_orders_incomplete_mean": 44.0,
    "late_order_fraction_mean": 0.0,
    "time_in_system_mean_mean": 31.18198524294379,
    "time_in_system_std_mean": 11.788213632975614,
    "wip_time_in_system_mean_mean": 31.2344230274913,
    "wip_time_in_system_std_mean": 18.830513704064344,
    "wip_time_in_system_min_mean": 1.0943572252120626,
    "wip_time_in_system_max_mean": 67.9528541690414,
    "wip_mean_mean": 27.11083640380668,
    "work_in_progress_mean_mean": 27.11083640380668,
    "completed_norm_mean": 0.9563493625414181,
    "late_total_norm_mean": 0.04365063745858202,
    "on_time_loss_norm_mean": 0.04365063745858202,
    "station_capacity_norm_mean": 0.75,
    "worker_capacity_norm_mean": 0.5555555555555556,
    "time_in_system_mean_norm_mean": 0.08661662567484384,
    "time_in_system_std_norm_mean": 0.03274503786937671,
    "objective_completed_contribution_mean": -0.9563493625414181,
    "objective_late_contribution_mean": 0.13095191237574605,
    "objective_station_capacity_contribution_mean": 0.6000000000000002,
    "objective_worker_capacity_contribution_mean": 0.1944444444444445,
    "objective_time_mean_contribution_mean": 0.034646650269937546,
    "objective_time_std_contribution_mean": 0.0
  }
}