{
  "stage": "stage1_bo_trial",
  "trial_index": 77,
  "parameters": {
    "alpha": 0.018270251575620865,
    "gamma": 0.8116337051273421,
    "target_final_epsilon": 0.0005,
    "risk_t1": 175.214912,
    "risk_window": 120.0,
    "epsilon_min": 0.0005,
    "epsilon_decay": 0.9924279113496888
  },
  "training_episodes": 1000,
  "n_training_failures": 0,
  "best_training": {
    "episode": 934,
    "training_seed": 1146345,
    "total_reward": 1102.0
  },
  "last_training": {
    "episode": 999,
    "training_seed": 1211345,
    "total_reward": 545.0,
    "epsilon": 0.0005038149313233107,
    "q_table_size": 24
  },
  "final_epsilon": 0.0005,
  "q_table_size": 24,
  "objective": "minimize -mean(total_reward); late_order_fraction is recorded for later composite objectives",
  "objective_mean": -320.2,
  "objective_std": 242.12980907861063,
  "total_reward_mean": 320.2,
  "total_reward_std": 242.12980907861063,
  "late_order_fraction_mean": 0.4259652077774213,
  "n_valid_replications": 10,
  "eval_replications": 10,
  "eval_seeds": [
    312345,
    313345,
    314345,
    315345,
    316345,
    317345,
    318345,
    319345,
    320345,
    321345
  ],
  "best_evaluation": {
    "replication": 0,
    "eval_seed": 312345,
    "total_reward": 848.0
  }
}