{
  "stage": "stage1_bo_trial",
  "trial_index": 64,
  "parameters": {
    "alpha": 0.02497393727285244,
    "gamma": 0.9222532699288116,
    "target_final_epsilon": 0.035347326429028825,
    "risk_t1": 175.214912,
    "risk_window": 758.004,
    "epsilon_min": 0.035347326429028825,
    "epsilon_decay": 0.9966630475220095
  },
  "training_episodes": 1000,
  "n_training_failures": 0,
  "best_training": {
    "episode": 934,
    "training_seed": 1146345,
    "total_reward": 1182.0
  },
  "last_training": {
    "episode": 999,
    "training_seed": 1211345,
    "total_reward": 505.0,
    "epsilon": 0.03546567369675469,
    "q_table_size": 23
  },
  "final_epsilon": 0.035347326429028825,
  "q_table_size": 23,
  "objective": "minimize -mean(total_reward); late_order_fraction is recorded for later composite objectives",
  "objective_mean": -88.2,
  "objective_std": 289.0001153402307,
  "total_reward_mean": 88.2,
  "total_reward_std": 289.0001153402307,
  "late_order_fraction_mean": 0.46733272984529906,
  "n_valid_replications": 10,
  "eval_replications": 10,
  "eval_seeds": [
    312345,
    313345,
    314345,
    315345,
    316345,
    317345,
    318345,
    319345,
    320345,
    321345
  ],
  "best_evaluation": {
    "replication": 0,
    "eval_seed": 312345,
    "total_reward": 628.0
  }
}