{
  "stage": "stage2_candidate",
  "candidate_rank": 3,
  "source_trial_index": 12,
  "parameters": {
    "alpha": 0.43626096364342,
    "gamma": 0.5,
    "target_final_epsilon": 0.0724401226713813,
    "risk_t1": 175.4210634849271,
    "risk_window": 480.213655886347,
    "epsilon_min": 0.0724401226713813,
    "epsilon_decay": 0.9997375349547233
  },
  "q_table_path": "/cfs/earth/scratch/freyfab2/BA/BA-Simulation-Optimization/RL/rl_tuning_hpc/stage2/candidate_rank_03_trial_012/q_table.pkl",
  "training_episodes": 10000,
  "n_training_failures": 0,
  "best_training": {
    "episode": 3149,
    "training_seed": 3361345,
    "total_reward": 1336.0
  },
  "last_training": {
    "episode": 9999,
    "training_seed": 10211345,
    "total_reward": -153.0,
    "epsilon": 0.07245914066301458,
    "q_table_size": 26
  },
  "final_epsilon": 0.0724401226713813,
  "q_table_size": 26,
  "objective": "minimize -mean(total_reward); late_order_fraction is recorded for later composite objectives",
  "objective_mean": -84.83333333333333,
  "objective_std": 338.9422780003875,
  "total_reward_mean": 84.83333333333333,
  "total_reward_std": 338.9422780003875,
  "late_order_fraction_mean": 0.46914468808635035,
  "n_valid_replications": 30,
  "eval_replications": 30,
  "eval_seeds": [
    312345,
    313345,
    314345,
    315345,
    316345,
    317345,
    318345,
    319345,
    320345,
    321345,
    322345,
    323345,
    324345,
    325345,
    326345,
    327345,
    328345,
    329345,
    330345,
    331345,
    332345,
    333345,
    334345,
    335345,
    336345,
    337345,
    338345,
    339345,
    340345,
    341345
  ],
  "best_evaluation": {
    "replication": 26,
    "eval_seed": 338345,
    "total_reward": 943.0
  },
  "candidate_dir": "/cfs/earth/scratch/freyfab2/BA/BA-Simulation-Optimization/RL/rl_tuning_hpc/stage2/candidate_rank_03_trial_012",
  "stage1_objective_mean": -186.2,
  "stage1_total_reward_mean": 186.2
}