{
  "stage": "stage2_candidate",
  "candidate_rank": 4,
  "source_trial_index": 20,
  "parameters": {
    "alpha": 0.005,
    "gamma": 0.6454291781596895,
    "target_final_epsilon": 0.1055114377308813,
    "risk_t1": 204.28251357393725,
    "risk_window": 1800.0,
    "epsilon_min": 0.1055114377308813,
    "epsilon_decay": 0.999775131694925
  },
  "q_table_path": "/cfs/earth/scratch/freyfab2/BA/BA-Simulation-Optimization/RL/rl_tuning_hpc/stage2/candidate_rank_04_trial_020/q_table.pkl",
  "training_episodes": 10000,
  "n_training_failures": 0,
  "best_training": {
    "episode": 9396,
    "training_seed": 9608345,
    "total_reward": 1236.0
  },
  "last_training": {
    "episode": 9999,
    "training_seed": 10211345,
    "total_reward": -53.0,
    "epsilon": 0.10553516924557232,
    "q_table_size": 25
  },
  "final_epsilon": 0.10551143773093827,
  "q_table_size": 25,
  "objective": "minimize -mean(total_reward); late_order_fraction is recorded for later composite objectives",
  "objective_mean": -127.5,
  "objective_std": 312.04042067964696,
  "total_reward_mean": 127.5,
  "total_reward_std": 312.04042067964696,
  "late_order_fraction_mean": 0.4616578224172652,
  "n_valid_replications": 30,
  "eval_replications": 30,
  "eval_seeds": [
    312345,
    313345,
    314345,
    315345,
    316345,
    317345,
    318345,
    319345,
    320345,
    321345,
    322345,
    323345,
    324345,
    325345,
    326345,
    327345,
    328345,
    329345,
    330345,
    331345,
    332345,
    333345,
    334345,
    335345,
    336345,
    337345,
    338345,
    339345,
    340345,
    341345
  ],
  "best_evaluation": {
    "replication": 26,
    "eval_seed": 338345,
    "total_reward": 763.0
  },
  "candidate_dir": "/cfs/earth/scratch/freyfab2/BA/BA-Simulation-Optimization/RL/rl_tuning_hpc/stage2/candidate_rank_04_trial_020",
  "stage1_objective_mean": -288.2,
  "stage1_total_reward_mean": 288.2
}