{
  "stage": "stage1_bo_trial",
  "trial_index": 81,
  "parameters": {
    "alpha": 0.027919807505705798,
    "gamma": 0.8,
    "target_final_epsilon": 0.0051345294065218445,
    "risk_t1": 175.214912,
    "risk_window": 758.004,
    "epsilon_min": 0.0051345294065218445,
    "epsilon_decay": 0.9947421042937313
  },
  "training_episodes": 1000,
  "n_training_failures": 0,
  "best_training": {
    "episode": 934,
    "training_seed": 1146345,
    "total_reward": 1102.0
  },
  "last_training": {
    "episode": 999,
    "training_seed": 1211345,
    "total_reward": 565.0,
    "epsilon": 0.0051616689233914765,
    "q_table_size": 24
  },
  "final_epsilon": 0.005134529406521996,
  "q_table_size": 24,
  "objective": "minimize -mean(total_reward); late_order_fraction is recorded for later composite objectives",
  "objective_mean": -336.2,
  "objective_std": 247.4621407632107,
  "total_reward_mean": 336.2,
  "total_reward_std": 247.4621407632107,
  "late_order_fraction_mean": 0.4231468901127659,
  "n_valid_replications": 10,
  "eval_replications": 10,
  "eval_seeds": [
    312345,
    313345,
    314345,
    315345,
    316345,
    317345,
    318345,
    319345,
    320345,
    321345
  ],
  "best_evaluation": {
    "replication": 0,
    "eval_seed": 312345,
    "total_reward": 868.0
  }
}