{
  "stage": "stage1_bo_trial",
  "trial_index": 43,
  "parameters": {
    "alpha": 0.029893992952012585,
    "gamma": 0.8,
    "target_final_epsilon": 0.05739148893475112,
    "risk_t1": 175.214912,
    "risk_window": 758.004,
    "epsilon_min": 0.05739148893475112,
    "epsilon_decay": 0.9971462205293188
  },
  "training_episodes": 1000,
  "n_training_failures": 0,
  "best_training": {
    "episode": 934,
    "training_seed": 1146345,
    "total_reward": 1142.0
  },
  "last_training": {
    "episode": 999,
    "training_seed": 1211345,
    "total_reward": 325.0,
    "epsilon": 0.05755574032491096,
    "q_table_size": 24
  },
  "final_epsilon": 0.05739148893475187,
  "q_table_size": 24,
  "objective": "minimize -mean(total_reward); late_order_fraction is recorded for later composite objectives",
  "objective_mean": -160.2,
  "objective_std": 182.5503279159537,
  "total_reward_mean": 160.2,
  "total_reward_std": 182.5503279159537,
  "late_order_fraction_mean": 0.45471063071696094,
  "n_valid_replications": 10,
  "eval_replications": 10,
  "eval_seeds": [
    312345,
    313345,
    314345,
    315345,
    316345,
    317345,
    318345,
    319345,
    320345,
    321345
  ],
  "best_evaluation": {
    "replication": 0,
    "eval_seed": 312345,
    "total_reward": 548.0
  }
}