{
  "stage": "stage1_bo_trial",
  "trial_index": 53,
  "parameters": {
    "alpha": 0.019563668652763346,
    "gamma": 0.8794226887929489,
    "target_final_epsilon": 0.012933050209414723,
    "risk_t1": 175.214912,
    "risk_window": 120.0,
    "epsilon_min": 0.012933050209414723,
    "epsilon_decay": 0.995661469521121
  },
  "training_episodes": 1000,
  "n_training_failures": 0,
  "best_training": {
    "episode": 934,
    "training_seed": 1146345,
    "total_reward": 1162.0
  },
  "last_training": {
    "episode": 999,
    "training_seed": 1211345,
    "total_reward": 245.0,
    "epsilon": 0.01298940513951534,
    "q_table_size": 24
  },
  "final_epsilon": 0.012933050209415044,
  "q_table_size": 24,
  "objective": "minimize -mean(total_reward); late_order_fraction is recorded for later composite objectives",
  "objective_mean": -56.2,
  "objective_std": 165.2263094465689,
  "total_reward_mean": 56.2,
  "total_reward_std": 165.2263094465689,
  "late_order_fraction_mean": 0.4733037378632817,
  "n_valid_replications": 10,
  "eval_replications": 10,
  "eval_seeds": [
    312345,
    313345,
    314345,
    315345,
    316345,
    317345,
    318345,
    319345,
    320345,
    321345
  ],
  "best_evaluation": {
    "replication": 0,
    "eval_seed": 312345,
    "total_reward": 448.0
  }
}