{
  "stage": "stage1_bo_trial",
  "trial_index": 29,
  "parameters": {
    "alpha": 0.06988185888541545,
    "gamma": 0.0725105662013708,
    "target_final_epsilon": 0.00997316594844851,
    "risk_t1": 175.214912,
    "risk_window": 758.004,
    "epsilon_min": 0.00997316594844851,
    "epsilon_decay": 0.9954027426888783
  },
  "training_episodes": 1000,
  "n_training_failures": 0,
  "best_training": {
    "episode": 385,
    "training_seed": 597345,
    "total_reward": 1269.0
  },
  "last_training": {
    "episode": 999,
    "training_seed": 1211345,
    "total_reward": 605.0,
    "epsilon": 0.010019226912624241,
    "q_table_size": 23
  },
  "final_epsilon": 0.00997316594844851,
  "q_table_size": 23,
  "objective": "minimize -mean(total_reward); late_order_fraction is recorded for later composite objectives",
  "objective_mean": -306.2,
  "objective_std": 226.21955903256662,
  "total_reward_mean": 306.2,
  "total_reward_std": 226.21955903256662,
  "late_order_fraction_mean": 0.4284817917519111,
  "n_valid_replications": 10,
  "eval_replications": 10,
  "eval_seeds": [
    312345,
    313345,
    314345,
    315345,
    316345,
    317345,
    318345,
    319345,
    320345,
    321345
  ],
  "best_evaluation": {
    "replication": 0,
    "eval_seed": 312345,
    "total_reward": 768.0
  }
}