{
  "stage": "stage1_bo_trial",
  "trial_index": 82,
  "parameters": {
    "alpha": 0.0049646782878715705,
    "gamma": 0.3156014812568415,
    "target_final_epsilon": 0.006285815983050075,
    "risk_t1": 175.214912,
    "risk_window": 120.0,
    "epsilon_min": 0.006285815983050075,
    "epsilon_decay": 0.9949433684090616
  },
  "training_episodes": 1000,
  "n_training_failures": 0,
  "best_training": {
    "episode": 518,
    "training_seed": 730345,
    "total_reward": 1169.0
  },
  "last_training": {
    "episode": 999,
    "training_seed": 1211345,
    "total_reward": 485.0,
    "epsilon": 0.0063177625809009855,
    "q_table_size": 25
  },
  "final_epsilon": 0.006285815983050353,
  "q_table_size": 25,
  "objective": "minimize -mean(total_reward); late_order_fraction is recorded for later composite objectives",
  "objective_mean": -76.2,
  "objective_std": 273.9054175765382,
  "total_reward_mean": 76.2,
  "total_reward_std": 273.9054175765382,
  "late_order_fraction_mean": 0.4695364985451681,
  "n_valid_replications": 10,
  "eval_replications": 10,
  "eval_seeds": [
    312345,
    313345,
    314345,
    315345,
    316345,
    317345,
    318345,
    319345,
    320345,
    321345
  ],
  "best_evaluation": {
    "replication": 0,
    "eval_seed": 312345,
    "total_reward": 608.0
  }
}