{
  "method": "random_search",
  "run_index": 18,
  "best_parameters": {
    "preparation_capacity": 2,
    "sorting_capacity": 5,
    "analysis1_capacity": 5,
    "analysis2_capacity": 4,
    "evaluation_capacity": 3,
    "dispatching_capacity": 1,
    "worker_capacity": 10
  },
  "best_objective": 0.08251416883380279,
  "aggregated_kpis": {
    "n_orders_completed_mean": 934.2,
    "n_orders_in_date_mean": 934.2,
    "n_orders_late_mean": 0.0,
    "n_orders_created_mean": 994.2666666666667,
    "n_orders_incomplete_mean": 60.06666666666667,
    "late_order_fraction_mean": 0.0,
    "time_in_system_mean_mean": 22.892666359575838,
    "time_in_system_std_mean": 6.463262597320835,
    "wip_time_in_system_mean_mean": 44.32026749144795,
    "wip_time_in_system_std_mean": 25.798567028029957,
    "wip_time_in_system_min_mean": 1.6459512342281337,
    "wip_time_in_system_max_mean": 92.94300598841116,
    "wip_mean_mean": 27.846940843290344,
    "work_in_progress_mean_mean": 27.846940843290344,
    "completed_norm_mean": 0.939897198446987,
    "late_total_norm_mean": 0.06010280155301296,
    "on_time_loss_norm_mean": 0.06010280155301295,
    "station_capacity_norm_mean": 0.5833333333333334,
    "worker_capacity_norm_mean": 1.0,
    "time_in_system_mean_norm_mean": 0.06359073988771066,
    "time_in_system_std_norm_mean": 0.017953507214780097,
    "objective_completed_contribution_mean": -0.939897198446987,
    "objective_late_contribution_mean": 0.1803084046590388,
    "objective_station_capacity_contribution_mean": 0.46666666666666673,
    "objective_worker_capacity_contribution_mean": 0.34999999999999987,
    "objective_time_mean_contribution_mean": 0.025436295955084273,
    "objective_time_std_contribution_mean": 0.0
  }
}