{
  "stage": "stage1_bo_trial",
  "trial_index": 2,
  "parameters": {
    "alpha": 0.07094898766577244,
    "gamma": 0.2,
    "target_final_epsilon": 0.04927588627161458,
    "risk_t1": 175.214912,
    "risk_window": 758.004,
    "epsilon_min": 0.04927588627161458,
    "epsilon_decay": 0.9969942060315206
  },
  "training_episodes": 1000,
  "n_training_failures": 0,
  "best_training": {
    "episode": 518,
    "training_seed": 730345,
    "total_reward": 1049.0
  },
  "last_training": {
    "episode": 999,
    "training_seed": 1211345,
    "total_reward": 345.0,
    "epsilon": 0.04942444597321364,
    "q_table_size": 24
  },
  "final_epsilon": 0.04927588627161458,
  "q_table_size": 24,
  "objective": "minimize -mean(total_reward); late_order_fraction is recorded for later composite objectives",
  "objective_mean": -172.2,
  "objective_std": 235.96459244744514,
  "total_reward_mean": 172.2,
  "total_reward_std": 235.96459244744514,
  "late_order_fraction_mean": 0.4525109921108088,
  "n_valid_replications": 10,
  "eval_replications": 10,
  "eval_seeds": [
    312345,
    313345,
    314345,
    315345,
    316345,
    317345,
    318345,
    319345,
    320345,
    321345
  ],
  "best_evaluation": {
    "replication": 0,
    "eval_seed": 312345,
    "total_reward": 588.0
  }
}