{
  "method": "bo",
  "run_index": 4,
  "best_parameters": {
    "preparation_capacity": 5,
    "sorting_capacity": 5,
    "analysis1_capacity": 4,
    "analysis2_capacity": 4,
    "evaluation_capacity": 4,
    "dispatching_capacity": 2,
    "worker_capacity": 7
  },
  "best_objective": -0.048873067614655576,
  "aggregated_kpis": {
    "n_orders_completed_mean": 985.1333333333333,
    "n_orders_in_date_mean": 985.1333333333333,
    "n_orders_late_mean": 0.0,
    "n_orders_created_mean": 1008.5666666666667,
    "n_orders_incomplete_mean": 23.433333333333334,
    "late_order_fraction_mean": 0.0,
    "time_in_system_mean_mean": 23.132539855917546,
    "time_in_system_std_mean": 6.810258552295821,
    "wip_time_in_system_mean_mean": 18.39926455731372,
    "wip_time_in_system_std_mean": 11.75085666955003,
    "wip_time_in_system_min_mean": 1.885107082435017,
    "wip_time_in_system_max_mean": 41.06784131055935,
    "wip_mean_mean": 17.2337406971228,
    "work_in_progress_mean_mean": 17.2337406971228,
    "completed_norm_mean": 0.9769773057525298,
    "late_total_norm_mean": 0.023022694247470103,
    "on_time_loss_norm_mean": 0.023022694247470107,
    "station_capacity_norm_mean": 0.75,
    "worker_capacity_norm_mean": 0.6666666666666669,
    "time_in_system_mean_norm_mean": 0.0642570551553265,
    "time_in_system_std_norm_mean": 0.01891738486748839,
    "objective_completed_contribution_mean": -0.9769773057525298,
    "objective_late_contribution_mean": 0.06906808274241032,
    "objective_station_capacity_contribution_mean": 0.6000000000000002,
    "objective_worker_capacity_contribution_mean": 0.23333333333333334,
    "objective_time_mean_contribution_mean": 0.0257028220621306,
    "objective_time_std_contribution_mean": 0.0
  }
}