{
  "stage": "stage1_bo_trial",
  "trial_index": 51,
  "parameters": {
    "alpha": 0.006719703270019661,
    "gamma": 0.4099235074197617,
    "target_final_epsilon": 0.07676017359490327,
    "risk_t1": 175.214912,
    "risk_window": 120.0,
    "epsilon_min": 0.07676017359490327,
    "epsilon_decay": 0.9974362227585744
  },
  "training_episodes": 1000,
  "n_training_failures": 0,
  "best_training": {
    "episode": 718,
    "training_seed": 930345,
    "total_reward": 1157.0
  },
  "last_training": {
    "episode": 999,
    "training_seed": 1211345,
    "total_reward": 585.0,
    "epsilon": 0.07695747541894032,
    "q_table_size": 23
  },
  "final_epsilon": 0.07676017359490367,
  "q_table_size": 23,
  "objective": "minimize -mean(total_reward); late_order_fraction is recorded for later composite objectives",
  "objective_mean": -322.2,
  "objective_std": 253.1300939130795,
  "total_reward_mean": 322.2,
  "total_reward_std": 253.1300939130795,
  "late_order_fraction_mean": 0.425622518554264,
  "n_valid_replications": 10,
  "eval_replications": 10,
  "eval_seeds": [
    312345,
    313345,
    314345,
    315345,
    316345,
    317345,
    318345,
    319345,
    320345,
    321345
  ],
  "best_evaluation": {
    "replication": 0,
    "eval_seed": 312345,
    "total_reward": 868.0
  }
}