{
  "stage": "stage2_candidate",
  "candidate_rank": 10,
  "source_trial_index": 74,
  "parameters": {
    "alpha": 0.0690101301749875,
    "gamma": 0.8,
    "target_final_epsilon": 0.016645657213751,
    "risk_t1": 175.214912,
    "risk_window": 758.004,
    "epsilon_min": 0.016645657213751,
    "epsilon_decay": 0.9995905232660327
  },
  "q_table_path": "/cfs/earth/scratch/freyfab2/BA/BA-Simulation-Optimization/RL/rl_tuning_hpc/stage2/candidate_rank_10_trial_074/q_table.pkl",
  "training_episodes": 10000,
  "n_training_failures": 0,
  "best_training": {
    "episode": 9396,
    "training_seed": 9608345,
    "total_reward": 1376.0
  },
  "last_training": {
    "episode": 9999,
    "training_seed": 10211345,
    "total_reward": -33.0,
    "epsilon": 0.016652476015249298,
    "q_table_size": 26
  },
  "final_epsilon": 0.016645657213758106,
  "q_table_size": 26,
  "objective": "minimize -mean(total_reward); late_order_fraction is recorded for later composite objectives",
  "objective_mean": -192.16666666666666,
  "objective_std": 353.61357082451514,
  "total_reward_mean": 192.16666666666666,
  "total_reward_std": 353.61357082451514,
  "late_order_fraction_mean": 0.45006041142397846,
  "n_valid_replications": 30,
  "eval_replications": 30,
  "eval_seeds": [
    312345,
    313345,
    314345,
    315345,
    316345,
    317345,
    318345,
    319345,
    320345,
    321345,
    322345,
    323345,
    324345,
    325345,
    326345,
    327345,
    328345,
    329345,
    330345,
    331345,
    332345,
    333345,
    334345,
    335345,
    336345,
    337345,
    338345,
    339345,
    340345,
    341345
  ],
  "best_evaluation": {
    "replication": 26,
    "eval_seed": 338345,
    "total_reward": 1203.0
  },
  "candidate_dir": "/cfs/earth/scratch/freyfab2/BA/BA-Simulation-Optimization/RL/rl_tuning_hpc/stage2/candidate_rank_10_trial_074",
  "stage1_objective_mean": -318.2,
  "stage1_total_reward_mean": 318.2
}