{
  "stage": "stage1_bo_trial",
  "trial_index": 49,
  "parameters": {
    "alpha": 0.06935252146718375,
    "gamma": 0.03316804224536703,
    "target_final_epsilon": 0.04809905625459649,
    "risk_t1": 175.214912,
    "risk_window": 758.004,
    "epsilon_min": 0.04809905625459649,
    "epsilon_decay": 0.9969701066970142
  },
  "training_episodes": 1000,
  "n_training_failures": 0,
  "best_training": {
    "episode": 518,
    "training_seed": 730345,
    "total_reward": 1129.0
  },
  "last_training": {
    "episode": 999,
    "training_seed": 1211345,
    "total_reward": 465.0,
    "epsilon": 0.04824523416650086,
    "q_table_size": 24
  },
  "final_epsilon": 0.0480990562545988,
  "q_table_size": 24,
  "objective": "minimize -mean(total_reward); late_order_fraction is recorded for later composite objectives",
  "objective_mean": -258.2,
  "objective_std": 255.3014775602453,
  "total_reward_mean": 258.2,
  "total_reward_std": 255.3014775602453,
  "late_order_fraction_mean": 0.4372617189546223,
  "n_valid_replications": 10,
  "eval_replications": 10,
  "eval_seeds": [
    312345,
    313345,
    314345,
    315345,
    316345,
    317345,
    318345,
    319345,
    320345,
    321345
  ],
  "best_evaluation": {
    "replication": 0,
    "eval_seed": 312345,
    "total_reward": 588.0
  }
}