{
  "stage": "stage1_bo_trial",
  "trial_index": 7,
  "parameters": {
    "alpha": 0.07193868722752754,
    "gamma": 0.2,
    "target_final_epsilon": 0.027154766868905313,
    "risk_t1": 175.214912,
    "risk_window": 758.004,
    "epsilon_min": 0.027154766868905313,
    "epsilon_decay": 0.9645804618582786
  },
  "training_episodes": 100,
  "n_training_failures": 0,
  "best_training": {
    "episode": 91,
    "training_seed": 303345,
    "total_reward": 1221.0
  },
  "last_training": {
    "episode": 99,
    "training_seed": 311345,
    "total_reward": -264.0,
    "epsilon": 0.028151893950444654,
    "q_table_size": 20
  },
  "final_epsilon": 0.027154766868905313,
  "q_table_size": 20,
  "objective": "minimize -mean(total_reward); late_order_fraction is recorded for later composite objectives",
  "objective_mean": -40.2,
  "objective_std": 241.69806692556637,
  "total_reward_mean": 40.2,
  "total_reward_std": 241.69806692556637,
  "late_order_fraction_mean": 0.4761301050139089,
  "n_valid_replications": 10,
  "eval_replications": 10,
  "eval_seeds": [
    312345,
    313345,
    314345,
    315345,
    316345,
    317345,
    318345,
    319345,
    320345,
    321345
  ],
  "best_evaluation": {
    "replication": 5,
    "eval_seed": 317345,
    "total_reward": 340.0
  }
}