{
  "method": "random_search",
  "run_index": 1,
  "best_parameters": {
    "preparation_capacity": 2,
    "sorting_capacity": 5,
    "analysis1_capacity": 4,
    "analysis2_capacity": 4,
    "evaluation_capacity": 4,
    "dispatching_capacity": 5,
    "worker_capacity": 10
  },
  "best_objective": 0.21409253688710733,
  "aggregated_kpis": {
    "n_orders_completed_mean": 934.5666666666667,
    "n_orders_in_date_mean": 934.5666666666667,
    "n_orders_late_mean": 0.0,
    "n_orders_created_mean": 995.1666666666666,
    "n_orders_incomplete_mean": 60.6,
    "late_order_fraction_mean": 0.0,
    "time_in_system_mean_mean": 22.889884919186084,
    "time_in_system_std_mean": 6.555109894770741,
    "wip_time_in_system_mean_mean": 45.087556116781336,
    "wip_time_in_system_std_mean": 26.272597620342648,
    "wip_time_in_system_min_mean": 1.258251153781877,
    "wip_time_in_system_max_mean": 93.4296208362626,
    "wip_mean_mean": 30.832127104333132,
    "work_in_progress_mean_mean": 30.832127104333132,
    "completed_norm_mean": 0.9403351671446636,
    "late_total_norm_mean": 0.05966483285533624,
    "on_time_loss_norm_mean": 0.05966483285533623,
    "station_capacity_norm_mean": 0.75,
    "worker_capacity_norm_mean": 1.0,
    "time_in_system_mean_norm_mean": 0.06358301366440579,
    "time_in_system_std_norm_mean": 0.01820863859658539,
    "objective_completed_contribution_mean": -0.9403351671446636,
    "objective_late_contribution_mean": 0.1789944985660087,
    "objective_station_capacity_contribution_mean": 0.6000000000000002,
    "objective_worker_capacity_contribution_mean": 0.34999999999999987,
    "objective_time_mean_contribution_mean": 0.025433205465762315,
    "objective_time_std_contribution_mean": 0.0
  }
}