{
  "method": "bo",
  "run_index": 0,
  "best_parameters": {
    "preparation_capacity": 1,
    "sorting_capacity": 2,
    "analysis1_capacity": 2,
    "analysis2_capacity": 1,
    "evaluation_capacity": 1,
    "dispatching_capacity": 1,
    "worker_capacity": 3
  },
  "best_objective": 1.0474951342652872,
  "aggregated_kpis": {
    "n_orders_completed_mean": 567.4333333333333,
    "n_orders_in_date_mean": 388.53333333333336,
    "n_orders_late_mean": 178.9,
    "n_orders_created_mean": 999.5333333333333,
    "n_orders_incomplete_mean": 432.1,
    "late_order_fraction_mean": 0.29172222717946034,
    "time_in_system_mean_mean": 257.1381248766233,
    "time_in_system_std_mean": 135.37430772402547,
    "wip_time_in_system_mean_mean": 314.3635420382897,
    "wip_time_in_system_std_mean": 181.319036356858,
    "wip_time_in_system_min_mean": 1.6949238906516182,
    "wip_time_in_system_max_mean": 628.6994586843559,
    "wip_mean_mean": 209.03990024190583,
    "work_in_progress_mean_mean": 209.03990024190583,
    "completed_norm_mean": 0.5679727346652803,
    "late_total_norm_mean": 0.6104429269190255,
    "on_time_loss_norm_mean": 0.6104429269190255,
    "station_capacity_norm_mean": 0.08333333333333336,
    "worker_capacity_norm_mean": 0.22222222222222224,
    "time_in_system_mean_norm_mean": 0.7142725691017312,
    "time_in_system_std_norm_mean": 0.37603974367784854,
    "objective_completed_contribution_mean": -0.19879045713284813,
    "objective_late_contribution_mean": 0.4883543415352205,
    "objective_station_capacity_contribution_mean": 0.25,
    "objective_worker_capacity_contribution_mean": 0.22222222222222224,
    "objective_time_mean_contribution_mean": 0.2857090276406925,
    "objective_time_std_contribution_mean": 0.0
  }
}