{
  "stage": "stage1_bo_trial",
  "trial_index": 87,
  "parameters": {
    "alpha": 0.01616552319058026,
    "gamma": 0.93368033453665,
    "target_final_epsilon": 0.012683290133604027,
    "risk_t1": 175.214912,
    "risk_window": 120.0,
    "epsilon_min": 0.012683290133604027,
    "epsilon_decay": 0.9956420536376285
  },
  "training_episodes": 1000,
  "n_training_failures": 0,
  "best_training": {
    "episode": 718,
    "training_seed": 930345,
    "total_reward": 1197.0
  },
  "last_training": {
    "episode": 999,
    "training_seed": 1211345,
    "total_reward": 505.0,
    "epsilon": 0.012738805163225758,
    "q_table_size": 24
  },
  "final_epsilon": 0.012683290133604027,
  "q_table_size": 24,
  "objective": "minimize -mean(total_reward); late_order_fraction is recorded for later composite objectives",
  "objective_mean": -96.2,
  "objective_std": 275.1600746232394,
  "total_reward_mean": 96.2,
  "total_reward_std": 275.1600746232394,
  "late_order_fraction_mean": 0.4660552445804823,
  "n_valid_replications": 10,
  "eval_replications": 10,
  "eval_seeds": [
    312345,
    313345,
    314345,
    315345,
    316345,
    317345,
    318345,
    319345,
    320345,
    321345
  ],
  "best_evaluation": {
    "replication": 0,
    "eval_seed": 312345,
    "total_reward": 528.0
  }
}