{
  "stage": "stage1_bo_trial",
  "trial_index": 62,
  "parameters": {
    "alpha": 0.006177906032816988,
    "gamma": 0.5255053608251308,
    "target_final_epsilon": 0.021098363034650097,
    "risk_t1": 175.214912,
    "risk_window": 120.0,
    "epsilon_min": 0.021098363034650097,
    "epsilon_decay": 0.9961488748536919
  },
  "training_episodes": 1000,
  "n_training_failures": 0,
  "best_training": {
    "episode": 934,
    "training_seed": 1146345,
    "total_reward": 1122.0
  },
  "last_training": {
    "episode": 999,
    "training_seed": 1211345,
    "total_reward": 605.0,
    "epsilon": 0.021179929594106556,
    "q_table_size": 24
  },
  "final_epsilon": 0.021098363034650097,
  "q_table_size": 24,
  "objective": "minimize -mean(total_reward); late_order_fraction is recorded for later composite objectives",
  "objective_mean": -292.2,
  "objective_std": 229.81963942767524,
  "total_reward_mean": 292.2,
  "total_reward_std": 229.81963942767524,
  "late_order_fraction_mean": 0.43104774458154677,
  "n_valid_replications": 10,
  "eval_replications": 10,
  "eval_seeds": [
    312345,
    313345,
    314345,
    315345,
    316345,
    317345,
    318345,
    319345,
    320345,
    321345
  ],
  "best_evaluation": {
    "replication": 0,
    "eval_seed": 312345,
    "total_reward": 748.0
  }
}