{
  "stage": "stage1_bo_trial",
  "trial_index": 46,
  "parameters": {
    "alpha": 0.7,
    "gamma": 0.95,
    "target_final_epsilon": 0.08160205762665143,
    "risk_t1": 175.214912,
    "risk_window": 120.0,
    "epsilon_min": 0.08160205762665143,
    "epsilon_decay": 0.9752523626261524
  },
  "training_episodes": 100,
  "n_training_failures": 0,
  "best_training": {
    "episode": 91,
    "training_seed": 303345,
    "total_reward": 781.0
  },
  "last_training": {
    "episode": 99,
    "training_seed": 311345,
    "total_reward": -284.0,
    "epsilon": 0.08367276076821183,
    "q_table_size": 21
  },
  "final_epsilon": 0.08160205762665143,
  "q_table_size": 21,
  "objective": "minimize -mean(total_reward); late_order_fraction is recorded for later composite objectives",
  "objective_mean": -140.2,
  "objective_std": 294.39987922702835,
  "total_reward_mean": 140.2,
  "total_reward_std": 294.39987922702835,
  "late_order_fraction_mean": 0.4581366738102764,
  "n_valid_replications": 10,
  "eval_replications": 10,
  "eval_seeds": [
    312345,
    313345,
    314345,
    315345,
    316345,
    317345,
    318345,
    319345,
    320345,
    321345
  ],
  "best_evaluation": {
    "replication": 0,
    "eval_seed": 312345,
    "total_reward": 848.0
  }
}