{
  "stage": "stage1_bo_trial",
  "trial_index": 85,
  "parameters": {
    "alpha": 0.08,
    "gamma": 0.01,
    "target_final_epsilon": 0.032924446494495066,
    "risk_t1": 175.214912,
    "risk_window": 758.004,
    "epsilon_min": 0.032924446494495066,
    "epsilon_decay": 0.9965922796609477
  },
  "training_episodes": 1000,
  "n_training_failures": 0,
  "best_training": {
    "episode": 126,
    "training_seed": 338345,
    "total_reward": 1083.0
  },
  "last_training": {
    "episode": 999,
    "training_seed": 1211345,
    "total_reward": 265.0,
    "epsilon": 0.03303702744486058,
    "q_table_size": 23
  },
  "final_epsilon": 0.032924446494495066,
  "q_table_size": 23,
  "objective": "minimize -mean(total_reward); late_order_fraction is recorded for later composite objectives",
  "objective_mean": -122.2,
  "objective_std": 266.9651662670619,
  "total_reward_mean": 122.2,
  "total_reward_std": 266.9651662670619,
  "late_order_fraction_mean": 0.46136640783291377,
  "n_valid_replications": 10,
  "eval_replications": 10,
  "eval_seeds": [
    312345,
    313345,
    314345,
    315345,
    316345,
    317345,
    318345,
    319345,
    320345,
    321345
  ],
  "best_evaluation": {
    "replication": 0,
    "eval_seed": 312345,
    "total_reward": 608.0
  }
}