{
  "method": "bo",
  "run_index": 6,
  "best_parameters": {
    "preparation_capacity": 4,
    "sorting_capacity": 3,
    "analysis1_capacity": 3,
    "analysis2_capacity": 4,
    "evaluation_capacity": 5,
    "dispatching_capacity": 1,
    "worker_capacity": 5
  },
  "best_objective": 0.034959654019781926,
  "aggregated_kpis": {
    "n_orders_completed_mean": 913.2666666666667,
    "n_orders_in_date_mean": 913.2666666666667,
    "n_orders_late_mean": 0.0,
    "n_orders_created_mean": 995.0,
    "n_orders_incomplete_mean": 81.73333333333333,
    "late_order_fraction_mean": 0.0,
    "time_in_system_mean_mean": 77.26880039453967,
    "time_in_system_std_mean": 30.62938181858522,
    "wip_time_in_system_mean_mean": 61.71956188690872,
    "wip_time_in_system_std_mean": 35.065581437217396,
    "wip_time_in_system_min_mean": 1.30962690608751,
    "wip_time_in_system_max_mean": 130.0403559214397,
    "wip_mean_mean": 52.75945404764267,
    "work_in_progress_mean_mean": 52.75945404764267,
    "completed_norm_mean": 0.91827919771576,
    "late_total_norm_mean": 0.08172080228424,
    "on_time_loss_norm_mean": 0.08172080228424,
    "station_capacity_norm_mean": 0.5833333333333334,
    "worker_capacity_norm_mean": 0.4444444444444445,
    "time_in_system_mean_norm_mean": 0.21463555665149903,
    "time_in_system_std_norm_mean": 0.08508161616273674,
    "objective_completed_contribution_mean": -0.91827919771576,
    "objective_late_contribution_mean": 0.24516240685272006,
    "objective_station_capacity_contribution_mean": 0.46666666666666673,
    "objective_worker_capacity_contribution_mean": 0.15555555555555556,
    "objective_time_mean_contribution_mean": 0.08585422266059962,
    "objective_time_std_contribution_mean": 0.0
  }
}