{
  "stage": "stage1_bo_trial",
  "trial_index": 41,
  "parameters": {
    "alpha": 0.7,
    "gamma": 0.95,
    "target_final_epsilon": 0.02,
    "risk_t1": 246.0533343968741,
    "risk_window": 120.0,
    "epsilon_min": 0.02,
    "epsilon_decay": 0.9960956189881034
  },
  "training_episodes": 1000,
  "n_training_failures": 0,
  "best_training": {
    "episode": 668,
    "training_seed": 880345,
    "total_reward": 1029.0
  },
  "last_training": {
    "episode": 999,
    "training_seed": 1211345,
    "total_reward": 225.0,
    "epsilon": 0.020078393699108993,
    "q_table_size": 25
  },
  "final_epsilon": 0.02000000000000081,
  "q_table_size": 25,
  "objective": "minimize -mean(total_reward); late_order_fraction is recorded for later composite objectives",
  "objective_mean": -94.2,
  "objective_std": 235.1608433013928,
  "total_reward_mean": 94.2,
  "total_reward_std": 235.1608433013928,
  "late_order_fraction_mean": 0.46643974857429366,
  "n_valid_replications": 10,
  "eval_replications": 10,
  "eval_seeds": [
    312345,
    313345,
    314345,
    315345,
    316345,
    317345,
    318345,
    319345,
    320345,
    321345
  ],
  "best_evaluation": {
    "replication": 0,
    "eval_seed": 312345,
    "total_reward": 608.0
  }
}