{
  "stage": "stage1_bo_trial",
  "trial_index": 96,
  "parameters": {
    "alpha": 0.021381945993665732,
    "gamma": 0.8962631554278266,
    "target_final_epsilon": 0.06933439322582896,
    "risk_t1": 175.214912,
    "risk_window": 758.004,
    "epsilon_min": 0.06933439322582896,
    "epsilon_decay": 0.9973347439174424
  },
  "training_episodes": 1000,
  "n_training_failures": 0,
  "best_training": {
    "episode": 934,
    "training_seed": 1146345,
    "total_reward": 1182.0
  },
  "last_training": {
    "episode": 999,
    "training_seed": 1211345,
    "total_reward": 385.0,
    "epsilon": 0.06951968097841389,
    "q_table_size": 24
  },
  "final_epsilon": 0.06933439322582896,
  "q_table_size": 24,
  "objective": "minimize -mean(total_reward); late_order_fraction is recorded for later composite objectives",
  "objective_mean": -150.2,
  "objective_std": 199.16536959131335,
  "total_reward_mean": 150.2,
  "total_reward_std": 199.16536959131335,
  "late_order_fraction_mean": 0.45648284365979064,
  "n_valid_replications": 10,
  "eval_replications": 10,
  "eval_seeds": [
    312345,
    313345,
    314345,
    315345,
    316345,
    317345,
    318345,
    319345,
    320345,
    321345
  ],
  "best_evaluation": {
    "replication": 0,
    "eval_seed": 312345,
    "total_reward": 568.0
  }
}