{
  "training_episodes": 1000,
  "n_training_failures": 0,
  "best_training": {
    "episode": 934,
    "training_seed": 1146345,
    "total_reward": 1102.0
  },
  "last_training": {
    "episode": 999,
    "training_seed": 1211345,
    "total_reward": 545.0,
    "epsilon": 0.0025949437031873713,
    "q_table_size": 23
  },
  "final_epsilon": 0.0025795234470709924,
  "q_table_size": 23
}