{
  "stage": "stage1_bo_trial",
  "trial_index": 35,
  "parameters": {
    "alpha": 0.017296094515630696,
    "gamma": 0.8,
    "target_final_epsilon": 0.008990061915897563,
    "risk_t1": 175.214912,
    "risk_window": 758.004,
    "epsilon_min": 0.008990061915897563,
    "epsilon_decay": 0.9539763907961064
  },
  "training_episodes": 100,
  "n_training_failures": 0,
  "best_training": {
    "episode": 91,
    "training_seed": 303345,
    "total_reward": 1121.0
  },
  "last_training": {
    "episode": 99,
    "training_seed": 311345,
    "total_reward": -344.0,
    "epsilon": 0.009423778201046689,
    "q_table_size": 20
  },
  "final_epsilon": 0.008990061915897563,
  "q_table_size": 20,
  "objective": "minimize -mean(total_reward); late_order_fraction is recorded for later composite objectives",
  "objective_mean": -80.2,
  "objective_std": 242.74394373953433,
  "total_reward_mean": 80.2,
  "total_reward_std": 242.74394373953433,
  "late_order_fraction_mean": 0.4689485138332607,
  "n_valid_replications": 10,
  "eval_replications": 10,
  "eval_seeds": [
    312345,
    313345,
    314345,
    315345,
    316345,
    317345,
    318345,
    319345,
    320345,
    321345
  ],
  "best_evaluation": {
    "replication": 0,
    "eval_seed": 312345,
    "total_reward": 608.0
  }
}