{
  "stage": "stage1_bo_trial",
  "trial_index": 1,
  "parameters": {
    "alpha": 0.05090599673138932,
    "gamma": 0.5507979266345501,
    "target_final_epsilon": 0.03592361274408177,
    "risk_t1": 175.214912,
    "risk_window": 120.0,
    "epsilon_min": 0.03592361274408177,
    "epsilon_decay": 0.9966791657447828
  },
  "training_episodes": 1000,
  "n_training_failures": 0,
  "best_training": {
    "episode": 934,
    "training_seed": 1146345,
    "total_reward": 1122.0
  },
  "last_training": {
    "episode": 999,
    "training_seed": 1211345,
    "total_reward": 565.0,
    "epsilon": 0.036043306591281264,
    "q_table_size": 23
  },
  "final_epsilon": 0.03592361274408177,
  "q_table_size": 23,
  "objective": "minimize -mean(total_reward); late_order_fraction is recorded for later composite objectives",
  "objective_mean": -194.2,
  "objective_std": 187.19734091178873,
  "total_reward_mean": 194.2,
  "total_reward_std": 187.19734091178873,
  "late_order_fraction_mean": 0.44853114455217113,
  "n_valid_replications": 10,
  "eval_replications": 10,
  "eval_seeds": [
    312345,
    313345,
    314345,
    315345,
    316345,
    317345,
    318345,
    319345,
    320345,
    321345
  ],
  "best_evaluation": {
    "replication": 0,
    "eval_seed": 312345,
    "total_reward": 528.0
  }
}