{
  "stage": "stage1_bo_trial",
  "trial_index": 30,
  "parameters": {
    "alpha": 0.007410951827878523,
    "gamma": 0.6438811823642414,
    "target_final_epsilon": 0.024008426847551192,
    "risk_t1": 175.214912,
    "risk_window": 758.004,
    "epsilon_min": 0.024008426847551192,
    "epsilon_decay": 0.9962775949989435
  },
  "training_episodes": 1000,
  "n_training_failures": 0,
  "best_training": {
    "episode": 934,
    "training_seed": 1146345,
    "total_reward": 1162.0
  },
  "last_training": {
    "episode": 999,
    "training_seed": 1211345,
    "total_reward": 565.0,
    "epsilon": 0.024098129846608547,
    "q_table_size": 23
  },
  "final_epsilon": 0.024008426847551424,
  "q_table_size": 23,
  "objective": "minimize -mean(total_reward); late_order_fraction is recorded for later composite objectives",
  "objective_mean": -346.2,
  "objective_std": 244.6624886110115,
  "total_reward_mean": 346.2,
  "total_reward_std": 244.6624886110115,
  "late_order_fraction_mean": 0.42133020301887525,
  "n_valid_replications": 10,
  "eval_replications": 10,
  "eval_seeds": [
    312345,
    313345,
    314345,
    315345,
    316345,
    317345,
    318345,
    319345,
    320345,
    321345
  ],
  "best_evaluation": {
    "replication": 0,
    "eval_seed": 312345,
    "total_reward": 868.0
  }
}