{
  "method": "bo",
  "run_index": 9,
  "best_parameters": {
    "preparation_capacity": 2,
    "sorting_capacity": 4,
    "analysis1_capacity": 3,
    "analysis2_capacity": 2,
    "evaluation_capacity": 5,
    "dispatching_capacity": 1,
    "worker_capacity": 9
  },
  "best_objective": -0.17961758921281587,
  "aggregated_kpis": {
    "n_orders_completed_mean": 975.9333333333333,
    "n_orders_in_date_mean": 975.9333333333333,
    "n_orders_late_mean": 0.0,
    "n_orders_created_mean": 1002.2333333333333,
    "n_orders_incomplete_mean": 26.3,
    "late_order_fraction_mean": 0.0,
    "time_in_system_mean_mean": 34.47509546323984,
    "time_in_system_std_mean": 12.434269441260259,
    "wip_time_in_system_mean_mean": 20.23577277441799,
    "wip_time_in_system_std_mean": 12.668968179924555,
    "wip_time_in_system_min_mean": 1.4302175835721225,
    "wip_time_in_system_max_mean": 49.21027995243857,
    "wip_mean_mean": 23.875731909520418,
    "work_in_progress_mean_mean": 23.875731909520418,
    "completed_norm_mean": 0.9739252571541039,
    "late_total_norm_mean": 0.02607474284589608,
    "on_time_loss_norm_mean": 0.02607474284589608,
    "station_capacity_norm_mean": 0.4583333333333334,
    "worker_capacity_norm_mean": 0.888888888888889,
    "time_in_system_mean_norm_mean": 0.09576415406455514,
    "time_in_system_std_norm_mean": 0.03453963733683405,
    "objective_completed_contribution_mean": -0.9739252571541039,
    "objective_late_contribution_mean": 0.07822422853768825,
    "objective_station_capacity_contribution_mean": 0.3666666666666668,
    "objective_worker_capacity_contribution_mean": 0.3111111111111111,
    "objective_time_mean_contribution_mean": 0.03830566162582205,
    "objective_time_std_contribution_mean": 0.0
  }
}