{
  "stage": "stage2_candidate",
  "candidate_rank": 5,
  "source_trial_index": 97,
  "parameters": {
    "alpha": 0.0142093089392811,
    "gamma": 0.8,
    "target_final_epsilon": 0.08,
    "risk_t1": 175.214912,
    "risk_window": 758.004,
    "epsilon_min": 0.08,
    "epsilon_decay": 0.9997474590294099
  },
  "q_table_path": "/cfs/earth/scratch/freyfab2/BA/BA-Simulation-Optimization/RL/rl_tuning_hpc_gamma_low/stage2/candidate_rank_05_trial_097/q_table.pkl",
  "training_episodes": 10000,
  "n_training_failures": 0,
  "best_training": {
    "episode": 6436,
    "training_seed": 6648345,
    "total_reward": 1245.0
  },
  "last_training": {
    "episode": 9999,
    "training_seed": 10211345,
    "total_reward": -53.0,
    "epsilon": 0.08002020838109195,
    "q_table_size": 25
  },
  "final_epsilon": 0.08000000000000056,
  "q_table_size": 25,
  "objective": "minimize -mean(total_reward); late_order_fraction is recorded for later composite objectives",
  "objective_mean": -353.5,
  "objective_std": 338.89106682297455,
  "total_reward_mean": 353.5,
  "total_reward_std": 338.89106682297455,
  "late_order_fraction_mean": 0.4213497636862264,
  "n_valid_replications": 30,
  "eval_replications": 30,
  "eval_seeds": [
    312345,
    313345,
    314345,
    315345,
    316345,
    317345,
    318345,
    319345,
    320345,
    321345,
    322345,
    323345,
    324345,
    325345,
    326345,
    327345,
    328345,
    329345,
    330345,
    331345,
    332345,
    333345,
    334345,
    335345,
    336345,
    337345,
    338345,
    339345,
    340345,
    341345
  ],
  "best_evaluation": {
    "replication": 26,
    "eval_seed": 338345,
    "total_reward": 1243.0
  },
  "candidate_dir": "/cfs/earth/scratch/freyfab2/BA/BA-Simulation-Optimization/RL/rl_tuning_hpc_gamma_low/stage2/candidate_rank_05_trial_097",
  "stage1_objective_mean": -330.2,
  "stage1_total_reward_mean": 330.2
}