{
  "stage": "stage1_bo_trial",
  "trial_index": 18,
  "parameters": {
    "alpha": 0.0001,
    "gamma": 0.0,
    "target_final_epsilon": 0.00725747838098919,
    "risk_t1": 175.214912,
    "risk_window": 758.004,
    "epsilon_min": 0.00725747838098919,
    "epsilon_decay": 0.9519362331597577
  },
  "training_episodes": 100,
  "n_training_failures": 0,
  "best_training": {
    "episode": 91,
    "training_seed": 303345,
    "total_reward": 1301.0
  },
  "last_training": {
    "episode": 99,
    "training_seed": 311345,
    "total_reward": -384.0,
    "epsilon": 0.007623912325408055,
    "q_table_size": 20
  },
  "final_epsilon": 0.007257478380989193,
  "q_table_size": 20,
  "objective": "minimize -mean(total_reward); late_order_fraction is recorded for later composite objectives",
  "objective_mean": -338.2,
  "objective_std": 207.45269875858986,
  "total_reward_mean": 338.2,
  "total_reward_std": 207.45269875858986,
  "late_order_fraction_mean": 0.4228314678329216,
  "n_valid_replications": 10,
  "eval_replications": 10,
  "eval_seeds": [
    312345,
    313345,
    314345,
    315345,
    316345,
    317345,
    318345,
    319345,
    320345,
    321345
  ],
  "best_evaluation": {
    "replication": 0,
    "eval_seed": 312345,
    "total_reward": 748.0
  }
}