{
  "stage": "stage1_bo_trial",
  "trial_index": 45,
  "parameters": {
    "alpha": 0.003745520181791039,
    "gamma": 0.5952337440338701,
    "target_final_epsilon": 0.036676396967683836,
    "risk_t1": 175.214912,
    "risk_window": 120.0,
    "epsilon_min": 0.036676396967683836,
    "epsilon_decay": 0.9966998356875497
  },
  "training_episodes": 1000,
  "n_training_failures": 0,
  "best_training": {
    "episode": 718,
    "training_seed": 930345,
    "total_reward": 1137.0
  },
  "last_training": {
    "episode": 999,
    "training_seed": 1211345,
    "total_reward": 365.0,
    "epsilon": 0.03679783587240652,
    "q_table_size": 23
  },
  "final_epsilon": 0.036676396967685,
  "q_table_size": 23,
  "objective": "minimize -mean(total_reward); late_order_fraction is recorded for later composite objectives",
  "objective_mean": -108.2,
  "objective_std": 182.71094353893773,
  "total_reward_mean": 108.2,
  "total_reward_std": 182.71094353893773,
  "late_order_fraction_mean": 0.46406883884450456,
  "n_valid_replications": 10,
  "eval_replications": 10,
  "eval_seeds": [
    312345,
    313345,
    314345,
    315345,
    316345,
    317345,
    318345,
    319345,
    320345,
    321345
  ],
  "best_evaluation": {
    "replication": 0,
    "eval_seed": 312345,
    "total_reward": 408.0
  }
}