{
  "stage": "stage1_bo_trial",
  "trial_index": 34,
  "parameters": {
    "alpha": 0.005,
    "gamma": 0.6352892307654587,
    "target_final_epsilon": 0.005,
    "risk_t1": 360.0,
    "risk_window": 1440.0,
    "epsilon_min": 0.005,
    "epsilon_decay": 0.9947156939605025
  },
  "training_episodes": 1000,
  "n_training_failures": 0,
  "best_training": {
    "episode": 518,
    "training_seed": 730345,
    "total_reward": 1049.0
  },
  "last_training": {
    "episode": 999,
    "training_seed": 1211345,
    "total_reward": 485.0,
    "epsilon": 0.005026561891360243,
    "q_table_size": 23
  },
  "final_epsilon": 0.005,
  "q_table_size": 23,
  "objective": "minimize -mean(total_reward); late_order_fraction is recorded for later composite objectives",
  "objective_mean": -118.2,
  "objective_std": 262.13007797232615,
  "total_reward_mean": 118.2,
  "total_reward_std": 262.13007797232615,
  "late_order_fraction_mean": 0.46206786382707665,
  "n_valid_replications": 10,
  "eval_replications": 10,
  "eval_seeds": [
    312345,
    313345,
    314345,
    315345,
    316345,
    317345,
    318345,
    319345,
    320345,
    321345
  ],
  "best_evaluation": {
    "replication": 0,
    "eval_seed": 312345,
    "total_reward": 628.0
  }
}