{
  "stage": "stage1_bo_trial",
  "trial_index": 20,
  "parameters": {
    "alpha": 0.4834596573738612,
    "gamma": 0.7911814833491072,
    "target_final_epsilon": 0.037568371446839464,
    "risk_t1": 189.19829170758317,
    "risk_window": 1790.8416663617936,
    "epsilon_min": 0.037568371446839464,
    "epsilon_decay": 0.9677166730535479
  },
  "training_episodes": 100,
  "n_training_failures": 0,
  "best_training": {
    "episode": 91,
    "training_seed": 303345,
    "total_reward": 1081.0
  },
  "last_training": {
    "episode": 99,
    "training_seed": 311345,
    "total_reward": -324.0,
    "epsilon": 0.038821663915633235,
    "q_table_size": 20
  },
  "final_epsilon": 0.03756837144683957,
  "q_table_size": 20,
  "objective": "minimize -mean(total_reward); late_order_fraction is recorded for later composite objectives",
  "objective_mean": -134.2,
  "objective_std": 345.72718853004443,
  "total_reward_mean": 134.2,
  "total_reward_std": 345.72718853004443,
  "late_order_fraction_mean": 0.45920292748624325,
  "n_valid_replications": 10,
  "eval_replications": 10,
  "eval_seeds": [
    312345,
    313345,
    314345,
    315345,
    316345,
    317345,
    318345,
    319345,
    320345,
    321345
  ],
  "best_evaluation": {
    "replication": 0,
    "eval_seed": 312345,
    "total_reward": 788.0
  }
}