{
  "stage": "stage1_bo_trial",
  "trial_index": 32,
  "parameters": {
    "alpha": 0.23840773004022311,
    "gamma": 0.8500040995070187,
    "target_final_epsilon": 0.0894309323571918,
    "risk_t1": 199.355649564209,
    "risk_window": 1800.0,
    "epsilon_min": 0.0894309323571918,
    "epsilon_decay": 0.9975886233937525
  },
  "training_episodes": 1000,
  "n_training_failures": 0,
  "best_training": {
    "episode": 718,
    "training_seed": 930345,
    "total_reward": 1137.0
  },
  "last_training": {
    "episode": 999,
    "training_seed": 1211345,
    "total_reward": 365.0,
    "epsilon": 0.08964710528970496,
    "q_table_size": 23
  },
  "final_epsilon": 0.0894309323571918,
  "q_table_size": 23,
  "objective": "minimize -mean(total_reward); late_order_fraction is recorded for later composite objectives",
  "objective_mean": -170.2,
  "objective_std": 239.2120398307744,
  "total_reward_mean": 170.2,
  "total_reward_std": 239.2120398307744,
  "late_order_fraction_mean": 0.4528754081825679,
  "n_valid_replications": 10,
  "eval_replications": 10,
  "eval_seeds": [
    312345,
    313345,
    314345,
    315345,
    316345,
    317345,
    318345,
    319345,
    320345,
    321345
  ],
  "best_evaluation": {
    "replication": 0,
    "eval_seed": 312345,
    "total_reward": 448.0
  }
}