{
  "stage": "stage1_bo_trial",
  "trial_index": 32,
  "parameters": {
    "alpha": 0.006861841029561497,
    "gamma": 0.95,
    "target_final_epsilon": 0.02344187846494946,
    "risk_t1": 175.214912,
    "risk_window": 758.004,
    "epsilon_min": 0.02344187846494946,
    "epsilon_decay": 0.9962538033904045
  },
  "training_episodes": 1000,
  "n_training_failures": 0,
  "best_training": {
    "episode": 718,
    "training_seed": 930345,
    "total_reward": 1117.0
  },
  "last_training": {
    "episode": 999,
    "training_seed": 1211345,
    "total_reward": 325.0,
    "epsilon": 0.023530026570711685,
    "q_table_size": 23
  },
  "final_epsilon": 0.02344187846494946,
  "q_table_size": 23,
  "objective": "minimize -mean(total_reward); late_order_fraction is recorded for later composite objectives",
  "objective_mean": -52.2,
  "objective_std": 241.53067438043283,
  "total_reward_mean": 52.2,
  "total_reward_std": 241.53067438043283,
  "late_order_fraction_mean": 0.4740587125586102,
  "n_valid_replications": 10,
  "eval_replications": 10,
  "eval_seeds": [
    312345,
    313345,
    314345,
    315345,
    316345,
    317345,
    318345,
    319345,
    320345,
    321345
  ],
  "best_evaluation": {
    "replication": 0,
    "eval_seed": 312345,
    "total_reward": 388.0
  }
}