{
  "stage": "stage1_bo_trial",
  "trial_index": 43,
  "parameters": {
    "alpha": 0.0001,
    "gamma": 0.8897449719874901,
    "target_final_epsilon": 0.0072007554135687865,
    "risk_t1": 175.214912,
    "risk_window": 758.004,
    "epsilon_min": 0.0072007554135687865,
    "epsilon_decay": 0.9518615424231646
  },
  "training_episodes": 100,
  "n_training_failures": 0,
  "best_training": {
    "episode": 91,
    "training_seed": 303345,
    "total_reward": 1261.0
  },
  "last_training": {
    "episode": 99,
    "training_seed": 311345,
    "total_reward": -184.0,
    "epsilon": 0.007564918943187665,
    "q_table_size": 20
  },
  "final_epsilon": 0.007200755413568826,
  "q_table_size": 20,
  "objective": "minimize -mean(total_reward); late_order_fraction is recorded for later composite objectives",
  "objective_mean": -308.2,
  "objective_std": 275.00496965206526,
  "total_reward_mean": 308.2,
  "total_reward_std": 275.00496965206526,
  "late_order_fraction_mean": 0.4281696447608865,
  "n_valid_replications": 10,
  "eval_replications": 10,
  "eval_seeds": [
    312345,
    313345,
    314345,
    315345,
    316345,
    317345,
    318345,
    319345,
    320345,
    321345
  ],
  "best_evaluation": {
    "replication": 0,
    "eval_seed": 312345,
    "total_reward": 848.0
  }
}