{
  "stage": "stage1_bo_trial",
  "trial_index": 84,
  "parameters": {
    "alpha": 0.009603670561175396,
    "gamma": 0.4183418618568816,
    "target_final_epsilon": 0.07906933154764237,
    "risk_t1": 175.214912,
    "risk_window": 120.0,
    "epsilon_min": 0.07906933154764237,
    "epsilon_decay": 0.9974657863579659
  },
  "training_episodes": 1000,
  "n_training_failures": 0,
  "best_training": {
    "episode": 934,
    "training_seed": 1146345,
    "total_reward": 1162.0
  },
  "last_training": {
    "episode": 999,
    "training_seed": 1211345,
    "total_reward": 525.0,
    "epsilon": 0.07927021921859352,
    "q_table_size": 25
  },
  "final_epsilon": 0.07906933154764273,
  "q_table_size": 25,
  "objective": "minimize -mean(total_reward); late_order_fraction is recorded for later composite objectives",
  "objective_mean": -92.2,
  "objective_std": 183.08273782333737,
  "total_reward_mean": 92.2,
  "total_reward_std": 183.08273782333737,
  "late_order_fraction_mean": 0.4668060521814752,
  "n_valid_replications": 10,
  "eval_replications": 10,
  "eval_seeds": [
    312345,
    313345,
    314345,
    315345,
    316345,
    317345,
    318345,
    319345,
    320345,
    321345
  ],
  "best_evaluation": {
    "replication": 0,
    "eval_seed": 312345,
    "total_reward": 568.0
  }
}