{
  "stage": "stage1_bo_trial",
  "trial_index": 84,
  "parameters": {
    "alpha": 0.003672554137578564,
    "gamma": 0.8,
    "target_final_epsilon": 0.024442928231360017,
    "risk_t1": 175.214912,
    "risk_window": 758.004,
    "epsilon_min": 0.024442928231360017,
    "epsilon_decay": 0.9962954644467693
  },
  "training_episodes": 1000,
  "n_training_failures": 0,
  "best_training": {
    "episode": 126,
    "training_seed": 338345,
    "total_reward": 1183.0
  },
  "last_training": {
    "episode": 999,
    "training_seed": 1211345,
    "total_reward": 605.0,
    "epsilon": 0.024533814619876287,
    "q_table_size": 24
  },
  "final_epsilon": 0.024442928231360583,
  "q_table_size": 24,
  "objective": "minimize -mean(total_reward); late_order_fraction is recorded for later composite objectives",
  "objective_mean": -102.2,
  "objective_std": 225.22916724478154,
  "total_reward_mean": 102.2,
  "total_reward_std": 225.22916724478154,
  "late_order_fraction_mean": 0.4651722105969286,
  "n_valid_replications": 10,
  "eval_replications": 10,
  "eval_seeds": [
    312345,
    313345,
    314345,
    315345,
    316345,
    317345,
    318345,
    319345,
    320345,
    321345
  ],
  "best_evaluation": {
    "replication": 0,
    "eval_seed": 312345,
    "total_reward": 448.0
  }
}