{
  "stage": "stage1_bo_trial",
  "trial_index": 4,
  "parameters": {
    "alpha": 0.037635530657134944,
    "gamma": 0.42084177331998945,
    "target_final_epsilon": 0.046680364832282065,
    "risk_t1": 353.15774500370026,
    "risk_window": 573.2359649240971,
    "epsilon_min": 0.046680364832282065,
    "epsilon_decay": 0.9698204608147167
  },
  "training_episodes": 100,
  "n_training_failures": 0,
  "best_training": {
    "episode": 91,
    "training_seed": 303345,
    "total_reward": 1041.0
  },
  "last_training": {
    "episode": 99,
    "training_seed": 311345,
    "total_reward": -284.0,
    "epsilon": 0.04813299648583157,
    "q_table_size": 20
  },
  "final_epsilon": 0.046680364832282314,
  "q_table_size": 20,
  "objective": "minimize -mean(total_reward); late_order_fraction is recorded for later composite objectives",
  "objective_mean": -122.2,
  "objective_std": 182.42611898762985,
  "total_reward_mean": 122.2,
  "total_reward_std": 182.42611898762985,
  "late_order_fraction_mean": 0.4614350029650991,
  "n_valid_replications": 10,
  "eval_replications": 10,
  "eval_seeds": [
    312345,
    313345,
    314345,
    315345,
    316345,
    317345,
    318345,
    319345,
    320345,
    321345
  ],
  "best_evaluation": {
    "replication": 0,
    "eval_seed": 312345,
    "total_reward": 528.0
  }
}