{
  "stage": "stage1_bo_trial",
  "trial_index": 46,
  "parameters": {
    "alpha": 0.029735506478810007,
    "gamma": 0.8,
    "target_final_epsilon": 0.051168015339477756,
    "risk_t1": 175.214912,
    "risk_window": 758.004,
    "epsilon_min": 0.051168015339477756,
    "epsilon_decay": 0.9970317732789001
  },
  "training_episodes": 1000,
  "n_training_failures": 0,
  "best_training": {
    "episode": 518,
    "training_seed": 730345,
    "total_reward": 1149.0
  },
  "last_training": {
    "episode": 999,
    "training_seed": 1211345,
    "total_reward": 405.0,
    "epsilon": 0.05132034576110378,
    "q_table_size": 23
  },
  "final_epsilon": 0.05116801533947959,
  "q_table_size": 23,
  "objective": "minimize -mean(total_reward); late_order_fraction is recorded for later composite objectives",
  "objective_mean": -106.2,
  "objective_std": 221.97537400952086,
  "total_reward_mean": 106.2,
  "total_reward_std": 221.97537400952086,
  "late_order_fraction_mean": 0.4643673413638375,
  "n_valid_replications": 10,
  "eval_replications": 10,
  "eval_seeds": [
    312345,
    313345,
    314345,
    315345,
    316345,
    317345,
    318345,
    319345,
    320345,
    321345
  ],
  "best_evaluation": {
    "replication": 0,
    "eval_seed": 312345,
    "total_reward": 568.0
  }
}