{
  "stage": "stage1_bo_trial",
  "trial_index": 22,
  "parameters": {
    "alpha": 0.01825131441861746,
    "gamma": 0.8370914371823472,
    "target_final_epsilon": 0.07028789091475222,
    "risk_t1": 175.214912,
    "risk_window": 120.0,
    "epsilon_min": 0.07028789091475222,
    "epsilon_decay": 0.9973483660646136
  },
  "training_episodes": 1000,
  "n_training_failures": 0,
  "best_training": {
    "episode": 598,
    "training_seed": 810345,
    "total_reward": 1135.0
  },
  "last_training": {
    "episode": 999,
    "training_seed": 1211345,
    "total_reward": 465.0,
    "epsilon": 0.07047476419107034,
    "q_table_size": 24
  },
  "final_epsilon": 0.07028789091475295,
  "q_table_size": 24,
  "objective": "minimize -mean(total_reward); late_order_fraction is recorded for later composite objectives",
  "objective_mean": -116.2,
  "objective_std": 193.1543999556371,
  "total_reward_mean": 116.2,
  "total_reward_std": 193.1543999556371,
  "late_order_fraction_mean": 0.46263650777174864,
  "n_valid_replications": 10,
  "eval_replications": 10,
  "eval_seeds": [
    312345,
    313345,
    314345,
    315345,
    316345,
    317345,
    318345,
    319345,
    320345,
    321345
  ],
  "best_evaluation": {
    "replication": 0,
    "eval_seed": 312345,
    "total_reward": 468.0
  }
}