{
  "stage": "stage1_bo_trial",
  "trial_index": 15,
  "parameters": {
    "alpha": 0.5,
    "gamma": 0.5,
    "target_final_epsilon": 0.12298864044758585,
    "risk_t1": 309.010229148771,
    "risk_window": 30.0,
    "epsilon_min": 0.12298864044758585,
    "epsilon_decay": 0.9979065310871824
  },
  "training_episodes": 1000,
  "n_training_failures": 0,
  "best_training": {
    "episode": 718,
    "training_seed": 930345,
    "total_reward": 1117.0
  },
  "last_training": {
    "episode": 999,
    "training_seed": 1211345,
    "total_reward": 225.0,
    "epsilon": 0.12324665348526238,
    "q_table_size": 24
  },
  "final_epsilon": 0.12298864044758585,
  "q_table_size": 24,
  "objective": "minimize -mean(total_reward); late_order_fraction is recorded for later composite objectives",
  "objective_mean": -74.2,
  "objective_std": 187.22108143404503,
  "total_reward_mean": 74.2,
  "total_reward_std": 187.22108143404503,
  "late_order_fraction_mean": 0.4699859829297607,
  "n_valid_replications": 10,
  "eval_replications": 10,
  "eval_seeds": [
    312345,
    313345,
    314345,
    315345,
    316345,
    317345,
    318345,
    319345,
    320345,
    321345
  ],
  "best_evaluation": {
    "replication": 0,
    "eval_seed": 312345,
    "total_reward": 488.0
  }
}