{
  "stage": "stage1_bo_trial",
  "trial_index": 15,
  "parameters": {
    "alpha": 0.17425985224115856,
    "gamma": 0.2,
    "target_final_epsilon": 0.12861979669412613,
    "risk_t1": 207.13987630961415,
    "risk_window": 121.65057081972485,
    "epsilon_min": 0.12861979669412613,
    "epsilon_decay": 0.9979512071082597
  },
  "training_episodes": 1000,
  "n_training_failures": 0,
  "best_training": {
    "episode": 91,
    "training_seed": 303345,
    "total_reward": 1021.0
  },
  "last_training": {
    "episode": 999,
    "training_seed": 1211345,
    "total_reward": 485.0,
    "epsilon": 0.12888385301604022,
    "q_table_size": 24
  },
  "final_epsilon": 0.12861979669412613,
  "q_table_size": 24,
  "objective": "minimize -mean(total_reward); late_order_fraction is recorded for later composite objectives",
  "objective_mean": -70.2,
  "objective_std": 260.02598160782145,
  "total_reward_mean": 70.2,
  "total_reward_std": 260.02598160782145,
  "late_order_fraction_mean": 0.47063835072478166,
  "n_valid_replications": 10,
  "eval_replications": 10,
  "eval_seeds": [
    312345,
    313345,
    314345,
    315345,
    316345,
    317345,
    318345,
    319345,
    320345,
    321345
  ],
  "best_evaluation": {
    "replication": 0,
    "eval_seed": 312345,
    "total_reward": 728.0
  }
}