{
  "stage": "stage1_bo_trial",
  "trial_index": 15,
  "parameters": {
    "alpha": 0.02,
    "gamma": 0.7,
    "epsilon_decay": 0.999,
    "epsilon_min": 0.1,
    "risk_t1": -23.256676136023934,
    "risk_window": 360.0
  },
  "training_episodes": 1000,
  "n_training_failures": 0,
  "best_training": {
    "episode": 668,
    "training_seed": 880345,
    "total_reward": 949.0
  },
  "last_training": {
    "episode": 999,
    "training_seed": 1211345,
    "total_reward": 345.0,
    "epsilon": 0.36806348825922275,
    "q_table_size": 23
  },
  "final_epsilon": 0.3676954247709635,
  "q_table_size": 23,
  "objective": "minimize -mean(total_reward); late_order_fraction is recorded for later composite objectives",
  "objective_mean": -114.2,
  "objective_std": 259.2522581065271,
  "total_reward_mean": 114.2,
  "total_reward_std": 259.2522581065271,
  "late_order_fraction_mean": 0.46278236532204264,
  "n_valid_replications": 10,
  "eval_replications": 10,
  "eval_seeds": [
    312345,
    313345,
    314345,
    315345,
    316345,
    317345,
    318345,
    319345,
    320345,
    321345
  ],
  "best_evaluation": {
    "replication": 0,
    "eval_seed": 312345,
    "total_reward": 628.0
  }
}