{
  "stage": "stage1_bo_trial",
  "trial_index": 45,
  "parameters": {
    "alpha": 0.005,
    "gamma": 0.95,
    "target_final_epsilon": 0.22,
    "risk_t1": 360.0,
    "risk_window": 1800.0,
    "epsilon_min": 0.22,
    "epsilon_decay": 0.9984870179804407
  },
  "training_episodes": 1000,
  "n_training_failures": 0,
  "best_training": {
    "episode": 718,
    "training_seed": 930345,
    "total_reward": 1097.0
  },
  "last_training": {
    "episode": 999,
    "training_seed": 1211345,
    "total_reward": 225.0,
    "epsilon": 0.22033336041262586,
    "q_table_size": 23
  },
  "final_epsilon": 0.22000000000001246,
  "q_table_size": 23,
  "objective": "minimize -mean(total_reward); late_order_fraction is recorded for later composite objectives",
  "objective_mean": -106.2,
  "objective_std": 179.47379876863488,
  "total_reward_mean": 106.2,
  "total_reward_std": 179.47379876863488,
  "late_order_fraction_mean": 0.46451056846456823,
  "n_valid_replications": 10,
  "eval_replications": 10,
  "eval_seeds": [
    312345,
    313345,
    314345,
    315345,
    316345,
    317345,
    318345,
    319345,
    320345,
    321345
  ],
  "best_evaluation": {
    "replication": 3,
    "eval_seed": 315345,
    "total_reward": 334.0
  }
}