{
  "stage": "stage1_bo_trial",
  "trial_index": 83,
  "parameters": {
    "alpha": 0.005133809460241451,
    "gamma": 0.5204565563564321,
    "target_final_epsilon": 0.007837456913837146,
    "risk_t1": 175.214912,
    "risk_window": 120.0,
    "epsilon_min": 0.007837456913837146,
    "epsilon_decay": 0.9951628957810372
  },
  "training_episodes": 1000,
  "n_training_failures": 0,
  "best_training": {
    "episode": 668,
    "training_seed": 880345,
    "total_reward": 1129.0
  },
  "last_training": {
    "episode": 999,
    "training_seed": 1211345,
    "total_reward": 565.0,
    "epsilon": 0.00787555177857206,
    "q_table_size": 25
  },
  "final_epsilon": 0.00783745691383727,
  "q_table_size": 25,
  "objective": "minimize -mean(total_reward); late_order_fraction is recorded for later composite objectives",
  "objective_mean": -328.2,
  "objective_std": 241.75506429258334,
  "total_reward_mean": 328.2,
  "total_reward_std": 241.75506429258334,
  "late_order_fraction_mean": 0.42454435427433046,
  "n_valid_replications": 10,
  "eval_replications": 10,
  "eval_seeds": [
    312345,
    313345,
    314345,
    315345,
    316345,
    317345,
    318345,
    319345,
    320345,
    321345
  ],
  "best_evaluation": {
    "replication": 0,
    "eval_seed": 312345,
    "total_reward": 848.0
  }
}