{
  "stage": "stage1_bo_trial",
  "trial_index": 8,
  "parameters": {
    "alpha": 0.23264182947576045,
    "gamma": 0.5056744222994893,
    "target_final_epsilon": 0.07778663717210293,
    "risk_t1": 129.46542710065842,
    "risk_window": 1207.1918908506632,
    "epsilon_min": 0.07778663717210293,
    "epsilon_decay": 0.9747854765809798
  },
  "training_episodes": 100,
  "n_training_failures": 0,
  "best_training": {
    "episode": 91,
    "training_seed": 303345,
    "total_reward": 1101.0
  },
  "last_training": {
    "episode": 99,
    "training_seed": 311345,
    "total_reward": -284.0,
    "epsilon": 0.07979872396636023,
    "q_table_size": 21
  },
  "final_epsilon": 0.07778663717210293,
  "q_table_size": 21,
  "objective": "minimize -mean(total_reward); late_order_fraction is recorded for later composite objectives",
  "objective_mean": -80.2,
  "objective_std": 202.2983495291601,
  "total_reward_mean": 80.2,
  "total_reward_std": 202.2983495291601,
  "late_order_fraction_mean": 0.46907925740313344,
  "n_valid_replications": 10,
  "eval_replications": 10,
  "eval_seeds": [
    312345,
    313345,
    314345,
    315345,
    316345,
    317345,
    318345,
    319345,
    320345,
    321345
  ],
  "best_evaluation": {
    "replication": 0,
    "eval_seed": 312345,
    "total_reward": 408.0
  }
}