{
  "stage": "stage1_bo_trial",
  "trial_index": 11,
  "parameters": {
    "alpha": 0.08,
    "gamma": 0.86644338175387,
    "target_final_epsilon": 0.07658639944819338,
    "risk_t1": 175.214912,
    "risk_window": 758.004,
    "epsilon_min": 0.07658639944819338,
    "epsilon_decay": 0.9974339621471653
  },
  "training_episodes": 1000,
  "n_training_failures": 0,
  "best_training": {
    "episode": 718,
    "training_seed": 930345,
    "total_reward": 1137.0
  },
  "last_training": {
    "episode": 999,
    "training_seed": 1211345,
    "total_reward": 365.0,
    "epsilon": 0.07678342863253758,
    "q_table_size": 24
  },
  "final_epsilon": 0.07658639944819605,
  "q_table_size": 24,
  "objective": "minimize -mean(total_reward); late_order_fraction is recorded for later composite objectives",
  "objective_mean": -284.2,
  "objective_std": 266.24666925407513,
  "total_reward_mean": 284.2,
  "total_reward_std": 266.24666925407513,
  "late_order_fraction_mean": 0.4323611314181858,
  "n_valid_replications": 10,
  "eval_replications": 10,
  "eval_seeds": [
    312345,
    313345,
    314345,
    315345,
    316345,
    317345,
    318345,
    319345,
    320345,
    321345
  ],
  "best_evaluation": {
    "replication": 0,
    "eval_seed": 312345,
    "total_reward": 868.0
  }
}