{
  "method": "bo",
  "run_index": 5,
  "best_parameters": {
    "preparation_capacity": 3,
    "sorting_capacity": 5,
    "analysis1_capacity": 4,
    "analysis2_capacity": 2,
    "evaluation_capacity": 4,
    "dispatching_capacity": 3,
    "worker_capacity": 5
  },
  "best_objective": -0.2531755140037694,
  "aggregated_kpis": {
    "n_orders_completed_mean": 980.6333333333333,
    "n_orders_in_date_mean": 980.6333333333333,
    "n_orders_late_mean": 0.0,
    "n_orders_created_mean": 996.9333333333333,
    "n_orders_incomplete_mean": 16.3,
    "late_order_fraction_mean": 0.0,
    "time_in_system_mean_mean": 23.368871285553166,
    "time_in_system_std_mean": 6.943231424558859,
    "wip_time_in_system_mean_mean": 12.923840293173264,
    "wip_time_in_system_std_mean": 7.996866408694081,
    "wip_time_in_system_min_mean": 2.1115531169306982,
    "wip_time_in_system_max_mean": 29.751267720393663,
    "wip_mean_mean": 16.073155612983083,
    "work_in_progress_mean_mean": 16.073155612983083,
    "completed_norm_mean": 0.983674120524707,
    "late_total_norm_mean": 0.016325879475292883,
    "on_time_loss_norm_mean": 0.01632587947529287,
    "station_capacity_norm_mean": 0.625,
    "worker_capacity_norm_mean": 0.4444444444444445,
    "time_in_system_mean_norm_mean": 0.06491353134875881,
    "time_in_system_std_norm_mean": 0.01928675395710794,
    "objective_completed_contribution_mean": -0.983674120524707,
    "objective_late_contribution_mean": 0.04897763842587864,
    "objective_station_capacity_contribution_mean": 0.5,
    "objective_worker_capacity_contribution_mean": 0.15555555555555556,
    "objective_time_mean_contribution_mean": 0.02596541253950352,
    "objective_time_std_contribution_mean": 0.0
  }
}