{
  "stage": "stage1_bo_trial",
  "trial_index": 3,
  "parameters": {
    "alpha": 0.15729766017291694,
    "gamma": 0.913083851383999,
    "target_final_epsilon": 0.055665525682270525,
    "risk_t1": 175.214912,
    "risk_window": 120.0,
    "epsilon_min": 0.055665525682270525,
    "epsilon_decay": 0.9715292111542789
  },
  "training_episodes": 100,
  "n_training_failures": 0,
  "best_training": {
    "episode": 91,
    "training_seed": 303345,
    "total_reward": 1101.0
  },
  "last_training": {
    "episode": 99,
    "training_seed": 311345,
    "total_reward": -444.0,
    "epsilon": 0.05729681109241563,
    "q_table_size": 21
  },
  "final_epsilon": 0.055665525682270525,
  "q_table_size": 21,
  "objective": "minimize -mean(total_reward); late_order_fraction is recorded for later composite objectives",
  "objective_mean": -58.2,
  "objective_std": 236.89885324050573,
  "total_reward_mean": 58.2,
  "total_reward_std": 236.89885324050573,
  "late_order_fraction_mean": 0.47295667228901,
  "n_valid_replications": 10,
  "eval_replications": 10,
  "eval_seeds": [
    312345,
    313345,
    314345,
    315345,
    316345,
    317345,
    318345,
    319345,
    320345,
    321345
  ],
  "best_evaluation": {
    "replication": 0,
    "eval_seed": 312345,
    "total_reward": 408.0
  }
}