{
  "method": "random_search",
  "run_index": 5,
  "best_parameters": {
    "preparation_capacity": 3,
    "sorting_capacity": 3,
    "analysis1_capacity": 4,
    "analysis2_capacity": 3,
    "evaluation_capacity": 5,
    "dispatching_capacity": 1,
    "worker_capacity": 6
  },
  "best_objective": 0.026502699960507938,
  "aggregated_kpis": {
    "n_orders_completed_mean": 916.6,
    "n_orders_in_date_mean": 916.6,
    "n_orders_late_mean": 0.0,
    "n_orders_created_mean": 996.9666666666667,
    "n_orders_incomplete_mean": 80.36666666666666,
    "late_order_fraction_mean": 0.0,
    "time_in_system_mean_mean": 70.95035404180722,
    "time_in_system_std_mean": 30.05836981156859,
    "wip_time_in_system_mean_mean": 59.25130372998181,
    "wip_time_in_system_std_mean": 34.362899818450835,
    "wip_time_in_system_min_mean": 1.348921041456553,
    "wip_time_in_system_max_mean": 122.70928950439144,
    "wip_mean_mean": 48.80360443717563,
    "work_in_progress_mean_mean": 48.80360443717563,
    "completed_norm_mean": 0.9200272011325972,
    "late_total_norm_mean": 0.07997279886740276,
    "on_time_loss_norm_mean": 0.07997279886740276,
    "station_capacity_norm_mean": 0.5416666666666665,
    "worker_capacity_norm_mean": 0.5555555555555556,
    "time_in_system_mean_norm_mean": 0.19708431678279784,
    "time_in_system_std_norm_mean": 0.08349547169880166,
    "objective_completed_contribution_mean": -0.9200272011325972,
    "objective_late_contribution_mean": 0.23991839660220826,
    "objective_station_capacity_contribution_mean": 0.4333333333333334,
    "objective_worker_capacity_contribution_mean": 0.1944444444444445,
    "objective_time_mean_contribution_mean": 0.07883372671311913,
    "objective_time_std_contribution_mean": 0.0
  }
}