{
  "stage": "stage1_bo_trial",
  "trial_index": 85,
  "parameters": {
    "alpha": 0.008914653934397962,
    "gamma": 0.2,
    "target_final_epsilon": 0.03316072585166826,
    "risk_t1": 175.214912,
    "risk_window": 758.004,
    "epsilon_min": 0.03316072585166826,
    "epsilon_decay": 0.9965994061015742
  },
  "training_episodes": 1000,
  "n_training_failures": 0,
  "best_training": {
    "episode": 718,
    "training_seed": 930345,
    "total_reward": 1177.0
  },
  "last_training": {
    "episode": 999,
    "training_seed": 1211345,
    "total_reward": 485.0,
    "epsilon": 0.03327387679407152,
    "q_table_size": 24
  },
  "final_epsilon": 0.033160725851668627,
  "q_table_size": 24,
  "objective": "minimize -mean(total_reward); late_order_fraction is recorded for later composite objectives",
  "objective_mean": -140.2,
  "objective_std": 264.62585747512367,
  "total_reward_mean": 140.2,
  "total_reward_std": 264.62585747512367,
  "late_order_fraction_mean": 0.4580810202324338,
  "n_valid_replications": 10,
  "eval_replications": 10,
  "eval_seeds": [
    312345,
    313345,
    314345,
    315345,
    316345,
    317345,
    318345,
    319345,
    320345,
    321345
  ],
  "best_evaluation": {
    "replication": 0,
    "eval_seed": 312345,
    "total_reward": 608.0
  }
}