{
  "stage": "stage2_candidate",
  "candidate_rank": 1,
  "source_trial_index": 91,
  "parameters": {
    "alpha": 0.009771410304248,
    "gamma": 0.95,
    "target_final_epsilon": 0.0005,
    "risk_t1": 175.214912,
    "risk_window": 758.004,
    "epsilon_min": 0.0005,
    "epsilon_decay": 0.999240198549462
  },
  "q_table_path": "/cfs/earth/scratch/freyfab2/BA/BA-Simulation-Optimization/RL/rl_tuning_hpc/stage2/candidate_rank_01_trial_091/q_table.pkl",
  "training_episodes": 10000,
  "n_training_failures": 0,
  "best_training": {
    "episode": 3549,
    "training_seed": 3761345,
    "total_reward": 1590.0
  },
  "last_training": {
    "episode": 9999,
    "training_seed": 10211345,
    "total_reward": -13.0,
    "epsilon": 0.0005003801895940614,
    "q_table_size": 25
  },
  "final_epsilon": 0.0005000000000001874,
  "q_table_size": 25,
  "objective": "minimize -mean(total_reward); late_order_fraction is recorded for later composite objectives",
  "objective_mean": -162.83333333333334,
  "objective_std": 328.3477008350723,
  "total_reward_mean": 162.83333333333334,
  "total_reward_std": 328.3477008350723,
  "late_order_fraction_mean": 0.45524635989762435,
  "n_valid_replications": 30,
  "eval_replications": 30,
  "eval_seeds": [
    312345,
    313345,
    314345,
    315345,
    316345,
    317345,
    318345,
    319345,
    320345,
    321345,
    322345,
    323345,
    324345,
    325345,
    326345,
    327345,
    328345,
    329345,
    330345,
    331345,
    332345,
    333345,
    334345,
    335345,
    336345,
    337345,
    338345,
    339345,
    340345,
    341345
  ],
  "best_evaluation": {
    "replication": 26,
    "eval_seed": 338345,
    "total_reward": 963.0
  },
  "candidate_dir": "/cfs/earth/scratch/freyfab2/BA/BA-Simulation-Optimization/RL/rl_tuning_hpc/stage2/candidate_rank_01_trial_091",
  "stage1_objective_mean": -346.2,
  "stage1_total_reward_mean": 346.2
}