{
  "stage": "stage1_bo_trial",
  "trial_index": 19,
  "parameters": {
    "alpha": 0.3107429400002529,
    "gamma": 0.4196323658756434,
    "target_final_epsilon": 0.04249854437299976,
    "risk_t1": 175.214912,
    "risk_window": 758.004,
    "epsilon_min": 0.04249854437299976,
    "epsilon_decay": 0.9689106744827359
  },
  "training_episodes": 100,
  "n_training_failures": 0,
  "best_training": {
    "episode": 91,
    "training_seed": 303345,
    "total_reward": 1061.0
  },
  "last_training": {
    "episode": 99,
    "training_seed": 311345,
    "total_reward": -244.0,
    "epsilon": 0.04386219028465987,
    "q_table_size": 21
  },
  "final_epsilon": 0.0424985443729999,
  "q_table_size": 21,
  "objective": "minimize -mean(total_reward); late_order_fraction is recorded for later composite objectives",
  "objective_mean": -202.2,
  "objective_std": 245.55461035514415,
  "total_reward_mean": 202.2,
  "total_reward_std": 245.55461035514415,
  "late_order_fraction_mean": 0.4472768102357638,
  "n_valid_replications": 10,
  "eval_replications": 10,
  "eval_seeds": [
    312345,
    313345,
    314345,
    315345,
    316345,
    317345,
    318345,
    319345,
    320345,
    321345
  ],
  "best_evaluation": {
    "replication": 3,
    "eval_seed": 315345,
    "total_reward": 534.0
  }
}