{
  "stage": "stage1_bo_trial",
  "trial_index": 45,
  "parameters": {
    "alpha": 0.06181376110245918,
    "gamma": 0.95,
    "target_final_epsilon": 0.04192035158574532,
    "risk_t1": 175.214912,
    "risk_window": 758.004,
    "epsilon_min": 0.04192035158574532,
    "epsilon_decay": 0.9968330415739111
  },
  "training_episodes": 1000,
  "n_training_failures": 0,
  "best_training": {
    "episode": 518,
    "training_seed": 730345,
    "total_reward": 1229.0
  },
  "last_training": {
    "episode": 999,
    "training_seed": 1211345,
    "total_reward": 365.0,
    "epsilon": 0.042053533377623124,
    "q_table_size": 23
  },
  "final_epsilon": 0.04192035158574605,
  "q_table_size": 23,
  "objective": "minimize -mean(total_reward); late_order_fraction is recorded for later composite objectives",
  "objective_mean": -122.2,
  "objective_std": 197.15577597422805,
  "total_reward_mean": 122.2,
  "total_reward_std": 197.15577597422805,
  "late_order_fraction_mean": 0.46153257722212543,
  "n_valid_replications": 10,
  "eval_replications": 10,
  "eval_seeds": [
    312345,
    313345,
    314345,
    315345,
    316345,
    317345,
    318345,
    319345,
    320345,
    321345
  ],
  "best_evaluation": {
    "replication": 0,
    "eval_seed": 312345,
    "total_reward": 508.0
  }
}