{
  "stage": "stage1_bo_trial",
  "trial_index": 6,
  "parameters": {
    "alpha": 0.0001,
    "gamma": 0.940010138046064,
    "target_final_epsilon": 0.05488991356501406,
    "risk_t1": 175.214912,
    "risk_window": 758.004,
    "epsilon_min": 0.05488991356501406,
    "epsilon_decay": 0.9713929013837912
  },
  "training_episodes": 100,
  "n_training_failures": 0,
  "best_training": {
    "episode": 91,
    "training_seed": 303345,
    "total_reward": 621.0
  },
  "last_training": {
    "episode": 99,
    "training_seed": 311345,
    "total_reward": -244.0,
    "epsilon": 0.05650639765518276,
    "q_table_size": 20
  },
  "final_epsilon": 0.05488991356501424,
  "q_table_size": 20,
  "objective": "minimize -mean(total_reward); late_order_fraction is recorded for later composite objectives",
  "objective_mean": -12.2,
  "objective_std": 183.74910430620696,
  "total_reward_mean": 12.2,
  "total_reward_std": 183.74910430620696,
  "late_order_fraction_mean": 0.4811702999498716,
  "n_valid_replications": 10,
  "eval_replications": 10,
  "eval_seeds": [
    312345,
    313345,
    314345,
    315345,
    316345,
    317345,
    318345,
    319345,
    320345,
    321345
  ],
  "best_evaluation": {
    "replication": 0,
    "eval_seed": 312345,
    "total_reward": 468.0
  }
}