{
  "stage": "stage1_bo_trial",
  "trial_index": 45,
  "parameters": {
    "alpha": 0.327260580395537,
    "gamma": 0.99,
    "target_final_epsilon": 0.07390306054746587,
    "risk_t1": 155.40219058523766,
    "risk_window": 1440.0,
    "epsilon_min": 0.07390306054746587,
    "epsilon_decay": 0.99739838903368
  },
  "training_episodes": 1000,
  "n_training_failures": 0,
  "best_training": {
    "episode": 598,
    "training_seed": 810345,
    "total_reward": 1135.0
  },
  "last_training": {
    "episode": 999,
    "training_seed": 1211345,
    "total_reward": 405.0,
    "epsilon": 0.07409582906893127,
    "q_table_size": 24
  },
  "final_epsilon": 0.07390306054746697,
  "q_table_size": 24,
  "objective": "minimize -mean(total_reward); late_order_fraction is recorded for later composite objectives",
  "objective_mean": -158.2,
  "objective_std": 215.07869360874508,
  "total_reward_mean": 158.2,
  "total_reward_std": 215.07869360874508,
  "late_order_fraction_mean": 0.45510991476850526,
  "n_valid_replications": 10,
  "eval_replications": 10,
  "eval_seeds": [
    312345,
    313345,
    314345,
    315345,
    316345,
    317345,
    318345,
    319345,
    320345,
    321345
  ],
  "best_evaluation": {
    "replication": 0,
    "eval_seed": 312345,
    "total_reward": 548.0
  }
}