{
  "stage": "stage1_bo_trial",
  "trial_index": 14,
  "parameters": {
    "alpha": 0.0001,
    "gamma": 0.8,
    "target_final_epsilon": 0.007504496503016439,
    "risk_t1": 175.214912,
    "risk_window": 758.004,
    "epsilon_min": 0.007504496503016439,
    "epsilon_decay": 0.9522548989388062
  },
  "training_episodes": 100,
  "n_training_failures": 0,
  "best_training": {
    "episode": 91,
    "training_seed": 303345,
    "total_reward": 1261.0
  },
  "last_training": {
    "episode": 99,
    "training_seed": 311345,
    "total_reward": -384.0,
    "epsilon": 0.007880764395520037,
    "q_table_size": 20
  },
  "final_epsilon": 0.007504496503016475,
  "q_table_size": 20,
  "objective": "minimize -mean(total_reward); late_order_fraction is recorded for later composite objectives",
  "objective_mean": -270.2,
  "objective_std": 260.3846727013281,
  "total_reward_mean": 270.2,
  "total_reward_std": 260.3846727013281,
  "late_order_fraction_mean": 0.4348863862382942,
  "n_valid_replications": 10,
  "eval_replications": 10,
  "eval_seeds": [
    312345,
    313345,
    314345,
    315345,
    316345,
    317345,
    318345,
    319345,
    320345,
    321345
  ],
  "best_evaluation": {
    "replication": 0,
    "eval_seed": 312345,
    "total_reward": 828.0
  }
}