{
  "stage": "stage1_bo_trial",
  "trial_index": 7,
  "parameters": {
    "alpha": 0.20900153725873677,
    "gamma": 0.6428868764080107,
    "target_final_epsilon": 0.14354344967752694,
    "risk_t1": 81.24252378940582,
    "risk_window": 132.21288956701756,
    "epsilon_min": 0.14354344967752694,
    "epsilon_decay": 0.9980607652457694
  },
  "training_episodes": 1000,
  "n_training_failures": 0,
  "best_training": {
    "episode": 718,
    "training_seed": 930345,
    "total_reward": 1157.0
  },
  "last_training": {
    "episode": 999,
    "training_seed": 1211345,
    "total_reward": 505.0,
    "epsilon": 0.14382235498674673,
    "q_table_size": 24
  },
  "final_epsilon": 0.14354344967752694,
  "q_table_size": 24,
  "objective": "minimize -mean(total_reward); late_order_fraction is recorded for later composite objectives",
  "objective_mean": -130.2,
  "objective_std": 255.8909489954222,
  "total_reward_mean": 130.2,
  "total_reward_std": 255.8909489954222,
  "late_order_fraction_mean": 0.45996214484555364,
  "n_valid_replications": 10,
  "eval_replications": 10,
  "eval_seeds": [
    312345,
    313345,
    314345,
    315345,
    316345,
    317345,
    318345,
    319345,
    320345,
    321345
  ],
  "best_evaluation": {
    "replication": 0,
    "eval_seed": 312345,
    "total_reward": 628.0
  }
}