{
  "stage": "stage1_bo_trial",
  "trial_index": 84,
  "parameters": {
    "alpha": 0.07203817625224086,
    "gamma": 0.8,
    "target_final_epsilon": 0.0506894076740213,
    "risk_t1": 175.214912,
    "risk_window": 758.004,
    "epsilon_min": 0.0506894076740213,
    "epsilon_decay": 0.997022403548055
  },
  "training_episodes": 1000,
  "n_training_failures": 0,
  "best_training": {
    "episode": 718,
    "training_seed": 930345,
    "total_reward": 1137.0
  },
  "last_training": {
    "episode": 999,
    "training_seed": 1211345,
    "total_reward": 485.0,
    "epsilon": 0.05084079103301408,
    "q_table_size": 24
  },
  "final_epsilon": 0.0506894076740213,
  "q_table_size": 24,
  "objective": "minimize -mean(total_reward); late_order_fraction is recorded for later composite objectives",
  "objective_mean": -82.2,
  "objective_std": 271.062436431986,
  "total_reward_mean": 82.2,
  "total_reward_std": 271.062436431986,
  "late_order_fraction_mean": 0.4685660964155624,
  "n_valid_replications": 10,
  "eval_replications": 10,
  "eval_seeds": [
    312345,
    313345,
    314345,
    315345,
    316345,
    317345,
    318345,
    319345,
    320345,
    321345
  ],
  "best_evaluation": {
    "replication": 0,
    "eval_seed": 312345,
    "total_reward": 608.0
  }
}