{
  "stage": "stage1_bo_trial",
  "trial_index": 53,
  "parameters": {
    "alpha": 0.004754449680947193,
    "gamma": 0.95,
    "target_final_epsilon": 0.002531694145698346,
    "risk_t1": 175.214912,
    "risk_window": 758.004,
    "epsilon_min": 0.002531694145698346,
    "epsilon_decay": 0.9940389712774845
  },
  "training_episodes": 1000,
  "n_training_failures": 0,
  "best_training": {
    "episode": 718,
    "training_seed": 930345,
    "total_reward": 1197.0
  },
  "last_training": {
    "episode": 999,
    "training_seed": 1211345,
    "total_reward": 485.0,
    "epsilon": 0.0025468761475666464,
    "q_table_size": 23
  },
  "final_epsilon": 0.002531694145698346,
  "q_table_size": 23,
  "objective": "minimize -mean(total_reward); late_order_fraction is recorded for later composite objectives",
  "objective_mean": -122.2,
  "objective_std": 262.57561873783243,
  "total_reward_mean": 122.2,
  "total_reward_std": 262.57561873783243,
  "late_order_fraction_mean": 0.4613724419680244,
  "n_valid_replications": 10,
  "eval_replications": 10,
  "eval_seeds": [
    312345,
    313345,
    314345,
    315345,
    316345,
    317345,
    318345,
    319345,
    320345,
    321345
  ],
  "best_evaluation": {
    "replication": 0,
    "eval_seed": 312345,
    "total_reward": 608.0
  }
}