{
  "stage": "stage1_bo_trial",
  "trial_index": 53,
  "parameters": {
    "alpha": 0.2942111666493199,
    "gamma": 0.5,
    "target_final_epsilon": 0.10115124453349893,
    "risk_t1": 0.0,
    "risk_window": 1440.0,
    "epsilon_min": 0.10115124453349893,
    "epsilon_decay": 0.9977114842426703
  },
  "training_episodes": 1000,
  "n_training_failures": 0,
  "best_training": {
    "episode": 668,
    "training_seed": 880345,
    "total_reward": 969.0
  },
  "last_training": {
    "episode": 999,
    "training_seed": 1211345,
    "total_reward": 225.0,
    "epsilon": 0.10138326172548845,
    "q_table_size": 23
  },
  "final_epsilon": 0.10115124453350019,
  "q_table_size": 23,
  "objective": "minimize -mean(total_reward); late_order_fraction is recorded for later composite objectives",
  "objective_mean": -48.2,
  "objective_std": 215.55344787056617,
  "total_reward_mean": 48.2,
  "total_reward_std": 215.55344787056617,
  "late_order_fraction_mean": 0.47481375917334934,
  "n_valid_replications": 10,
  "eval_replications": 10,
  "eval_seeds": [
    312345,
    313345,
    314345,
    315345,
    316345,
    317345,
    318345,
    319345,
    320345,
    321345
  ],
  "best_evaluation": {
    "replication": 0,
    "eval_seed": 312345,
    "total_reward": 328.0
  }
}