{
  "stage": "stage1_bo_trial",
  "trial_index": 17,
  "parameters": {
    "alpha": 0.01982979639387952,
    "gamma": 0.1830714440334622,
    "target_final_epsilon": 0.01433068180740715,
    "risk_t1": 175.214912,
    "risk_window": 758.004,
    "epsilon_min": 0.01433068180740715,
    "epsilon_decay": 0.9957636463106807
  },
  "training_episodes": 1000,
  "n_training_failures": 0,
  "best_training": {
    "episode": 718,
    "training_seed": 930345,
    "total_reward": 1177.0
  },
  "last_training": {
    "episode": 999,
    "training_seed": 1211345,
    "total_reward": 505.0,
    "epsilon": 0.014391649926669357,
    "q_table_size": 24
  },
  "final_epsilon": 0.01433068180740715,
  "q_table_size": 24,
  "objective": "minimize -mean(total_reward); late_order_fraction is recorded for later composite objectives",
  "objective_mean": -92.2,
  "objective_std": 253.70884450049783,
  "total_reward_mean": 92.2,
  "total_reward_std": 253.70884450049783,
  "late_order_fraction_mean": 0.46671417734157633,
  "n_valid_replications": 10,
  "eval_replications": 10,
  "eval_seeds": [
    312345,
    313345,
    314345,
    315345,
    316345,
    317345,
    318345,
    319345,
    320345,
    321345
  ],
  "best_evaluation": {
    "replication": 0,
    "eval_seed": 312345,
    "total_reward": 528.0
  }
}