{
  "stage": "stage1_bo_trial",
  "trial_index": 93,
  "parameters": {
    "alpha": 0.005520110863793875,
    "gamma": 0.3619341036327004,
    "target_final_epsilon": 0.023257007991295948,
    "risk_t1": 175.214912,
    "risk_window": 758.004,
    "epsilon_min": 0.023257007991295948,
    "epsilon_decay": 0.9962459154873082
  },
  "training_episodes": 1000,
  "n_training_failures": 0,
  "best_training": {
    "episode": 518,
    "training_seed": 730345,
    "total_reward": 1129.0
  },
  "last_training": {
    "episode": 999,
    "training_seed": 1211345,
    "total_reward": 345.0,
    "epsilon": 0.023344645764415094,
    "q_table_size": 24
  },
  "final_epsilon": 0.023257007991296628,
  "q_table_size": 24,
  "objective": "minimize -mean(total_reward); late_order_fraction is recorded for later composite objectives",
  "objective_mean": -166.2,
  "objective_std": 199.3371237097819,
  "total_reward_mean": 166.2,
  "total_reward_std": 199.3371237097819,
  "late_order_fraction_mean": 0.4535957294279053,
  "n_valid_replications": 10,
  "eval_replications": 10,
  "eval_seeds": [
    312345,
    313345,
    314345,
    315345,
    316345,
    317345,
    318345,
    319345,
    320345,
    321345
  ],
  "best_evaluation": {
    "replication": 0,
    "eval_seed": 312345,
    "total_reward": 548.0
  }
}