{
  "stage": "stage2_candidate",
  "candidate_rank": 5,
  "source_trial_index": 43,
  "parameters": {
    "alpha": 0.0188789763627953,
    "gamma": 0.95,
    "target_final_epsilon": 0.0119319630651844,
    "risk_t1": 175.214912,
    "risk_window": 120.0,
    "epsilon_min": 0.0119319630651844,
    "epsilon_decay": 0.999557244594338
  },
  "q_table_path": "/cfs/earth/scratch/freyfab2/BA/BA-Simulation-Optimization/RL/rl_tuning_hpc_fixed120/stage2/candidate_rank_05_trial_043/q_table.pkl",
  "training_episodes": 10000,
  "n_training_failures": 0,
  "best_training": {
    "episode": 7830,
    "training_seed": 8042345,
    "total_reward": 1466.0
  },
  "last_training": {
    "episode": 9999,
    "training_seed": 10211345,
    "total_reward": -13.0,
    "epsilon": 0.011937248346418228,
    "q_table_size": 26
  },
  "final_epsilon": 0.0119319630651844,
  "q_table_size": 26,
  "objective": "minimize -mean(total_reward); late_order_fraction is recorded for later composite objectives",
  "objective_mean": -88.83333333333333,
  "objective_std": 323.0892994240119,
  "total_reward_mean": 88.83333333333333,
  "total_reward_std": 323.0892994240119,
  "late_order_fraction_mean": 0.46853585896247935,
  "n_valid_replications": 30,
  "eval_replications": 30,
  "eval_seeds": [
    312345,
    313345,
    314345,
    315345,
    316345,
    317345,
    318345,
    319345,
    320345,
    321345,
    322345,
    323345,
    324345,
    325345,
    326345,
    327345,
    328345,
    329345,
    330345,
    331345,
    332345,
    333345,
    334345,
    335345,
    336345,
    337345,
    338345,
    339345,
    340345,
    341345
  ],
  "best_evaluation": {
    "replication": 26,
    "eval_seed": 338345,
    "total_reward": 983.0
  },
  "candidate_dir": "/cfs/earth/scratch/freyfab2/BA/BA-Simulation-Optimization/RL/rl_tuning_hpc_fixed120/stage2/candidate_rank_05_trial_043",
  "stage1_objective_mean": -340.2,
  "stage1_total_reward_mean": 340.2
}