{
  "stage": "stage1_bo_trial",
  "trial_index": 46,
  "parameters": {
    "alpha": 0.05365027263276267,
    "gamma": 0.8,
    "target_final_epsilon": 0.0005,
    "risk_t1": 175.214912,
    "risk_window": 758.004,
    "epsilon_min": 0.0005,
    "epsilon_decay": 0.9924279113496888
  },
  "training_episodes": 1000,
  "n_training_failures": 0,
  "best_training": {
    "episode": 633,
    "training_seed": 845345,
    "total_reward": 1147.0
  },
  "last_training": {
    "episode": 999,
    "training_seed": 1211345,
    "total_reward": 125.0,
    "epsilon": 0.0005038149313233107,
    "q_table_size": 23
  },
  "final_epsilon": 0.0005,
  "q_table_size": 23,
  "objective": "minimize -mean(total_reward); late_order_fraction is recorded for later composite objectives",
  "objective_mean": -134.2,
  "objective_std": 205.08686506507973,
  "total_reward_mean": 134.2,
  "total_reward_std": 205.08686506507973,
  "late_order_fraction_mean": 0.459507173607068,
  "n_valid_replications": 10,
  "eval_replications": 10,
  "eval_seeds": [
    312345,
    313345,
    314345,
    315345,
    316345,
    317345,
    318345,
    319345,
    320345,
    321345
  ],
  "best_evaluation": {
    "replication": 3,
    "eval_seed": 315345,
    "total_reward": 414.0
  }
}