{
  "stage": "stage1_bo_trial",
  "trial_index": 5,
  "parameters": {
    "alpha": 0.5906996184587479,
    "gamma": 0.8225928554777056,
    "target_final_epsilon": 0.19671458050608634,
    "risk_t1": 175.214912,
    "risk_window": 758.004,
    "epsilon_min": 0.19671458050608634,
    "epsilon_decay": 0.9838714661361333
  },
  "training_episodes": 100,
  "n_training_failures": 0,
  "best_training": {
    "episode": 91,
    "training_seed": 303345,
    "total_reward": 821.0
  },
  "last_training": {
    "episode": 99,
    "training_seed": 311345,
    "total_reward": -324.0,
    "epsilon": 0.19993930841253615,
    "q_table_size": 20
  },
  "final_epsilon": 0.19671458050608648,
  "q_table_size": 20,
  "objective": "minimize -mean(total_reward); late_order_fraction is recorded for later composite objectives",
  "objective_mean": -186.2,
  "objective_std": 232.23015403785197,
  "total_reward_mean": 186.2,
  "total_reward_std": 232.23015403785197,
  "late_order_fraction_mean": 0.44996265655239664,
  "n_valid_replications": 10,
  "eval_replications": 10,
  "eval_seeds": [
    312345,
    313345,
    314345,
    315345,
    316345,
    317345,
    318345,
    319345,
    320345,
    321345
  ],
  "best_evaluation": {
    "replication": 0,
    "eval_seed": 312345,
    "total_reward": 648.0
  }
}