{
  "method": "bo",
  "run_index": 14,
  "best_parameters": {
    "preparation_capacity": 4,
    "sorting_capacity": 5,
    "analysis1_capacity": 5,
    "analysis2_capacity": 3,
    "evaluation_capacity": 5,
    "dispatching_capacity": 1,
    "worker_capacity": 9
  },
  "best_objective": -0.03133099175103102,
  "aggregated_kpis": {
    "n_orders_completed_mean": 978.1333333333333,
    "n_orders_in_date_mean": 978.1333333333333,
    "n_orders_late_mean": 0.0,
    "n_orders_created_mean": 994.5666666666667,
    "n_orders_incomplete_mean": 16.433333333333334,
    "late_order_fraction_mean": 0.0,
    "time_in_system_mean_mean": 22.47739209816966,
    "time_in_system_std_mean": 6.341242595990832,
    "wip_time_in_system_mean_mean": 12.818580905772672,
    "wip_time_in_system_std_mean": 7.96351788678996,
    "wip_time_in_system_min_mean": 1.6333751123539666,
    "wip_time_in_system_max_mean": 29.68429841650762,
    "wip_mean_mean": 15.421752927113882,
    "work_in_progress_mean_mean": 15.421752927113882,
    "completed_norm_mean": 0.9835209124094715,
    "late_total_norm_mean": 0.01647908759052844,
    "on_time_loss_norm_mean": 0.01647908759052845,
    "station_capacity_norm_mean": 0.7083333333333331,
    "worker_capacity_norm_mean": 0.888888888888889,
    "time_in_system_mean_norm_mean": 0.062437200272693484,
    "time_in_system_std_norm_mean": 0.0176145627666412,
    "objective_completed_contribution_mean": -0.9835209124094715,
    "objective_late_contribution_mean": 0.04943726277158532,
    "objective_station_capacity_contribution_mean": 0.5666666666666667,
    "objective_worker_capacity_contribution_mean": 0.3111111111111111,
    "objective_time_mean_contribution_mean": 0.02497488010907739,
    "objective_time_std_contribution_mean": 0.0
  }
}