{
  "method": "bo",
  "run_index": 8,
  "best_parameters": {
    "preparation_capacity": 2,
    "sorting_capacity": 4,
    "analysis1_capacity": 5,
    "analysis2_capacity": 3,
    "evaluation_capacity": 4,
    "dispatching_capacity": 2,
    "worker_capacity": 10
  },
  "best_objective": -0.08766256245885422,
  "aggregated_kpis": {
    "n_orders_completed_mean": 978.2,
    "n_orders_in_date_mean": 978.2,
    "n_orders_late_mean": 0.0,
    "n_orders_created_mean": 995.5333333333333,
    "n_orders_incomplete_mean": 17.333333333333332,
    "late_order_fraction_mean": 0.0,
    "time_in_system_mean_mean": 23.55963904174059,
    "time_in_system_std_mean": 6.947051769022702,
    "wip_time_in_system_mean_mean": 13.497782226859242,
    "wip_time_in_system_std_mean": 9.223054103221779,
    "wip_time_in_system_min_mean": 1.4905979132394047,
    "wip_time_in_system_max_mean": 34.28442096746175,
    "wip_mean_mean": 16.176561102367803,
    "work_in_progress_mean_mean": 16.176561102367803,
    "completed_norm_mean": 0.9826266514596415,
    "late_total_norm_mean": 0.017373348540358494,
    "on_time_loss_norm_mean": 0.017373348540358505,
    "station_capacity_norm_mean": 0.5833333333333334,
    "worker_capacity_norm_mean": 1.0,
    "time_in_system_mean_norm_mean": 0.06544344178261276,
    "time_in_system_std_norm_mean": 0.019297366025063063,
    "objective_completed_contribution_mean": -0.9826266514596415,
    "objective_late_contribution_mean": 0.052120045621075486,
    "objective_station_capacity_contribution_mean": 0.46666666666666673,
    "objective_worker_capacity_contribution_mean": 0.34999999999999987,
    "objective_time_mean_contribution_mean": 0.026177376713045104,
    "objective_time_std_contribution_mean": 0.0
  }
}