{
  "stage": "stage1_bo_trial",
  "trial_index": 68,
  "parameters": {
    "alpha": 0.02756830171657073,
    "gamma": 0.8,
    "target_final_epsilon": 0.028583112316071156,
    "risk_t1": 175.214912,
    "risk_window": 758.004,
    "epsilon_min": 0.028583112316071156,
    "epsilon_decay": 0.9964513721013953
  },
  "training_episodes": 1000,
  "n_training_failures": 0,
  "best_training": {
    "episode": 126,
    "training_seed": 338345,
    "total_reward": 1223.0
  },
  "last_training": {
    "episode": 999,
    "training_seed": 1211345,
    "total_reward": 405.0,
    "epsilon": 0.02868490436798056,
    "q_table_size": 23
  },
  "final_epsilon": 0.028583112316071538,
  "q_table_size": 23,
  "objective": "minimize -mean(total_reward); late_order_fraction is recorded for later composite objectives",
  "objective_mean": -114.2,
  "objective_std": 150.68200511894798,
  "total_reward_mean": 114.2,
  "total_reward_std": 150.68200511894798,
  "late_order_fraction_mean": 0.46296530250547707,
  "n_valid_replications": 10,
  "eval_replications": 10,
  "eval_seeds": [
    312345,
    313345,
    314345,
    315345,
    316345,
    317345,
    318345,
    319345,
    320345,
    321345
  ],
  "best_evaluation": {
    "replication": 0,
    "eval_seed": 312345,
    "total_reward": 448.0
  }
}