{
  "stage": "stage1_bo_trial",
  "trial_index": 53,
  "parameters": {
    "alpha": 0.01885182449352167,
    "gamma": 0.8,
    "target_final_epsilon": 0.06708694768212188,
    "risk_t1": 175.214912,
    "risk_window": 758.004,
    "epsilon_min": 0.06708694768212188,
    "epsilon_decay": 0.9973018807101164
  },
  "training_episodes": 1000,
  "n_training_failures": 0,
  "best_training": {
    "episode": 934,
    "training_seed": 1146345,
    "total_reward": 1182.0
  },
  "last_training": {
    "episode": 999,
    "training_seed": 1211345,
    "total_reward": 405.0,
    "epsilon": 0.06726844597380381,
    "q_table_size": 23
  },
  "final_epsilon": 0.06708694768212188,
  "q_table_size": 23,
  "objective": "minimize -mean(total_reward); late_order_fraction is recorded for later composite objectives",
  "objective_mean": -126.2,
  "objective_std": 208.75759467222582,
  "total_reward_mean": 126.2,
  "total_reward_std": 208.75759467222582,
  "late_order_fraction_mean": 0.4607827084149328,
  "n_valid_replications": 10,
  "eval_replications": 10,
  "eval_seeds": [
    312345,
    313345,
    314345,
    315345,
    316345,
    317345,
    318345,
    319345,
    320345,
    321345
  ],
  "best_evaluation": {
    "replication": 0,
    "eval_seed": 312345,
    "total_reward": 568.0
  }
}