{
  "stage": "stage1_bo_trial",
  "trial_index": 33,
  "parameters": {
    "alpha": 0.6624669143770331,
    "gamma": 0.2,
    "target_final_epsilon": 0.22,
    "risk_t1": 198.14241825452066,
    "risk_window": 1800.0,
    "epsilon_min": 0.22,
    "epsilon_decay": 0.9984870179804407
  },
  "training_episodes": 1000,
  "n_training_failures": 0,
  "best_training": {
    "episode": 91,
    "training_seed": 303345,
    "total_reward": 961.0
  },
  "last_training": {
    "episode": 999,
    "training_seed": 1211345,
    "total_reward": 225.0,
    "epsilon": 0.22033336041262586,
    "q_table_size": 23
  },
  "final_epsilon": 0.22000000000001246,
  "q_table_size": 23,
  "objective": "minimize -mean(total_reward); late_order_fraction is recorded for later composite objectives",
  "objective_mean": -150.2,
  "objective_std": 252.53417810488762,
  "total_reward_mean": 150.2,
  "total_reward_std": 252.53417810488762,
  "late_order_fraction_mean": 0.4563828204517349,
  "n_valid_replications": 10,
  "eval_replications": 10,
  "eval_seeds": [
    312345,
    313345,
    314345,
    315345,
    316345,
    317345,
    318345,
    319345,
    320345,
    321345
  ],
  "best_evaluation": {
    "replication": 0,
    "eval_seed": 312345,
    "total_reward": 668.0
  }
}