{
  "stage": "stage1_bo_trial",
  "trial_index": 42,
  "parameters": {
    "alpha": 0.012393187517044553,
    "gamma": 0.11661279332289821,
    "target_final_epsilon": 0.04431849628648157,
    "risk_t1": 175.214912,
    "risk_window": 758.004,
    "epsilon_min": 0.04431849628648157,
    "epsilon_decay": 0.9968884976226223
  },
  "training_episodes": 1000,
  "n_training_failures": 0,
  "best_training": {
    "episode": 518,
    "training_seed": 730345,
    "total_reward": 1129.0
  },
  "last_training": {
    "episode": 999,
    "training_seed": 1211345,
    "total_reward": 485.0,
    "epsilon": 0.04445682379942455,
    "q_table_size": 23
  },
  "final_epsilon": 0.044318496286481976,
  "q_table_size": 23,
  "objective": "minimize -mean(total_reward); late_order_fraction is recorded for later composite objectives",
  "objective_mean": -110.2,
  "objective_std": 251.21960291523607,
  "total_reward_mean": 110.2,
  "total_reward_std": 251.21960291523607,
  "late_order_fraction_mean": 0.4635666474548727,
  "n_valid_replications": 10,
  "eval_replications": 10,
  "eval_seeds": [
    312345,
    313345,
    314345,
    315345,
    316345,
    317345,
    318345,
    319345,
    320345,
    321345
  ],
  "best_evaluation": {
    "replication": 0,
    "eval_seed": 312345,
    "total_reward": 528.0
  }
}