{
  "stage": "stage1_bo_trial",
  "trial_index": 57,
  "parameters": {
    "alpha": 0.07185715625139051,
    "gamma": 0.06977686267111863,
    "target_final_epsilon": 0.027115392859825643,
    "risk_t1": 175.214912,
    "risk_window": 758.004,
    "epsilon_min": 0.027115392859825643,
    "epsilon_decay": 0.9963988460538565
  },
  "training_episodes": 1000,
  "n_training_failures": 0,
  "best_training": {
    "episode": 126,
    "training_seed": 338345,
    "total_reward": 1163.0
  },
  "last_training": {
    "episode": 999,
    "training_seed": 1211345,
    "total_reward": 485.0,
    "epsilon": 0.027213392475527353,
    "q_table_size": 24
  },
  "final_epsilon": 0.027115392859826157,
  "q_table_size": 24,
  "objective": "minimize -mean(total_reward); late_order_fraction is recorded for later composite objectives",
  "objective_mean": -106.2,
  "objective_std": 246.0662963963619,
  "total_reward_mean": 106.2,
  "total_reward_std": 246.0662963963619,
  "late_order_fraction_mean": 0.4642870542207603,
  "n_valid_replications": 10,
  "eval_replications": 10,
  "eval_seeds": [
    312345,
    313345,
    314345,
    315345,
    316345,
    317345,
    318345,
    319345,
    320345,
    321345
  ],
  "best_evaluation": {
    "replication": 0,
    "eval_seed": 312345,
    "total_reward": 508.0
  }
}