{
  "stage": "stage1_bo_trial",
  "trial_index": 57,
  "parameters": {
    "alpha": 0.01896422751598254,
    "gamma": 0.9295541887434252,
    "target_final_epsilon": 0.030478221515324453,
    "risk_t1": 175.214912,
    "risk_window": 120.0,
    "epsilon_min": 0.030478221515324453,
    "epsilon_decay": 0.996515342660792
  },
  "training_episodes": 1000,
  "n_training_failures": 0,
  "best_training": {
    "episode": 934,
    "training_seed": 1146345,
    "total_reward": 1162.0
  },
  "last_training": {
    "episode": 999,
    "training_seed": 1211345,
    "total_reward": 505.0,
    "epsilon": 0.030584799059838068,
    "q_table_size": 24
  },
  "final_epsilon": 0.030478221515326,
  "q_table_size": 24,
  "objective": "minimize -mean(total_reward); late_order_fraction is recorded for later composite objectives",
  "objective_mean": -116.2,
  "objective_std": 253.0914634848218,
  "total_reward_mean": 116.2,
  "total_reward_std": 253.0914634848218,
  "late_order_fraction_mean": 0.46252051197793564,
  "n_valid_replications": 10,
  "eval_replications": 10,
  "eval_seeds": [
    312345,
    313345,
    314345,
    315345,
    316345,
    317345,
    318345,
    319345,
    320345,
    321345
  ],
  "best_evaluation": {
    "replication": 0,
    "eval_seed": 312345,
    "total_reward": 528.0
  }
}