{
  "stage": "stage1_bo_trial",
  "trial_index": 24,
  "parameters": {
    "alpha": 0.0063149715725489535,
    "gamma": 0.99,
    "target_final_epsilon": 0.012178423685520395,
    "risk_t1": 175.214912,
    "risk_window": 758.004,
    "epsilon_min": 0.012178423685520395,
    "epsilon_decay": 0.9956016119228638
  },
  "training_episodes": 1000,
  "n_training_failures": 0,
  "best_training": {
    "episode": 668,
    "training_seed": 880345,
    "total_reward": 1109.0
  },
  "last_training": {
    "episode": 999,
    "training_seed": 1211345,
    "total_reward": 505.0,
    "epsilon": 0.01223222576146635,
    "q_table_size": 24
  },
  "final_epsilon": 0.012178423685520395,
  "q_table_size": 24,
  "objective": "minimize -mean(total_reward); late_order_fraction is recorded for later composite objectives",
  "objective_mean": -116.2,
  "objective_std": 282.4923991111187,
  "total_reward_mean": 116.2,
  "total_reward_std": 282.4923991111187,
  "late_order_fraction_mean": 0.46249901146321254,
  "n_valid_replications": 10,
  "eval_replications": 10,
  "eval_seeds": [
    312345,
    313345,
    314345,
    315345,
    316345,
    317345,
    318345,
    319345,
    320345,
    321345
  ],
  "best_evaluation": {
    "replication": 0,
    "eval_seed": 312345,
    "total_reward": 608.0
  }
}