{
  "stage": "stage1_bo_trial",
  "trial_index": 42,
  "parameters": {
    "alpha": 0.05546144036634254,
    "gamma": 0.6292396712307717,
    "target_final_epsilon": 0.04701521986101662,
    "risk_t1": 175.214912,
    "risk_window": 120.0,
    "epsilon_min": 0.04701521986101662,
    "epsilon_decay": 0.9969473848304758
  },
  "training_episodes": 1000,
  "n_training_failures": 0,
  "best_training": {
    "episode": 126,
    "training_seed": 338345,
    "total_reward": 1123.0
  },
  "last_training": {
    "episode": 999,
    "training_seed": 1211345,
    "total_reward": 465.0,
    "epsilon": 0.04715917868525607,
    "q_table_size": 24
  },
  "final_epsilon": 0.047015219861019156,
  "q_table_size": 24,
  "objective": "minimize -mean(total_reward); late_order_fraction is recorded for later composite objectives",
  "objective_mean": -142.2,
  "objective_std": 233.95954066177052,
  "total_reward_mean": 142.2,
  "total_reward_std": 233.95954066177052,
  "late_order_fraction_mean": 0.4578275843852261,
  "n_valid_replications": 10,
  "eval_replications": 10,
  "eval_seeds": [
    312345,
    313345,
    314345,
    315345,
    316345,
    317345,
    318345,
    319345,
    320345,
    321345
  ],
  "best_evaluation": {
    "replication": 0,
    "eval_seed": 312345,
    "total_reward": 608.0
  }
}