{
  "method": "random_search",
  "run_index": 14,
  "best_parameters": {
    "preparation_capacity": 1,
    "sorting_capacity": 3,
    "analysis1_capacity": 5,
    "analysis2_capacity": 1,
    "evaluation_capacity": 3,
    "dispatching_capacity": 4,
    "worker_capacity": 3
  },
  "best_objective": 1.9489718190513685,
  "aggregated_kpis": {
    "n_orders_completed_mean": 703.2666666666667,
    "n_orders_in_date_mean": 570.6333333333333,
    "n_orders_late_mean": 132.63333333333333,
    "n_orders_created_mean": 1003.5666666666667,
    "n_orders_incomplete_mean": 300.3,
    "late_order_fraction_mean": 0.18867568001632376,
    "time_in_system_mean_mean": 227.81335607936612,
    "time_in_system_std_mean": 116.89990214907044,
    "wip_time_in_system_mean_mean": 212.32800023785552,
    "wip_time_in_system_std_mean": 124.10737872781307,
    "wip_time_in_system_min_mean": 1.2969997270681537,
    "wip_time_in_system_max_mean": 433.7457158780519,
    "wip_mean_mean": 155.79246613197247,
    "work_in_progress_mean_mean": 155.79246613197247,
    "completed_norm_mean": 0.7012887605663679,
    "late_total_norm_mean": 0.4300933897850991,
    "on_time_loss_norm_mean": 0.4300933897850991,
    "station_capacity_norm_mean": 0.4583333333333334,
    "worker_capacity_norm_mean": 0.22222222222222224,
    "time_in_system_mean_norm_mean": 0.6328148779982392,
    "time_in_system_std_norm_mean": 0.32472195041408464,
    "objective_completed_contribution_mean": -0.24545106619822876,
    "objective_late_contribution_mean": 0.34407471182807936,
    "objective_station_capacity_contribution_mean": 1.375,
    "objective_worker_capacity_contribution_mean": 0.22222222222222224,
    "objective_time_mean_contribution_mean": 0.2531259511992957,
    "objective_time_std_contribution_mean": 0.0
  }
}