{
  "stage": "stage1_bo_trial",
  "trial_index": 80,
  "parameters": {
    "alpha": 0.02804271844974154,
    "gamma": 0.8,
    "target_final_epsilon": 0.05454149796597582,
    "risk_t1": 175.214912,
    "risk_window": 758.004,
    "epsilon_min": 0.05454149796597582,
    "epsilon_decay": 0.9970954330042016
  },
  "training_episodes": 1000,
  "n_training_failures": 0,
  "best_training": {
    "episode": 934,
    "training_seed": 1146345,
    "total_reward": 1162.0
  },
  "last_training": {
    "episode": 999,
    "training_seed": 1211345,
    "total_reward": 425.0,
    "epsilon": 0.05470037888113389,
    "q_table_size": 24
  },
  "final_epsilon": 0.05454149796597808,
  "q_table_size": 24,
  "objective": "minimize -mean(total_reward); late_order_fraction is recorded for later composite objectives",
  "objective_mean": -198.2,
  "objective_std": 291.19859584521043,
  "total_reward_mean": 198.2,
  "total_reward_std": 291.19859584521043,
  "late_order_fraction_mean": 0.4478144807759727,
  "n_valid_replications": 10,
  "eval_replications": 10,
  "eval_seeds": [
    312345,
    313345,
    314345,
    315345,
    316345,
    317345,
    318345,
    319345,
    320345,
    321345
  ],
  "best_evaluation": {
    "replication": 0,
    "eval_seed": 312345,
    "total_reward": 768.0
  }
}