{
  "stage": "stage1_bo_trial",
  "trial_index": 97,
  "parameters": {
    "alpha": 0.03137582034611636,
    "gamma": 0.6325150217515292,
    "target_final_epsilon": 0.054298015854297846,
    "risk_t1": 175.214912,
    "risk_window": 758.004,
    "epsilon_min": 0.054298015854297846,
    "epsilon_decay": 0.9970909718530087
  },
  "training_episodes": 1000,
  "n_training_failures": 0,
  "best_training": {
    "episode": 126,
    "training_seed": 338345,
    "total_reward": 1103.0
  },
  "last_training": {
    "episode": 999,
    "training_seed": 1211345,
    "total_reward": 405.0,
    "epsilon": 0.0544564311452854,
    "q_table_size": 24
  },
  "final_epsilon": 0.05429801585429907,
  "q_table_size": 24,
  "objective": "minimize -mean(total_reward); late_order_fraction is recorded for later composite objectives",
  "objective_mean": -78.2,
  "objective_std": 235.27988061502884,
  "total_reward_mean": 78.2,
  "total_reward_std": 235.27988061502884,
  "late_order_fraction_mean": 0.46914713246439754,
  "n_valid_replications": 10,
  "eval_replications": 10,
  "eval_seeds": [
    312345,
    313345,
    314345,
    315345,
    316345,
    317345,
    318345,
    319345,
    320345,
    321345
  ],
  "best_evaluation": {
    "replication": 0,
    "eval_seed": 312345,
    "total_reward": 568.0
  }
}