{
  "stage": "stage1_bo_trial",
  "trial_index": 29,
  "parameters": {
    "alpha": 0.008705056971260089,
    "gamma": 0.0,
    "target_final_epsilon": 0.0005,
    "risk_t1": 175.214912,
    "risk_window": 758.004,
    "epsilon_min": 0.0005,
    "epsilon_decay": 0.9268078424558299
  },
  "training_episodes": 100,
  "n_training_failures": 0,
  "best_training": {
    "episode": 91,
    "training_seed": 303345,
    "total_reward": 1161.0
  },
  "last_training": {
    "episode": 99,
    "training_seed": 311345,
    "total_reward": -264.0,
    "epsilon": 0.0005394861557009615,
    "q_table_size": 20
  },
  "final_epsilon": 0.0005,
  "q_table_size": 20,
  "objective": "minimize -mean(total_reward); late_order_fraction is recorded for later composite objectives",
  "objective_mean": -220.2,
  "objective_std": 167.18638966401807,
  "total_reward_mean": 220.2,
  "total_reward_std": 167.18638966401807,
  "late_order_fraction_mean": 0.443923988570047,
  "n_valid_replications": 10,
  "eval_replications": 10,
  "eval_seeds": [
    312345,
    313345,
    314345,
    315345,
    316345,
    317345,
    318345,
    319345,
    320345,
    321345
  ],
  "best_evaluation": {
    "replication": 0,
    "eval_seed": 312345,
    "total_reward": 568.0
  }
}