{
  "stage": "stage1_bo_trial",
  "trial_index": 13,
  "parameters": {
    "alpha": 0.001,
    "gamma": 0.95,
    "target_final_epsilon": 0.04166052438971131,
    "risk_t1": 175.214912,
    "risk_window": 758.004,
    "epsilon_min": 0.04166052438971131,
    "epsilon_decay": 0.9687177273636638
  },
  "training_episodes": 100,
  "n_training_failures": 0,
  "best_training": {
    "episode": 91,
    "training_seed": 303345,
    "total_reward": 1201.0
  },
  "last_training": {
    "episode": 99,
    "training_seed": 311345,
    "total_reward": -424.0,
    "epsilon": 0.043005844956599655,
    "q_table_size": 20
  },
  "final_epsilon": 0.04166052438971131,
  "q_table_size": 20,
  "objective": "minimize -mean(total_reward); late_order_fraction is recorded for later composite objectives",
  "objective_mean": -270.2,
  "objective_std": 266.26670005007304,
  "total_reward_mean": 270.2,
  "total_reward_std": 266.26670005007304,
  "late_order_fraction_mean": 0.43496062370624095,
  "n_valid_replications": 10,
  "eval_replications": 10,
  "eval_seeds": [
    312345,
    313345,
    314345,
    315345,
    316345,
    317345,
    318345,
    319345,
    320345,
    321345
  ],
  "best_evaluation": {
    "replication": 0,
    "eval_seed": 312345,
    "total_reward": 728.0
  }
}