{
  "stage": "stage1_bo_trial",
  "trial_index": 2,
  "parameters": {
    "alpha": 0.5766912516672164,
    "gamma": 0.5426170458551496,
    "target_final_epsilon": 0.1672482493147254,
    "risk_t1": 176.2079757452011,
    "risk_window": 1698.2664909213781,
    "epsilon_min": 0.1672482493147254,
    "epsilon_decay": 0.9982133219654022
  },
  "training_episodes": 1000,
  "n_training_failures": 0,
  "best_training": {
    "episode": 598,
    "training_seed": 810345,
    "total_reward": 1055.0
  },
  "last_training": {
    "episode": 999,
    "training_seed": 1211345,
    "total_reward": 345.0,
    "epsilon": 0.16754760293663265,
    "q_table_size": 23
  },
  "final_epsilon": 0.1672482493147254,
  "q_table_size": 23,
  "objective": "minimize -mean(total_reward); late_order_fraction is recorded for later composite objectives",
  "objective_mean": -242.2,
  "objective_std": 285.5158294891702,
  "total_reward_mean": 242.2,
  "total_reward_std": 285.5158294891702,
  "late_order_fraction_mean": 0.4397289608887728,
  "n_valid_replications": 10,
  "eval_replications": 10,
  "eval_seeds": [
    312345,
    313345,
    314345,
    315345,
    316345,
    317345,
    318345,
    319345,
    320345,
    321345
  ],
  "best_evaluation": {
    "replication": 0,
    "eval_seed": 312345,
    "total_reward": 808.0
  }
}