{
  "stage": "stage1_bo_trial",
  "trial_index": 2,
  "parameters": {
    "alpha": 0.4121757835615426,
    "gamma": 0.7238431366253644,
    "target_final_epsilon": 0.22219116773921996,
    "risk_t1": 153.23397271335125,
    "risk_window": 1354.6165191661566,
    "epsilon_min": 0.22219116773921996,
    "epsilon_decay": 0.9984969136158603
  },
  "training_episodes": 1000,
  "n_training_failures": 0,
  "best_training": {
    "episode": 598,
    "training_seed": 810345,
    "total_reward": 1115.0
  },
  "last_training": {
    "episode": 999,
    "training_seed": 1211345,
    "total_reward": 465.0,
    "epsilon": 0.22252564300334782,
    "q_table_size": 23
  },
  "final_epsilon": 0.22219116773922756,
  "q_table_size": 23,
  "objective": "minimize -mean(total_reward); late_order_fraction is recorded for later composite objectives",
  "objective_mean": -106.2,
  "objective_std": 266.5119551206328,
  "total_reward_mean": 106.2,
  "total_reward_std": 266.5119551206328,
  "late_order_fraction_mean": 0.46408254428148793,
  "n_valid_replications": 10,
  "eval_replications": 10,
  "eval_seeds": [
    312345,
    313345,
    314345,
    315345,
    316345,
    317345,
    318345,
    319345,
    320345,
    321345
  ],
  "best_evaluation": {
    "replication": 0,
    "eval_seed": 312345,
    "total_reward": 688.0
  }
}