{
  "stage": "stage1_bo_trial",
  "trial_index": 34,
  "parameters": {
    "alpha": 0.019505287581721854,
    "gamma": 0.8,
    "target_final_epsilon": 0.053230420608576405,
    "risk_t1": 175.214912,
    "risk_window": 758.004,
    "epsilon_min": 0.053230420608576405,
    "epsilon_decay": 0.9970711721790596
  },
  "training_episodes": 1000,
  "n_training_failures": 0,
  "best_training": {
    "episode": 934,
    "training_seed": 1146345,
    "total_reward": 1162.0
  },
  "last_training": {
    "episode": 999,
    "training_seed": 1211345,
    "total_reward": 365.0,
    "epsilon": 0.053386781298916594,
    "q_table_size": 24
  },
  "final_epsilon": 0.05323042060857787,
  "q_table_size": 24,
  "objective": "minimize -mean(total_reward); late_order_fraction is recorded for later composite objectives",
  "objective_mean": -56.2,
  "objective_std": 170.6515618315741,
  "total_reward_mean": 56.2,
  "total_reward_std": 170.6515618315741,
  "late_order_fraction_mean": 0.4733983400105591,
  "n_valid_replications": 10,
  "eval_replications": 10,
  "eval_seeds": [
    312345,
    313345,
    314345,
    315345,
    316345,
    317345,
    318345,
    319345,
    320345,
    321345
  ],
  "best_evaluation": {
    "replication": 0,
    "eval_seed": 312345,
    "total_reward": 408.0
  }
}