{
  "stage": "stage1_bo_trial",
  "trial_index": 13,
  "parameters": {
    "alpha": 0.005571827877352302,
    "gamma": 0.2638187814326794,
    "target_final_epsilon": 0.040666041723852825,
    "risk_t1": 175.214912,
    "risk_window": 120.0,
    "epsilon_min": 0.040666041723852825,
    "epsilon_decay": 0.9968027602013015
  },
  "training_episodes": 1000,
  "n_training_failures": 0,
  "best_training": {
    "episode": 718,
    "training_seed": 930345,
    "total_reward": 1137.0
  },
  "last_training": {
    "episode": 999,
    "training_seed": 1211345,
    "total_reward": 585.0,
    "epsilon": 0.04079647784647089,
    "q_table_size": 23
  },
  "final_epsilon": 0.040666041723853436,
  "q_table_size": 23,
  "objective": "minimize -mean(total_reward); late_order_fraction is recorded for later composite objectives",
  "objective_mean": -326.2,
  "objective_std": 256.579552315976,
  "total_reward_mean": 326.2,
  "total_reward_std": 256.579552315976,
  "late_order_fraction_mean": 0.424932851503922,
  "n_valid_replications": 10,
  "eval_replications": 10,
  "eval_seeds": [
    312345,
    313345,
    314345,
    315345,
    316345,
    317345,
    318345,
    319345,
    320345,
    321345
  ],
  "best_evaluation": {
    "replication": 0,
    "eval_seed": 312345,
    "total_reward": 868.0
  }
}