{
  "stage": "stage1_bo_trial",
  "trial_index": 94,
  "parameters": {
    "alpha": 0.0020409697973021008,
    "gamma": 0.2,
    "target_final_epsilon": 0.05772162829762699,
    "risk_t1": 175.214912,
    "risk_window": 758.004,
    "epsilon_min": 0.05772162829762699,
    "epsilon_decay": 0.997151940104508
  },
  "training_episodes": 1000,
  "n_training_failures": 0,
  "best_training": {
    "episode": 718,
    "training_seed": 930345,
    "total_reward": 1157.0
  },
  "last_training": {
    "episode": 999,
    "training_seed": 1211345,
    "total_reward": 445.0,
    "epsilon": 0.05788649249539176,
    "q_table_size": 24
  },
  "final_epsilon": 0.05772162829762699,
  "q_table_size": 24,
  "objective": "minimize -mean(total_reward); late_order_fraction is recorded for later composite objectives",
  "objective_mean": -92.2,
  "objective_std": 257.04163086939826,
  "total_reward_mean": 92.2,
  "total_reward_std": 257.04163086939826,
  "late_order_fraction_mean": 0.46681786073482867,
  "n_valid_replications": 10,
  "eval_replications": 10,
  "eval_seeds": [
    312345,
    313345,
    314345,
    315345,
    316345,
    317345,
    318345,
    319345,
    320345,
    321345
  ],
  "best_evaluation": {
    "replication": 0,
    "eval_seed": 312345,
    "total_reward": 508.0
  }
}