{
  "stage": "stage1_bo_trial",
  "trial_index": 9,
  "parameters": {
    "alpha": 0.5255416376609355,
    "gamma": 0.9166343934368342,
    "target_final_epsilon": 0.1287342692539096,
    "risk_t1": 324.4775655865669,
    "risk_window": 505.2383378148079,
    "epsilon_min": 0.1287342692539096,
    "epsilon_decay": 0.9797086481998128
  },
  "training_episodes": 100,
  "n_training_failures": 0,
  "best_training": {
    "episode": 91,
    "training_seed": 303345,
    "total_reward": 941.0
  },
  "last_training": {
    "episode": 99,
    "training_seed": 311345,
    "total_reward": -404.0,
    "epsilon": 0.13140056433150288,
    "q_table_size": 21
  },
  "final_epsilon": 0.1287342692539096,
  "q_table_size": 21,
  "objective": "minimize -mean(total_reward); late_order_fraction is recorded for later composite objectives",
  "objective_mean": -52.2,
  "objective_std": 227.4285235702271,
  "total_reward_mean": 52.2,
  "total_reward_std": 227.4285235702271,
  "late_order_fraction_mean": 0.4739450299381455,
  "n_valid_replications": 10,
  "eval_replications": 10,
  "eval_seeds": [
    312345,
    313345,
    314345,
    315345,
    316345,
    317345,
    318345,
    319345,
    320345,
    321345
  ],
  "best_evaluation": {
    "replication": 0,
    "eval_seed": 312345,
    "total_reward": 428.0
  }
}