{
  "stage": "stage1_bo_trial",
  "trial_index": 50,
  "parameters": {
    "alpha": 0.3601313935027587,
    "gamma": 0.9805578591425894,
    "target_final_epsilon": 0.08019761195265648,
    "risk_t1": 174.5663260519973,
    "risk_window": 48.8899172690667,
    "epsilon_min": 0.08019761195265648,
    "epsilon_decay": 0.9974799192078477
  },
  "training_episodes": 1000,
  "n_training_failures": 0,
  "best_training": {
    "episode": 633,
    "training_seed": 845345,
    "total_reward": 1147.0
  },
  "last_training": {
    "episode": 999,
    "training_seed": 1211345,
    "total_reward": 565.0,
    "epsilon": 0.08040022702045597,
    "q_table_size": 24
  },
  "final_epsilon": 0.08019761195265704,
  "q_table_size": 24,
  "objective": "minimize -mean(total_reward); late_order_fraction is recorded for later composite objectives",
  "objective_mean": -114.2,
  "objective_std": 287.9864194328923,
  "total_reward_mean": 114.2,
  "total_reward_std": 287.9864194328923,
  "late_order_fraction_mean": 0.46299128277585727,
  "n_valid_replications": 10,
  "eval_replications": 10,
  "eval_seeds": [
    312345,
    313345,
    314345,
    315345,
    316345,
    317345,
    318345,
    319345,
    320345,
    321345
  ],
  "best_evaluation": {
    "replication": 0,
    "eval_seed": 312345,
    "total_reward": 588.0
  }
}