{
  "stage": "stage1_bo_trial",
  "trial_index": 5,
  "parameters": {
    "alpha": 0.0675759278535843,
    "gamma": 0.8225928554777056,
    "target_final_epsilon": 0.07126796768978239,
    "risk_t1": 175.214912,
    "risk_window": 758.004,
    "epsilon_min": 0.07126796768978239,
    "epsilon_decay": 0.9739326913328646
  },
  "training_episodes": 100,
  "n_training_failures": 0,
  "best_training": {
    "episode": 91,
    "training_seed": 303345,
    "total_reward": 1041.0
  },
  "last_training": {
    "episode": 99,
    "training_seed": 311345,
    "total_reward": -204.0,
    "epsilon": 0.0731754548584356,
    "q_table_size": 20
  },
  "final_epsilon": 0.07126796768978273,
  "q_table_size": 20,
  "objective": "minimize -mean(total_reward); late_order_fraction is recorded for later composite objectives",
  "objective_mean": -160.2,
  "objective_std": 264.2729228993727,
  "total_reward_mean": 160.2,
  "total_reward_std": 264.2729228993727,
  "late_order_fraction_mean": 0.4546320742220259,
  "n_valid_replications": 10,
  "eval_replications": 10,
  "eval_seeds": [
    312345,
    313345,
    314345,
    315345,
    316345,
    317345,
    318345,
    319345,
    320345,
    321345
  ],
  "best_evaluation": {
    "replication": 0,
    "eval_seed": 312345,
    "total_reward": 548.0
  }
}