{
  "stage": "stage2_candidate",
  "candidate_rank": 1,
  "source_trial_index": 55,
  "parameters": {
    "alpha": 0.0171149191326407,
    "gamma": 0.95,
    "target_final_epsilon": 0.0138224217591242,
    "risk_t1": 175.214912,
    "risk_window": 120.0,
    "epsilon_min": 0.0138224217591242,
    "epsilon_decay": 0.9995719453175415
  },
  "q_table_path": "/cfs/earth/scratch/freyfab2/BA/BA-Simulation-Optimization/RL/rl_tuning_hpc_fixed120/stage2/candidate_rank_01_trial_055/q_table.pkl",
  "training_episodes": 10000,
  "n_training_failures": 0,
  "best_training": {
    "episode": 4392,
    "training_seed": 4604345,
    "total_reward": 1340.0
  },
  "last_training": {
    "episode": 9999,
    "training_seed": 10211345,
    "total_reward": -193.0,
    "epsilon": 0.01382834104525927,
    "q_table_size": 26
  },
  "final_epsilon": 0.013822421759124213,
  "q_table_size": 26,
  "objective": "minimize -mean(total_reward); late_order_fraction is recorded for later composite objectives",
  "objective_mean": -220.16666666666666,
  "objective_std": 304.2069489937598,
  "total_reward_mean": 220.16666666666666,
  "total_reward_std": 304.2069489937598,
  "late_order_fraction_mean": 0.44507904532711257,
  "n_valid_replications": 30,
  "eval_replications": 30,
  "eval_seeds": [
    312345,
    313345,
    314345,
    315345,
    316345,
    317345,
    318345,
    319345,
    320345,
    321345,
    322345,
    323345,
    324345,
    325345,
    326345,
    327345,
    328345,
    329345,
    330345,
    331345,
    332345,
    333345,
    334345,
    335345,
    336345,
    337345,
    338345,
    339345,
    340345,
    341345
  ],
  "best_evaluation": {
    "replication": 26,
    "eval_seed": 338345,
    "total_reward": 963.0
  },
  "candidate_dir": "/cfs/earth/scratch/freyfab2/BA/BA-Simulation-Optimization/RL/rl_tuning_hpc_fixed120/stage2/candidate_rank_01_trial_055",
  "stage1_objective_mean": -346.2,
  "stage1_total_reward_mean": 346.2
}