{
  "stage": "stage1_bo_trial",
  "trial_index": 6,
  "parameters": {
    "alpha": 0.0001,
    "gamma": 0.99,
    "target_final_epsilon": 0.00010000000000000286,
    "risk_t1": 175.214912,
    "risk_window": 758.004,
    "epsilon_min": 0.00010000000000000286,
    "epsilon_decay": 0.91201083935591
  },
  "training_episodes": 100,
  "n_training_failures": 0,
  "best_training": {
    "episode": 75,
    "training_seed": 287345,
    "total_reward": 787.0
  },
  "last_training": {
    "episode": 99,
    "training_seed": 311345,
    "total_reward": -264.0,
    "epsilon": 0.0001096478196143215,
    "q_table_size": 20
  },
  "final_epsilon": 0.00010000000000000286,
  "q_table_size": 20,
  "objective": "minimize -mean(total_reward); late_order_fraction is recorded for later composite objectives",
  "objective_mean": -166.2,
  "objective_std": 178.2811761734193,
  "total_reward_mean": 166.2,
  "total_reward_std": 178.2811761734193,
  "late_order_fraction_mean": 0.45365349349713924,
  "n_valid_replications": 10,
  "eval_replications": 10,
  "eval_seeds": [
    312345,
    313345,
    314345,
    315345,
    316345,
    317345,
    318345,
    319345,
    320345,
    321345
  ],
  "best_evaluation": {
    "replication": 0,
    "eval_seed": 312345,
    "total_reward": 508.0
  }
}