{
  "stage": "stage1_bo_trial",
  "trial_index": 79,
  "parameters": {
    "alpha": 0.0030907209135127185,
    "gamma": 0.5344357250632735,
    "target_final_epsilon": 0.009688448429187388,
    "risk_t1": 175.214912,
    "risk_window": 120.0,
    "epsilon_min": 0.009688448429187388,
    "epsilon_decay": 0.9953739124715878
  },
  "training_episodes": 1000,
  "n_training_failures": 0,
  "best_training": {
    "episode": 633,
    "training_seed": 845345,
    "total_reward": 1147.0
  },
  "last_training": {
    "episode": 999,
    "training_seed": 1211345,
    "total_reward": 565.0,
    "epsilon": 0.009733476342703998,
    "q_table_size": 24
  },
  "final_epsilon": 0.009688448429187388,
  "q_table_size": 24,
  "objective": "minimize -mean(total_reward); late_order_fraction is recorded for later composite objectives",
  "objective_mean": -330.2,
  "objective_std": 240.69381195018516,
  "total_reward_mean": 330.2,
  "total_reward_std": 240.69381195018516,
  "late_order_fraction_mean": 0.42418203543375077,
  "n_valid_replications": 10,
  "eval_replications": 10,
  "eval_seeds": [
    312345,
    313345,
    314345,
    315345,
    316345,
    317345,
    318345,
    319345,
    320345,
    321345
  ],
  "best_evaluation": {
    "replication": 0,
    "eval_seed": 312345,
    "total_reward": 848.0
  }
}