{
  "stage": "stage1_bo_trial",
  "trial_index": 3,
  "parameters": {
    "alpha": 0.0176087525867857,
    "gamma": 0.19015569370239974,
    "target_final_epsilon": 0.014677046458702535,
    "risk_t1": 175.214912,
    "risk_window": 758.004,
    "epsilon_min": 0.014677046458702535,
    "epsilon_decay": 0.9586639288142654
  },
  "training_episodes": 100,
  "n_training_failures": 0,
  "best_training": {
    "episode": 91,
    "training_seed": 303345,
    "total_reward": 1101.0
  },
  "last_training": {
    "episode": 99,
    "training_seed": 311345,
    "total_reward": -304.0,
    "epsilon": 0.015309897470384647,
    "q_table_size": 20
  },
  "final_epsilon": 0.014677046458702535,
  "q_table_size": 20,
  "objective": "minimize -mean(total_reward); late_order_fraction is recorded for later composite objectives",
  "objective_mean": -248.2,
  "objective_std": 226.89439540602731,
  "total_reward_mean": 248.2,
  "total_reward_std": 226.89439540602731,
  "late_order_fraction_mean": 0.43901224382535464,
  "n_valid_replications": 10,
  "eval_replications": 10,
  "eval_seeds": [
    312345,
    313345,
    314345,
    315345,
    316345,
    317345,
    318345,
    319345,
    320345,
    321345
  ],
  "best_evaluation": {
    "replication": 3,
    "eval_seed": 315345,
    "total_reward": 554.0
  }
}