{
  "stage": "stage1_bo_trial",
  "trial_index": 7,
  "parameters": {
    "alpha": 0.024332567761608137,
    "gamma": 0.9366410686750793,
    "target_final_epsilon": 0.022517615557713307,
    "risk_t1": 175.214912,
    "risk_window": 120.0,
    "epsilon_min": 0.022517615557713307,
    "epsilon_decay": 0.9962137287074126
  },
  "training_episodes": 1000,
  "n_training_failures": 0,
  "best_training": {
    "episode": 668,
    "training_seed": 880345,
    "total_reward": 1109.0
  },
  "last_training": {
    "episode": 999,
    "training_seed": 1211345,
    "total_reward": 245.0,
    "epsilon": 0.022603197395131554,
    "q_table_size": 24
  },
  "final_epsilon": 0.022517615557713682,
  "q_table_size": 24,
  "objective": "minimize -mean(total_reward); late_order_fraction is recorded for later composite objectives",
  "objective_mean": -100.2,
  "objective_std": 199.54436989190037,
  "total_reward_mean": 100.2,
  "total_reward_std": 199.54436989190037,
  "late_order_fraction_mean": 0.4653428357194652,
  "n_valid_replications": 10,
  "eval_replications": 10,
  "eval_seeds": [
    312345,
    313345,
    314345,
    315345,
    316345,
    317345,
    318345,
    319345,
    320345,
    321345
  ],
  "best_evaluation": {
    "replication": 0,
    "eval_seed": 312345,
    "total_reward": 408.0
  }
}