{
  "stage": "stage1_bo_trial",
  "trial_index": 95,
  "parameters": {
    "alpha": 0.005105805380021222,
    "gamma": 0.47710447681187773,
    "target_final_epsilon": 0.014060212021134158,
    "risk_t1": 175.214912,
    "risk_window": 120.0,
    "epsilon_min": 0.014060212021134158,
    "epsilon_decay": 0.9957446733565751
  },
  "training_episodes": 1000,
  "n_training_failures": 0,
  "best_training": {
    "episode": 598,
    "training_seed": 810345,
    "total_reward": 1115.0
  },
  "last_training": {
    "episode": 999,
    "training_seed": 1211345,
    "total_reward": 465.0,
    "epsilon": 0.014120298503570255,
    "q_table_size": 25
  },
  "final_epsilon": 0.0140602120211349,
  "q_table_size": 25,
  "objective": "minimize -mean(total_reward); late_order_fraction is recorded for later composite objectives",
  "objective_mean": -212.2,
  "objective_std": 205.56523700924402,
  "total_reward_mean": 212.2,
  "total_reward_std": 205.56523700924402,
  "late_order_fraction_mean": 0.4452199116763831,
  "n_valid_replications": 10,
  "eval_replications": 10,
  "eval_seeds": [
    312345,
    313345,
    314345,
    315345,
    316345,
    317345,
    318345,
    319345,
    320345,
    321345
  ],
  "best_evaluation": {
    "replication": 0,
    "eval_seed": 312345,
    "total_reward": 608.0
  }
}