{
  "stage": "stage1_bo_trial",
  "trial_index": 47,
  "parameters": {
    "alpha": 0.29076589552327653,
    "gamma": 0.5,
    "target_final_epsilon": 0.03406855294354973,
    "risk_t1": 141.7893201399569,
    "risk_window": 1440.0,
    "epsilon_min": 0.03406855294354973,
    "epsilon_decay": 0.9966263231583262
  },
  "training_episodes": 1000,
  "n_training_failures": 0,
  "best_training": {
    "episode": 718,
    "training_seed": 930345,
    "total_reward": 1017.0
  },
  "last_training": {
    "episode": 999,
    "training_seed": 1211345,
    "total_reward": 205.0,
    "epsilon": 0.03418387830213526,
    "q_table_size": 24
  },
  "final_epsilon": 0.03406855294354973,
  "q_table_size": 24,
  "objective": "minimize -mean(total_reward); late_order_fraction is recorded for later composite objectives",
  "objective_mean": -166.2,
  "objective_std": 226.79839309640425,
  "total_reward_mean": 166.2,
  "total_reward_std": 226.79839309640425,
  "late_order_fraction_mean": 0.45351444829037435,
  "n_valid_replications": 10,
  "eval_replications": 10,
  "eval_seeds": [
    312345,
    313345,
    314345,
    315345,
    316345,
    317345,
    318345,
    319345,
    320345,
    321345
  ],
  "best_evaluation": {
    "replication": 0,
    "eval_seed": 312345,
    "total_reward": 568.0
  }
}