{
  "stage": "stage1_bo_trial",
  "trial_index": 21,
  "parameters": {
    "alpha": 0.0001,
    "gamma": 0.8,
    "target_final_epsilon": 0.0780896198998931,
    "risk_t1": 175.214912,
    "risk_window": 758.004,
    "epsilon_min": 0.0780896198998931,
    "epsilon_decay": 0.9748233719322013
  },
  "training_episodes": 100,
  "n_training_failures": 0,
  "best_training": {
    "episode": 91,
    "training_seed": 303345,
    "total_reward": 761.0
  },
  "last_training": {
    "episode": 99,
    "training_seed": 311345,
    "total_reward": -324.0,
    "epsilon": 0.0801064296859348,
    "q_table_size": 20
  },
  "final_epsilon": 0.0780896198998931,
  "q_table_size": 20,
  "objective": "minimize -mean(total_reward); late_order_fraction is recorded for later composite objectives",
  "objective_mean": -38.2,
  "objective_std": 178.8884195991084,
  "total_reward_mean": 38.2,
  "total_reward_std": 178.8884195991084,
  "late_order_fraction_mean": 0.47651530093248856,
  "n_valid_replications": 10,
  "eval_replications": 10,
  "eval_seeds": [
    312345,
    313345,
    314345,
    315345,
    316345,
    317345,
    318345,
    319345,
    320345,
    321345
  ],
  "best_evaluation": {
    "replication": 0,
    "eval_seed": 312345,
    "total_reward": 468.0
  }
}