{
  "stage": "stage1_bo_trial",
  "trial_index": 36,
  "parameters": {
    "alpha": 0.0068341312920125515,
    "gamma": 0.45365793279154326,
    "target_final_epsilon": 0.02137095608825345,
    "risk_t1": 175.214912,
    "risk_window": 758.004,
    "epsilon_min": 0.02137095608825345,
    "epsilon_decay": 0.9961616628494195
  },
  "training_episodes": 1000,
  "n_training_failures": 0,
  "best_training": {
    "episode": 518,
    "training_seed": 730345,
    "total_reward": 1149.0
  },
  "last_training": {
    "episode": 999,
    "training_seed": 1211345,
    "total_reward": 565.0,
    "epsilon": 0.02145330109083396,
    "q_table_size": 25
  },
  "final_epsilon": 0.021370956088254425,
  "q_table_size": 25,
  "objective": "minimize -mean(total_reward); late_order_fraction is recorded for later composite objectives",
  "objective_mean": -336.2,
  "objective_std": 247.4621407632107,
  "total_reward_mean": 336.2,
  "total_reward_std": 247.4621407632107,
  "late_order_fraction_mean": 0.4231468901127659,
  "n_valid_replications": 10,
  "eval_replications": 10,
  "eval_seeds": [
    312345,
    313345,
    314345,
    315345,
    316345,
    317345,
    318345,
    319345,
    320345,
    321345
  ],
  "best_evaluation": {
    "replication": 0,
    "eval_seed": 312345,
    "total_reward": 868.0
  }
}