{
  "stage": "stage1_bo_trial",
  "trial_index": 40,
  "parameters": {
    "alpha": 0.026623107107281607,
    "gamma": 0.04382031010345319,
    "target_final_epsilon": 0.018757663886998722,
    "risk_t1": 175.214912,
    "risk_window": 758.004,
    "epsilon_min": 0.018757663886998722,
    "epsilon_decay": 0.9960317415597646
  },
  "training_episodes": 1000,
  "n_training_failures": 0,
  "best_training": {
    "episode": 126,
    "training_seed": 338345,
    "total_reward": 1203.0
  },
  "last_training": {
    "episode": 999,
    "training_seed": 1211345,
    "total_reward": 245.0,
    "epsilon": 0.018832395700185037,
    "q_table_size": 24
  },
  "final_epsilon": 0.018757663886998722,
  "q_table_size": 24,
  "objective": "minimize -mean(total_reward); late_order_fraction is recorded for later composite objectives",
  "objective_mean": -74.2,
  "objective_std": 180.8454220229715,
  "total_reward_mean": 74.2,
  "total_reward_std": 180.8454220229715,
  "late_order_fraction_mean": 0.4700050979001486,
  "n_valid_replications": 10,
  "eval_replications": 10,
  "eval_seeds": [
    312345,
    313345,
    314345,
    315345,
    316345,
    317345,
    318345,
    319345,
    320345,
    321345
  ],
  "best_evaluation": {
    "replication": 0,
    "eval_seed": 312345,
    "total_reward": 548.0
  }
}