{
  "stage": "stage1_bo_trial",
  "trial_index": 22,
  "parameters": {
    "alpha": 0.002605443471798643,
    "gamma": 0.2,
    "target_final_epsilon": 0.05598209777030716,
    "risk_t1": 175.214912,
    "risk_window": 758.004,
    "epsilon_min": 0.05598209777030716,
    "epsilon_decay": 0.9971214277351051
  },
  "training_episodes": 1000,
  "n_training_failures": 0,
  "best_training": {
    "episode": 718,
    "training_seed": 930345,
    "total_reward": 1157.0
  },
  "last_training": {
    "episode": 999,
    "training_seed": 1211345,
    "total_reward": 565.0,
    "epsilon": 0.05614371150108447,
    "q_table_size": 24
  },
  "final_epsilon": 0.05598209777030919,
  "q_table_size": 24,
  "objective": "minimize -mean(total_reward); late_order_fraction is recorded for later composite objectives",
  "objective_mean": -326.2,
  "objective_std": 237.14449416149452,
  "total_reward_mean": 326.2,
  "total_reward_std": 237.14449416149452,
  "late_order_fraction_mean": 0.42488469821014085,
  "n_valid_replications": 10,
  "eval_replications": 10,
  "eval_seeds": [
    312345,
    313345,
    314345,
    315345,
    316345,
    317345,
    318345,
    319345,
    320345,
    321345
  ],
  "best_evaluation": {
    "replication": 0,
    "eval_seed": 312345,
    "total_reward": 848.0
  }
}