{
  "stage": "stage1_bo_trial",
  "trial_index": 37,
  "parameters": {
    "alpha": 0.0055964196581259045,
    "gamma": 0.8429878276690718,
    "target_final_epsilon": 0.013847997697121344,
    "risk_t1": 175.214912,
    "risk_window": 758.004,
    "epsilon_min": 0.013847997697121344,
    "epsilon_decay": 0.9957295298736434
  },
  "training_episodes": 1000,
  "n_training_failures": 0,
  "best_training": {
    "episode": 668,
    "training_seed": 880345,
    "total_reward": 1189.0
  },
  "last_training": {
    "episode": 999,
    "training_seed": 1211345,
    "total_reward": 605.0,
    "epsilon": 0.013907388785465694,
    "q_table_size": 25
  },
  "final_epsilon": 0.013847997697121736,
  "q_table_size": 25,
  "objective": "minimize -mean(total_reward); late_order_fraction is recorded for later composite objectives",
  "objective_mean": -296.2,
  "objective_std": 228.82734879283018,
  "total_reward_mean": 296.2,
  "total_reward_std": 228.82734879283018,
  "late_order_fraction_mean": 0.43031188825958244,
  "n_valid_replications": 10,
  "eval_replications": 10,
  "eval_seeds": [
    312345,
    313345,
    314345,
    315345,
    316345,
    317345,
    318345,
    319345,
    320345,
    321345
  ],
  "best_evaluation": {
    "replication": 0,
    "eval_seed": 312345,
    "total_reward": 748.0
  }
}