{
  "stage": "stage1_bo_trial",
  "trial_index": 54,
  "parameters": {
    "alpha": 0.008410283543419324,
    "gamma": 0.8059975321048872,
    "target_final_epsilon": 0.006795030519619212,
    "risk_t1": 175.214912,
    "risk_window": 758.004,
    "epsilon_min": 0.006795030519619212,
    "epsilon_decay": 0.9950208734121602
  },
  "training_episodes": 1000,
  "n_training_failures": 0,
  "best_training": {
    "episode": 633,
    "training_seed": 845345,
    "total_reward": 1147.0
  },
  "last_training": {
    "episode": 999,
    "training_seed": 1211345,
    "total_reward": 565.0,
    "epsilon": 0.006829033140096316,
    "q_table_size": 25
  },
  "final_epsilon": 0.006795030519619222,
  "q_table_size": 25,
  "objective": "minimize -mean(total_reward); late_order_fraction is recorded for later composite objectives",
  "objective_mean": -332.2,
  "objective_std": 244.6207041296564,
  "total_reward_mean": 332.2,
  "total_reward_std": 244.6207041296564,
  "late_order_fraction_mean": 0.4238361212217834,
  "n_valid_replications": 10,
  "eval_replications": 10,
  "eval_seeds": [
    312345,
    313345,
    314345,
    315345,
    316345,
    317345,
    318345,
    319345,
    320345,
    321345
  ],
  "best_evaluation": {
    "replication": 0,
    "eval_seed": 312345,
    "total_reward": 848.0
  }
}