{
  "stage": "stage1_bo_trial",
  "trial_index": 58,
  "parameters": {
    "alpha": 0.5,
    "gamma": 0.869733629040495,
    "target_final_epsilon": 0.11753422079490114,
    "risk_t1": 192.67104794888385,
    "risk_window": 1329.0391020224338,
    "epsilon_min": 0.11753422079490114,
    "epsilon_decay": 0.9978612646137667
  },
  "training_episodes": 1000,
  "n_training_failures": 0,
  "best_training": {
    "episode": 518,
    "training_seed": 730345,
    "total_reward": 989.0
  },
  "last_training": {
    "episode": 999,
    "training_seed": 1211345,
    "total_reward": 225.0,
    "epsilon": 0.11778613416805858,
    "q_table_size": 24
  },
  "final_epsilon": 0.11753422079490573,
  "q_table_size": 24,
  "objective": "minimize -mean(total_reward); late_order_fraction is recorded for later composite objectives",
  "objective_mean": -192.2,
  "objective_std": 281.4315784224175,
  "total_reward_mean": 192.2,
  "total_reward_std": 281.4315784224175,
  "late_order_fraction_mean": 0.44883251462494045,
  "n_valid_replications": 10,
  "eval_replications": 10,
  "eval_seeds": [
    312345,
    313345,
    314345,
    315345,
    316345,
    317345,
    318345,
    319345,
    320345,
    321345
  ],
  "best_evaluation": {
    "replication": 0,
    "eval_seed": 312345,
    "total_reward": 748.0
  }
}