{
  "stage": "stage1_bo_trial",
  "trial_index": 58,
  "parameters": {
    "alpha": 0.08,
    "gamma": 0.2861919332854184,
    "target_final_epsilon": 0.011608347942454751,
    "risk_t1": 175.214912,
    "risk_window": 758.004,
    "epsilon_min": 0.011608347942454751,
    "epsilon_decay": 0.9955538825854819
  },
  "training_episodes": 1000,
  "n_training_failures": 0,
  "best_training": {
    "episode": 598,
    "training_seed": 810345,
    "total_reward": 1075.0
  },
  "last_training": {
    "episode": 999,
    "training_seed": 1211345,
    "total_reward": 485.0,
    "epsilon": 0.011660190518576162,
    "q_table_size": 23
  },
  "final_epsilon": 0.011608347942454923,
  "q_table_size": 23,
  "objective": "minimize -mean(total_reward); late_order_fraction is recorded for later composite objectives",
  "objective_mean": -164.2,
  "objective_std": 221.03433619638778,
  "total_reward_mean": 164.2,
  "total_reward_std": 221.03433619638778,
  "late_order_fraction_mean": 0.4538931452894349,
  "n_valid_replications": 10,
  "eval_replications": 10,
  "eval_seeds": [
    312345,
    313345,
    314345,
    315345,
    316345,
    317345,
    318345,
    319345,
    320345,
    321345
  ],
  "best_evaluation": {
    "replication": 0,
    "eval_seed": 312345,
    "total_reward": 608.0
  }
}