{
  "stage": "stage1_bo_trial",
  "trial_index": 19,
  "parameters": {
    "alpha": 0.16034215397231136,
    "gamma": 0.2,
    "target_final_epsilon": 0.1413085014069243,
    "risk_t1": 188.7319672314272,
    "risk_window": 1800.0,
    "epsilon_min": 0.1413085014069243,
    "epsilon_decay": 0.9980451034787048
  },
  "training_episodes": 1000,
  "n_training_failures": 0,
  "best_training": {
    "episode": 518,
    "training_seed": 730345,
    "total_reward": 1069.0
  },
  "last_training": {
    "episode": 999,
    "training_seed": 1211345,
    "total_reward": 405.0,
    "epsilon": 0.14158528598997375,
    "q_table_size": 24
  },
  "final_epsilon": 0.14130850140692536,
  "q_table_size": 24,
  "objective": "minimize -mean(total_reward); late_order_fraction is recorded for later composite objectives",
  "objective_mean": -236.2,
  "objective_std": 206.33780285950726,
  "total_reward_mean": 236.2,
  "total_reward_std": 206.33780285950726,
  "late_order_fraction_mean": 0.4412775819563741,
  "n_valid_replications": 10,
  "eval_replications": 10,
  "eval_seeds": [
    312345,
    313345,
    314345,
    315345,
    316345,
    317345,
    318345,
    319345,
    320345,
    321345
  ],
  "best_evaluation": {
    "replication": 3,
    "eval_seed": 315345,
    "total_reward": 554.0
  }
}