{
  "stage": "stage1_bo_trial",
  "trial_index": 18,
  "parameters": {
    "alpha": 0.027829979932569585,
    "gamma": 0.8,
    "target_final_epsilon": 0.04539627978372166,
    "risk_t1": 175.214912,
    "risk_window": 758.004,
    "epsilon_min": 0.04539627978372166,
    "epsilon_decay": 0.9969124511923705
  },
  "training_episodes": 1000,
  "n_training_failures": 0,
  "best_training": {
    "episode": 126,
    "training_seed": 338345,
    "total_reward": 1123.0
  },
  "last_training": {
    "episode": 999,
    "training_seed": 1211345,
    "total_reward": 425.0,
    "epsilon": 0.045536877114359685,
    "q_table_size": 23
  },
  "final_epsilon": 0.04539627978372207,
  "q_table_size": 23,
  "objective": "minimize -mean(total_reward); late_order_fraction is recorded for later composite objectives",
  "objective_mean": -70.2,
  "objective_std": 267.914082413664,
  "total_reward_mean": 70.2,
  "total_reward_std": 267.914082413664,
  "late_order_fraction_mean": 0.47073653894384115,
  "n_valid_replications": 10,
  "eval_replications": 10,
  "eval_seeds": [
    312345,
    313345,
    314345,
    315345,
    316345,
    317345,
    318345,
    319345,
    320345,
    321345
  ],
  "best_evaluation": {
    "replication": 0,
    "eval_seed": 312345,
    "total_reward": 528.0
  }
}