{
  "stage": "stage1_bo_trial",
  "trial_index": 13,
  "parameters": {
    "alpha": 0.008079397412085743,
    "gamma": 0.8,
    "target_final_epsilon": 0.06704959228231755,
    "risk_t1": 175.214912,
    "risk_window": 758.004,
    "epsilon_min": 0.06704959228231755,
    "epsilon_decay": 0.9973013252372963
  },
  "training_episodes": 1000,
  "n_training_failures": 0,
  "best_training": {
    "episode": 718,
    "training_seed": 930345,
    "total_reward": 1137.0
  },
  "last_training": {
    "episode": 999,
    "training_seed": 1211345,
    "total_reward": 325.0,
    "epsilon": 0.06723102695804276,
    "q_table_size": 23
  },
  "final_epsilon": 0.06704959228232044,
  "q_table_size": 23,
  "objective": "minimize -mean(total_reward); late_order_fraction is recorded for later composite objectives",
  "objective_mean": -222.2,
  "objective_std": 183.57971323409106,
  "total_reward_mean": 222.2,
  "total_reward_std": 183.57971323409106,
  "late_order_fraction_mean": 0.4438071408068588,
  "n_valid_replications": 10,
  "eval_replications": 10,
  "eval_seeds": [
    312345,
    313345,
    314345,
    315345,
    316345,
    317345,
    318345,
    319345,
    320345,
    321345
  ],
  "best_evaluation": {
    "replication": 3,
    "eval_seed": 315345,
    "total_reward": 574.0
  }
}