{
  "stage": "stage1_bo_trial",
  "trial_index": 55,
  "parameters": {
    "alpha": 0.028115173352987133,
    "gamma": 0.1508376381486355,
    "target_final_epsilon": 0.0516756176065265,
    "risk_t1": 175.214912,
    "risk_window": 758.004,
    "epsilon_min": 0.0516756176065265,
    "epsilon_decay": 0.9970416154476685
  },
  "training_episodes": 1000,
  "n_training_failures": 0,
  "best_training": {
    "episode": 934,
    "training_seed": 1146345,
    "total_reward": 1202.0
  },
  "last_training": {
    "episode": 999,
    "training_seed": 1211345,
    "total_reward": 485.0,
    "epsilon": 0.05182894756436294,
    "q_table_size": 23
  },
  "final_epsilon": 0.0516756176065265,
  "q_table_size": 23,
  "objective": "minimize -mean(total_reward); late_order_fraction is recorded for later composite objectives",
  "objective_mean": -126.2,
  "objective_std": 254.011723264017,
  "total_reward_mean": 126.2,
  "total_reward_std": 254.011723264017,
  "late_order_fraction_mean": 0.460698207647732,
  "n_valid_replications": 10,
  "eval_replications": 10,
  "eval_seeds": [
    312345,
    313345,
    314345,
    315345,
    316345,
    317345,
    318345,
    319345,
    320345,
    321345
  ],
  "best_evaluation": {
    "replication": 0,
    "eval_seed": 312345,
    "total_reward": 628.0
  }
}