{
  "stage": "stage1_bo_trial",
  "trial_index": 55,
  "parameters": {
    "alpha": 0.1683656885706822,
    "gamma": 0.99,
    "target_final_epsilon": 0.051777362656986015,
    "risk_t1": 0.0,
    "risk_window": 1440.0,
    "epsilon_min": 0.051777362656986015,
    "epsilon_decay": 0.9970435766126672
  },
  "training_episodes": 1000,
  "n_training_failures": 0,
  "best_training": {
    "episode": 598,
    "training_seed": 810345,
    "total_reward": 955.0
  },
  "last_training": {
    "episode": 999,
    "training_seed": 1211345,
    "total_reward": 445.0,
    "epsilon": 0.05193089236169039,
    "q_table_size": 25
  },
  "final_epsilon": 0.05177736265698723,
  "q_table_size": 25,
  "objective": "minimize -mean(total_reward); late_order_fraction is recorded for later composite objectives",
  "objective_mean": -74.2,
  "objective_std": 258.531236023812,
  "total_reward_mean": 74.2,
  "total_reward_std": 258.531236023812,
  "late_order_fraction_mean": 0.4700031036975615,
  "n_valid_replications": 10,
  "eval_replications": 10,
  "eval_seeds": [
    312345,
    313345,
    314345,
    315345,
    316345,
    317345,
    318345,
    319345,
    320345,
    321345
  ],
  "best_evaluation": {
    "replication": 0,
    "eval_seed": 312345,
    "total_reward": 628.0
  }
}