{
  "stage": "stage1_bo_trial",
  "trial_index": 9,
  "parameters": {
    "alpha": 0.5255416376609355,
    "gamma": 0.9166343934368342,
    "target_final_epsilon": 0.1287342692539096,
    "risk_t1": 324.4775655865669,
    "risk_window": 505.2383378148079,
    "epsilon_min": 0.1287342692539096,
    "epsilon_decay": 0.9979520948975172
  },
  "training_episodes": 1000,
  "n_training_failures": 0,
  "best_training": {
    "episode": 91,
    "training_seed": 303345,
    "total_reward": 941.0
  },
  "last_training": {
    "episode": 999,
    "training_seed": 1211345,
    "total_reward": 245.0,
    "epsilon": 0.12899844582933423,
    "q_table_size": 24
  },
  "final_epsilon": 0.1287342692539096,
  "q_table_size": 24,
  "objective": "minimize -mean(total_reward); late_order_fraction is recorded for later composite objectives",
  "objective_mean": -82.2,
  "objective_std": 229.39379048071706,
  "total_reward_mean": 82.2,
  "total_reward_std": 229.39379048071706,
  "late_order_fraction_mean": 0.4686034689083824,
  "n_valid_replications": 10,
  "eval_replications": 10,
  "eval_seeds": [
    312345,
    313345,
    314345,
    315345,
    316345,
    317345,
    318345,
    319345,
    320345,
    321345
  ],
  "best_evaluation": {
    "replication": 0,
    "eval_seed": 312345,
    "total_reward": 528.0
  }
}