{
  "stage": "stage1_bo_trial",
  "trial_index": 38,
  "parameters": {
    "alpha": 0.031057954502868298,
    "gamma": 0.8,
    "target_final_epsilon": 0.05340237340003689,
    "risk_t1": 175.214912,
    "risk_window": 758.004,
    "epsilon_min": 0.05340237340003689,
    "epsilon_decay": 0.9970743878801583
  },
  "training_episodes": 1000,
  "n_training_failures": 0,
  "best_training": {
    "episode": 934,
    "training_seed": 1146345,
    "total_reward": 1142.0
  },
  "last_training": {
    "episode": 999,
    "training_seed": 1211345,
    "total_reward": 625.0,
    "epsilon": 0.053559066453984144,
    "q_table_size": 23
  },
  "final_epsilon": 0.05340237340003896,
  "q_table_size": 23,
  "objective": "minimize -mean(total_reward); late_order_fraction is recorded for later composite objectives",
  "objective_mean": -322.2,
  "objective_std": 238.45651828186854,
  "total_reward_mean": 322.2,
  "total_reward_std": 238.45651828186854,
  "late_order_fraction_mean": 0.4257010560157373,
  "n_valid_replications": 10,
  "eval_replications": 10,
  "eval_seeds": [
    312345,
    313345,
    314345,
    315345,
    316345,
    317345,
    318345,
    319345,
    320345,
    321345
  ],
  "best_evaluation": {
    "replication": 0,
    "eval_seed": 312345,
    "total_reward": 768.0
  }
}