{
  "stage": "stage1_bo_trial",
  "trial_index": 50,
  "parameters": {
    "alpha": 0.004680440552712647,
    "gamma": 0.4020830243676626,
    "target_final_epsilon": 0.03880713707209397,
    "risk_t1": 175.214912,
    "risk_window": 120.0,
    "epsilon_min": 0.03880713707209397,
    "epsilon_decay": 0.9967561216751056
  },
  "training_episodes": 1000,
  "n_training_failures": 0,
  "best_training": {
    "episode": 934,
    "training_seed": 1146345,
    "total_reward": 1162.0
  },
  "last_training": {
    "episode": 999,
    "training_seed": 1211345,
    "total_reward": 485.0,
    "epsilon": 0.03893343238953683,
    "q_table_size": 23
  },
  "final_epsilon": 0.03880713707209467,
  "q_table_size": 23,
  "objective": "minimize -mean(total_reward); late_order_fraction is recorded for later composite objectives",
  "objective_mean": -88.2,
  "objective_std": 288.9924258907527,
  "total_reward_mean": 88.2,
  "total_reward_std": 288.9924258907527,
  "late_order_fraction_mean": 0.46750777936489263,
  "n_valid_replications": 10,
  "eval_replications": 10,
  "eval_seeds": [
    312345,
    313345,
    314345,
    315345,
    316345,
    317345,
    318345,
    319345,
    320345,
    321345
  ],
  "best_evaluation": {
    "replication": 0,
    "eval_seed": 312345,
    "total_reward": 628.0
  }
}