{
  "method": "random_search",
  "run_index": 2,
  "best_parameters": {
    "preparation_capacity": 1,
    "sorting_capacity": 4,
    "analysis1_capacity": 5,
    "analysis2_capacity": 2,
    "evaluation_capacity": 1,
    "dispatching_capacity": 1,
    "worker_capacity": 5
  },
  "best_objective": 1.7663205488685445,
  "aggregated_kpis": {
    "n_orders_completed_mean": 708.8666666666667,
    "n_orders_in_date_mean": 591.0333333333333,
    "n_orders_late_mean": 117.83333333333333,
    "n_orders_created_mean": 1003.8,
    "n_orders_incomplete_mean": 294.93333333333334,
    "late_order_fraction_mean": 0.16614816948336386,
    "time_in_system_mean_mean": 217.75113130709286,
    "time_in_system_std_mean": 115.16652694515435,
    "wip_time_in_system_mean_mean": 208.37214636006598,
    "wip_time_in_system_std_mean": 121.15958511222581,
    "wip_time_in_system_min_mean": 1.3982550471223096,
    "wip_time_in_system_max_mean": 419.3911354697213,
    "wip_mean_mean": 150.31846689634327,
    "work_in_progress_mean_mean": 150.31846689634327,
    "completed_norm_mean": 0.7070653977246437,
    "late_total_norm_mean": 0.4092541152192494,
    "on_time_loss_norm_mean": 0.4092541152192494,
    "station_capacity_norm_mean": 0.3333333333333334,
    "worker_capacity_norm_mean": 0.4444444444444445,
    "time_in_system_mean_norm_mean": 0.6048642536308135,
    "time_in_system_std_norm_mean": 0.31990701929209536,
    "objective_completed_contribution_mean": -0.24747288920362526,
    "objective_late_contribution_mean": 0.32740329217539965,
    "objective_station_capacity_contribution_mean": 1.0,
    "objective_worker_capacity_contribution_mean": 0.4444444444444445,
    "objective_time_mean_contribution_mean": 0.2419457014523254,
    "objective_time_std_contribution_mean": 0.0
  }
}