{
  "stage": "stage1_bo_trial",
  "trial_index": 65,
  "parameters": {
    "alpha": 0.024740837265062342,
    "gamma": 0.8,
    "target_final_epsilon": 0.01781885617433126,
    "risk_t1": 175.214912,
    "risk_window": 758.004,
    "epsilon_min": 0.01781885617433126,
    "epsilon_decay": 0.9959806014462981
  },
  "training_episodes": 1000,
  "n_training_failures": 0,
  "best_training": {
    "episode": 718,
    "training_seed": 930345,
    "total_reward": 1177.0
  },
  "last_training": {
    "episode": 999,
    "training_seed": 1211345,
    "total_reward": 605.0,
    "epsilon": 0.01789076629449924,
    "q_table_size": 24
  },
  "final_epsilon": 0.01781885617433126,
  "q_table_size": 24,
  "objective": "minimize -mean(total_reward); late_order_fraction is recorded for later composite objectives",
  "objective_mean": -296.2,
  "objective_std": 230.23118815660055,
  "total_reward_mean": 296.2,
  "total_reward_std": 230.23118815660055,
  "late_order_fraction_mean": 0.43031507739760927,
  "n_valid_replications": 10,
  "eval_replications": 10,
  "eval_seeds": [
    312345,
    313345,
    314345,
    315345,
    316345,
    317345,
    318345,
    319345,
    320345,
    321345
  ],
  "best_evaluation": {
    "replication": 0,
    "eval_seed": 312345,
    "total_reward": 768.0
  }
}