{
  "stage": "stage1_bo_trial",
  "trial_index": 8,
  "parameters": {
    "alpha": 0.1657829116284847,
    "gamma": 0.822572746546939,
    "epsilon_decay": 0.9990149480512831,
    "epsilon_min": 0.041197737893089656,
    "risk_t1": 35.38957329466939,
    "risk_window": 157.37610111013055
  },
  "training_episodes": 1000,
  "n_training_failures": 0,
  "best_training": {
    "episode": 598,
    "training_seed": 810345,
    "total_reward": 995.0
  },
  "last_training": {
    "episode": 999,
    "training_seed": 1211345,
    "total_reward": 305.0,
    "epsilon": 0.37360660486843644,
    "q_table_size": 23
  },
  "final_epsilon": 0.37323858295425727,
  "q_table_size": 23,
  "objective": "minimize -mean(total_reward); late_order_fraction is recorded for later composite objectives",
  "objective_mean": -50.2,
  "objective_std": 155.3496414901274,
  "total_reward_mean": 50.2,
  "total_reward_std": 155.3496414901274,
  "late_order_fraction_mean": 0.474489998334204,
  "n_valid_replications": 10,
  "eval_replications": 10,
  "eval_seeds": [
    312345,
    313345,
    314345,
    315345,
    316345,
    317345,
    318345,
    319345,
    320345,
    321345
  ],
  "best_evaluation": {
    "replication": 1,
    "eval_seed": 313345,
    "total_reward": 287.0
  }
}