{
  "stage": "stage1_bo_trial",
  "trial_index": 8,
  "parameters": {
    "alpha": 0.16713338933885097,
    "gamma": 0.6997072892356664,
    "target_final_epsilon": 0.09023528982885182,
    "risk_t1": 100.64860548824072,
    "risk_window": 942.4646226782352,
    "epsilon_min": 0.09023528982885182,
    "epsilon_decay": 0.997597555810838
  },
  "training_episodes": 1000,
  "n_training_failures": 0,
  "best_training": {
    "episode": 718,
    "training_seed": 930345,
    "total_reward": 1117.0
  },
  "last_training": {
    "episode": 999,
    "training_seed": 1211345,
    "total_reward": 5.0,
    "epsilon": 0.09045259714525633,
    "q_table_size": 24
  },
  "final_epsilon": 0.09023528982885182,
  "q_table_size": 24,
  "objective": "minimize -mean(total_reward); late_order_fraction is recorded for later composite objectives",
  "objective_mean": -130.2,
  "objective_std": 226.10754569943532,
  "total_reward_mean": 130.2,
  "total_reward_std": 226.10754569943532,
  "late_order_fraction_mean": 0.46004540850863773,
  "n_valid_replications": 10,
  "eval_replications": 10,
  "eval_seeds": [
    312345,
    313345,
    314345,
    315345,
    316345,
    317345,
    318345,
    319345,
    320345,
    321345
  ],
  "best_evaluation": {
    "replication": 0,
    "eval_seed": 312345,
    "total_reward": 608.0
  }
}