{
  "stage": "stage1_bo_trial",
  "trial_index": 8,
  "parameters": {
    "alpha": 0.23264182947576045,
    "gamma": 0.5056744222994893,
    "target_final_epsilon": 0.07778663717210293,
    "risk_t1": 129.46542710065842,
    "risk_window": 1207.1918908506632,
    "epsilon_min": 0.07778663717210293,
    "epsilon_decay": 0.997449472515119
  },
  "training_episodes": 1000,
  "n_training_failures": 0,
  "best_training": {
    "episode": 718,
    "training_seed": 930345,
    "total_reward": 1177.0
  },
  "last_training": {
    "episode": 999,
    "training_seed": 1211345,
    "total_reward": 405.0,
    "epsilon": 0.07798554143896902,
    "q_table_size": 23
  },
  "final_epsilon": 0.0777866371721056,
  "q_table_size": 23,
  "objective": "minimize -mean(total_reward); late_order_fraction is recorded for later composite objectives",
  "objective_mean": -54.2,
  "objective_std": 219.9256440001686,
  "total_reward_mean": 54.2,
  "total_reward_std": 219.9256440001686,
  "late_order_fraction_mean": 0.47352579894761265,
  "n_valid_replications": 10,
  "eval_replications": 10,
  "eval_seeds": [
    312345,
    313345,
    314345,
    315345,
    316345,
    317345,
    318345,
    319345,
    320345,
    321345
  ],
  "best_evaluation": {
    "replication": 0,
    "eval_seed": 312345,
    "total_reward": 508.0
  }
}