{
  "stage": "stage1_bo_trial",
  "trial_index": 8,
  "parameters": {
    "alpha": 0.0001,
    "gamma": 0.8,
    "target_final_epsilon": 0.04547769823481579,
    "risk_t1": 175.214912,
    "risk_window": 758.004,
    "epsilon_min": 0.04547769823481579,
    "epsilon_decay": 0.9969142375599063
  },
  "training_episodes": 1000,
  "n_training_failures": 0,
  "best_training": {
    "episode": 718,
    "training_seed": 930345,
    "total_reward": 997.0
  },
  "last_training": {
    "episode": 999,
    "training_seed": 1211345,
    "total_reward": 125.0,
    "epsilon": 0.04561846598372078,
    "q_table_size": 24
  },
  "final_epsilon": 0.04547769823481579,
  "q_table_size": 24,
  "objective": "minimize -mean(total_reward); late_order_fraction is recorded for later composite objectives",
  "objective_mean": -50.2,
  "objective_std": 185.96343726657668,
  "total_reward_mean": 50.2,
  "total_reward_std": 185.96343726657668,
  "late_order_fraction_mean": 0.47434207382385046,
  "n_valid_replications": 10,
  "eval_replications": 10,
  "eval_seeds": [
    312345,
    313345,
    314345,
    315345,
    316345,
    317345,
    318345,
    319345,
    320345,
    321345
  ],
  "best_evaluation": {
    "replication": 0,
    "eval_seed": 312345,
    "total_reward": 508.0
  }
}