{
  "stage": "stage1_bo_trial",
  "trial_index": 84,
  "parameters": {
    "alpha": 0.005,
    "gamma": 0.95,
    "target_final_epsilon": 0.11751613209314442,
    "risk_t1": 185.51991290490187,
    "risk_window": 1800.0,
    "epsilon_min": 0.11751613209314442,
    "epsilon_decay": 0.997861111029539
  },
  "training_episodes": 1000,
  "n_training_failures": 0,
  "best_training": {
    "episode": 718,
    "training_seed": 930345,
    "total_reward": 1117.0
  },
  "last_training": {
    "episode": 999,
    "training_seed": 1211345,
    "total_reward": 225.0,
    "epsilon": 0.11776802482251578,
    "q_table_size": 23
  },
  "final_epsilon": 0.11751613209314993,
  "q_table_size": 23,
  "objective": "minimize -mean(total_reward); late_order_fraction is recorded for later composite objectives",
  "objective_mean": -146.2,
  "objective_std": 208.36335783647013,
  "total_reward_mean": 146.2,
  "total_reward_std": 208.36335783647013,
  "late_order_fraction_mean": 0.45718931542970526,
  "n_valid_replications": 10,
  "eval_replications": 10,
  "eval_seeds": [
    312345,
    313345,
    314345,
    315345,
    316345,
    317345,
    318345,
    319345,
    320345,
    321345
  ],
  "best_evaluation": {
    "replication": 0,
    "eval_seed": 312345,
    "total_reward": 548.0
  }
}