{
  "stage": "stage1_bo_trial",
  "trial_index": 89,
  "parameters": {
    "alpha": 0.003366753369681634,
    "gamma": 0.5782826917010059,
    "target_final_epsilon": 0.008784055356382048,
    "risk_t1": 175.214912,
    "risk_window": 120.0,
    "epsilon_min": 0.008784055356382048,
    "epsilon_decay": 0.9952763744838474
  },
  "training_episodes": 1000,
  "n_training_failures": 0,
  "best_training": {
    "episode": 633,
    "training_seed": 845345,
    "total_reward": 1147.0
  },
  "last_training": {
    "episode": 999,
    "training_seed": 1211345,
    "total_reward": 465.0,
    "epsilon": 0.00882574487004946,
    "q_table_size": 25
  },
  "final_epsilon": 0.00878405535638224,
  "q_table_size": 25,
  "objective": "minimize -mean(total_reward); late_order_fraction is recorded for later composite objectives",
  "objective_mean": -98.2,
  "objective_std": 267.54222927314567,
  "total_reward_mean": 98.2,
  "total_reward_std": 267.54222927314567,
  "late_order_fraction_mean": 0.46557164116281385,
  "n_valid_replications": 10,
  "eval_replications": 10,
  "eval_seeds": [
    312345,
    313345,
    314345,
    315345,
    316345,
    317345,
    318345,
    319345,
    320345,
    321345
  ],
  "best_evaluation": {
    "replication": 0,
    "eval_seed": 312345,
    "total_reward": 608.0
  }
}