{
  "method": "bo",
  "run_index": 0,
  "best_parameters": {
    "preparation_capacity": 4,
    "sorting_capacity": 4,
    "analysis1_capacity": 5,
    "analysis2_capacity": 4,
    "evaluation_capacity": 4,
    "dispatching_capacity": 1,
    "worker_capacity": 7
  },
  "best_objective": -0.13071098983192722,
  "aggregated_kpis": {
    "n_orders_completed_mean": 974.8333333333334,
    "n_orders_in_date_mean": 974.8333333333334,
    "n_orders_late_mean": 0.0,
    "n_orders_created_mean": 993.8,
    "n_orders_incomplete_mean": 18.966666666666665,
    "late_order_fraction_mean": 0.0,
    "time_in_system_mean_mean": 23.532591602318554,
    "time_in_system_std_mean": 6.988433787916618,
    "wip_time_in_system_mean_mean": 13.99020101123309,
    "wip_time_in_system_std_mean": 8.601953387138357,
    "wip_time_in_system_min_mean": 1.5289527598761652,
    "wip_time_in_system_max_mean": 31.769453502400452,
    "wip_mean_mean": 16.23744712037075,
    "work_in_progress_mean_mean": 16.23744712037075,
    "completed_norm_mean": 0.9808812451252926,
    "late_total_norm_mean": 0.019118754874707496,
    "on_time_loss_norm_mean": 0.019118754874707485,
    "station_capacity_norm_mean": 0.6666666666666669,
    "worker_capacity_norm_mean": 0.6666666666666669,
    "time_in_system_mean_norm_mean": 0.06536831000644042,
    "time_in_system_std_norm_mean": 0.01941231607754616,
    "objective_completed_contribution_mean": -0.9808812451252926,
    "objective_late_contribution_mean": 0.0573562646241225,
    "objective_station_capacity_contribution_mean": 0.5333333333333333,
    "objective_worker_capacity_contribution_mean": 0.23333333333333334,
    "objective_time_mean_contribution_mean": 0.026147324002576165,
    "objective_time_std_contribution_mean": 0.0
  }
}