{
  "stage": "stage1_bo_trial",
  "trial_index": 67,
  "parameters": {
    "alpha": 0.07431076308295444,
    "gamma": 0.01,
    "target_final_epsilon": 0.0225568082529757,
    "risk_t1": 175.214912,
    "risk_window": 758.004,
    "epsilon_min": 0.0225568082529757,
    "epsilon_decay": 0.9962154611464135
  },
  "training_episodes": 1000,
  "n_training_failures": 0,
  "best_training": {
    "episode": 668,
    "training_seed": 880345,
    "total_reward": 1149.0
  },
  "last_training": {
    "episode": 999,
    "training_seed": 1211345,
    "total_reward": 505.0,
    "epsilon": 0.02264249967272952,
    "q_table_size": 23
  },
  "final_epsilon": 0.022556808252975756,
  "q_table_size": 23,
  "objective": "minimize -mean(total_reward); late_order_fraction is recorded for later composite objectives",
  "objective_mean": -108.2,
  "objective_std": 254.59545252114077,
  "total_reward_mean": 108.2,
  "total_reward_std": 254.59545252114077,
  "late_order_fraction_mean": 0.463962141820143,
  "n_valid_replications": 10,
  "eval_replications": 10,
  "eval_seeds": [
    312345,
    313345,
    314345,
    315345,
    316345,
    317345,
    318345,
    319345,
    320345,
    321345
  ],
  "best_evaluation": {
    "replication": 0,
    "eval_seed": 312345,
    "total_reward": 528.0
  }
}