{
  "stage": "stage1_bo_trial",
  "trial_index": 12,
  "parameters": {
    "alpha": 0.017145601230839726,
    "gamma": 0.95,
    "target_final_epsilon": 0.028403246254389527,
    "risk_t1": 175.214912,
    "risk_window": 120.0,
    "epsilon_min": 0.028403246254389527,
    "epsilon_decay": 0.9964450819007955
  },
  "training_episodes": 1000,
  "n_training_failures": 0,
  "best_training": {
    "episode": 934,
    "training_seed": 1146345,
    "total_reward": 1122.0
  },
  "last_training": {
    "episode": 999,
    "training_seed": 1211345,
    "total_reward": 645.0,
    "epsilon": 0.02850457769354272,
    "q_table_size": 23
  },
  "final_epsilon": 0.028403246254389763,
  "q_table_size": 23,
  "objective": "minimize -mean(total_reward); late_order_fraction is recorded for later composite objectives",
  "objective_mean": -270.2,
  "objective_std": 254.70715210479136,
  "total_reward_mean": 270.2,
  "total_reward_std": 254.70715210479136,
  "late_order_fraction_mean": 0.43497898669298396,
  "n_valid_replications": 10,
  "eval_replications": 10,
  "eval_seeds": [
    312345,
    313345,
    314345,
    315345,
    316345,
    317345,
    318345,
    319345,
    320345,
    321345
  ],
  "best_evaluation": {
    "replication": 0,
    "eval_seed": 312345,
    "total_reward": 768.0
  }
}