{
  "method": "bo",
  "run_index": 13,
  "best_parameters": {
    "preparation_capacity": 3,
    "sorting_capacity": 4,
    "analysis1_capacity": 4,
    "analysis2_capacity": 3,
    "evaluation_capacity": 5,
    "dispatching_capacity": 1,
    "worker_capacity": 7
  },
  "best_objective": -0.215156293862946,
  "aggregated_kpis": {
    "n_orders_completed_mean": 978.8333333333334,
    "n_orders_in_date_mean": 978.8333333333334,
    "n_orders_late_mean": 0.0,
    "n_orders_created_mean": 993.3666666666667,
    "n_orders_incomplete_mean": 14.533333333333333,
    "late_order_fraction_mean": 0.0,
    "time_in_system_mean_mean": 23.83479918045213,
    "time_in_system_std_mean": 7.150767178322425,
    "wip_time_in_system_mean_mean": 12.491774995272793,
    "wip_time_in_system_std_mean": 7.188322425558824,
    "wip_time_in_system_min_mean": 2.5064531241892536,
    "wip_time_in_system_max_mean": 27.19813758276285,
    "wip_mean_mean": 16.339756192246526,
    "work_in_progress_mean_mean": 16.339756192246526,
    "completed_norm_mean": 0.9854098510158622,
    "late_total_norm_mean": 0.0145901489841379,
    "on_time_loss_norm_mean": 0.0145901489841379,
    "station_capacity_norm_mean": 0.5833333333333334,
    "worker_capacity_norm_mean": 0.6666666666666669,
    "time_in_system_mean_norm_mean": 0.06620777550125591,
    "time_in_system_std_norm_mean": 0.01986324216200674,
    "objective_completed_contribution_mean": -0.9854098510158622,
    "objective_late_contribution_mean": 0.0437704469524137,
    "objective_station_capacity_contribution_mean": 0.46666666666666673,
    "objective_worker_capacity_contribution_mean": 0.23333333333333334,
    "objective_time_mean_contribution_mean": 0.026483110200502362,
    "objective_time_std_contribution_mean": 0.0
  }
}