{
  "stage": "stage1_bo_trial",
  "trial_index": 81,
  "parameters": {
    "alpha": 0.020845635647943384,
    "gamma": 0.7679645770307726,
    "target_final_epsilon": 0.005192856444498368,
    "risk_t1": 175.214912,
    "risk_window": 758.004,
    "epsilon_min": 0.005192856444498368,
    "epsilon_decay": 0.9947533406910042
  },
  "training_episodes": 1000,
  "n_training_failures": 0,
  "best_training": {
    "episode": 518,
    "training_seed": 730345,
    "total_reward": 1129.0
  },
  "last_training": {
    "episode": 999,
    "training_seed": 1211345,
    "total_reward": 505.0,
    "epsilon": 0.0052202452930602,
    "q_table_size": 25
  },
  "final_epsilon": 0.005192856444498368,
  "q_table_size": 25,
  "objective": "minimize -mean(total_reward); late_order_fraction is recorded for later composite objectives",
  "objective_mean": -146.2,
  "objective_std": 259.6359844945312,
  "total_reward_mean": 146.2,
  "total_reward_std": 259.6359844945312,
  "late_order_fraction_mean": 0.45710607445308493,
  "n_valid_replications": 10,
  "eval_replications": 10,
  "eval_seeds": [
    312345,
    313345,
    314345,
    315345,
    316345,
    317345,
    318345,
    319345,
    320345,
    321345
  ],
  "best_evaluation": {
    "replication": 0,
    "eval_seed": 312345,
    "total_reward": 628.0
  }
}