{
  "stage": "stage1_bo_trial",
  "trial_index": 55,
  "parameters": {
    "alpha": 0.0038847864750823917,
    "gamma": 0.2,
    "target_final_epsilon": 0.04424487139163927,
    "risk_t1": 175.214912,
    "risk_window": 758.004,
    "epsilon_min": 0.04424487139163927,
    "epsilon_decay": 0.9968868401480112
  },
  "training_episodes": 1000,
  "n_training_failures": 0,
  "best_training": {
    "episode": 934,
    "training_seed": 1146345,
    "total_reward": 1142.0
  },
  "last_training": {
    "episode": 999,
    "training_seed": 1211345,
    "total_reward": 585.0,
    "epsilon": 0.04438304289890007,
    "q_table_size": 24
  },
  "final_epsilon": 0.04424487139163927,
  "q_table_size": 24,
  "objective": "minimize -mean(total_reward); late_order_fraction is recorded for later composite objectives",
  "objective_mean": -332.2,
  "objective_std": 242.83364218694612,
  "total_reward_mean": 332.2,
  "total_reward_std": 242.83364218694612,
  "late_order_fraction_mean": 0.4238348132115285,
  "n_valid_replications": 10,
  "eval_replications": 10,
  "eval_seeds": [
    312345,
    313345,
    314345,
    315345,
    316345,
    317345,
    318345,
    319345,
    320345,
    321345
  ],
  "best_evaluation": {
    "replication": 0,
    "eval_seed": 312345,
    "total_reward": 848.0
  }
}