{
  "stage": "stage1_bo_trial",
  "trial_index": 82,
  "parameters": {
    "alpha": 0.02532042356732547,
    "gamma": 0.45005395691990063,
    "target_final_epsilon": 0.0005,
    "risk_t1": 175.214912,
    "risk_window": 758.004,
    "epsilon_min": 0.0005,
    "epsilon_decay": 0.9924279113496888
  },
  "training_episodes": 1000,
  "n_training_failures": 0,
  "best_training": {
    "episode": 385,
    "training_seed": 597345,
    "total_reward": 1229.0
  },
  "last_training": {
    "episode": 999,
    "training_seed": 1211345,
    "total_reward": 485.0,
    "epsilon": 0.0005038149313233107,
    "q_table_size": 23
  },
  "final_epsilon": 0.0005,
  "q_table_size": 23,
  "objective": "minimize -mean(total_reward); late_order_fraction is recorded for later composite objectives",
  "objective_mean": -116.2,
  "objective_std": 269.58766869260006,
  "total_reward_mean": 116.2,
  "total_reward_std": 269.58766869260006,
  "late_order_fraction_mean": 0.4624417684516198,
  "n_valid_replications": 10,
  "eval_replications": 10,
  "eval_seeds": [
    312345,
    313345,
    314345,
    315345,
    316345,
    317345,
    318345,
    319345,
    320345,
    321345
  ],
  "best_evaluation": {
    "replication": 0,
    "eval_seed": 312345,
    "total_reward": 608.0
  }
}