{
  "stage": "stage1_bo_trial",
  "trial_index": 69,
  "parameters": {
    "alpha": 0.00351502260351172,
    "gamma": 0.33105854663266043,
    "target_final_epsilon": 0.010795861641990449,
    "risk_t1": 175.214912,
    "risk_window": 120.0,
    "epsilon_min": 0.010795861641990449,
    "epsilon_decay": 0.995481646213646
  },
  "training_episodes": 1000,
  "n_training_failures": 0,
  "best_training": {
    "episode": 633,
    "training_seed": 845345,
    "total_reward": 1147.0
  },
  "last_training": {
    "episode": 999,
    "training_seed": 1211345,
    "total_reward": 565.0,
    "epsilon": 0.010844862567835895,
    "q_table_size": 25
  },
  "final_epsilon": 0.010795861641990449,
  "q_table_size": 25,
  "objective": "minimize -mean(total_reward); late_order_fraction is recorded for later composite objectives",
  "objective_mean": -328.2,
  "objective_std": 241.75506429258334,
  "total_reward_mean": 328.2,
  "total_reward_std": 241.75506429258334,
  "late_order_fraction_mean": 0.42454435427433046,
  "n_valid_replications": 10,
  "eval_replications": 10,
  "eval_seeds": [
    312345,
    313345,
    314345,
    315345,
    316345,
    317345,
    318345,
    319345,
    320345,
    321345
  ],
  "best_evaluation": {
    "replication": 0,
    "eval_seed": 312345,
    "total_reward": 848.0
  }
}