{
  "stage": "stage1_bo_trial",
  "trial_index": 21,
  "parameters": {
    "alpha": 0.005,
    "gamma": 0.2,
    "target_final_epsilon": 0.16028659486170058,
    "risk_t1": 175.214912,
    "risk_window": 758.004,
    "epsilon_min": 0.16028659486170058,
    "epsilon_decay": 0.9818586533807576
  },
  "training_episodes": 100,
  "n_training_failures": 0,
  "best_training": {
    "episode": 91,
    "training_seed": 303345,
    "total_reward": 1001.0
  },
  "last_training": {
    "episode": 99,
    "training_seed": 311345,
    "total_reward": -244.0,
    "epsilon": 0.16324813587963796,
    "q_table_size": 20
  },
  "final_epsilon": 0.16028659486170058,
  "q_table_size": 20,
  "objective": "minimize -mean(total_reward); late_order_fraction is recorded for later composite objectives",
  "objective_mean": -122.2,
  "objective_std": 272.8763659812097,
  "total_reward_mean": 122.2,
  "total_reward_std": 272.8763659812097,
  "late_order_fraction_mean": 0.46141303344202755,
  "n_valid_replications": 10,
  "eval_replications": 10,
  "eval_seeds": [
    312345,
    313345,
    314345,
    315345,
    316345,
    317345,
    318345,
    319345,
    320345,
    321345
  ],
  "best_evaluation": {
    "replication": 0,
    "eval_seed": 312345,
    "total_reward": 628.0
  }
}