{
  "stage": "stage1_bo_trial",
  "trial_index": 17,
  "parameters": {
    "alpha": 0.5520647509508394,
    "gamma": 0.2,
    "target_final_epsilon": 0.02,
    "risk_t1": 236.32193096877157,
    "risk_window": 952.8230724312061,
    "epsilon_min": 0.02,
    "epsilon_decay": 0.9616350847573034
  },
  "training_episodes": 100,
  "n_training_failures": 0,
  "best_training": {
    "episode": 91,
    "training_seed": 303345,
    "total_reward": 741.0
  },
  "last_training": {
    "episode": 99,
    "training_seed": 311345,
    "total_reward": -384.0,
    "epsilon": 0.02079791005654462,
    "q_table_size": 22
  },
  "final_epsilon": 0.02000000000000006,
  "q_table_size": 22,
  "objective": "minimize -mean(total_reward); late_order_fraction is recorded for later composite objectives",
  "objective_mean": -160.2,
  "objective_std": 252.77165804557896,
  "total_reward_mean": 160.2,
  "total_reward_std": 252.77165804557896,
  "late_order_fraction_mean": 0.45458823126653486,
  "n_valid_replications": 10,
  "eval_replications": 10,
  "eval_seeds": [
    312345,
    313345,
    314345,
    315345,
    316345,
    317345,
    318345,
    319345,
    320345,
    321345
  ],
  "best_evaluation": {
    "replication": 0,
    "eval_seed": 312345,
    "total_reward": 728.0
  }
}