{
  "stage": "stage1_bo_trial",
  "trial_index": 23,
  "parameters": {
    "alpha": 0.017938119967114117,
    "gamma": 0.01,
    "target_final_epsilon": 0.030334432645879306,
    "risk_t1": 175.214912,
    "risk_window": 758.004,
    "epsilon_min": 0.030334432645879306,
    "epsilon_decay": 0.9965106302289894
  },
  "training_episodes": 1000,
  "n_training_failures": 0,
  "best_training": {
    "episode": 718,
    "training_seed": 930345,
    "total_reward": 1177.0
  },
  "last_training": {
    "episode": 999,
    "training_seed": 1211345,
    "total_reward": 505.0,
    "epsilon": 0.03044065133445615,
    "q_table_size": 24
  },
  "final_epsilon": 0.030334432645879827,
  "q_table_size": 24,
  "objective": "minimize -mean(total_reward); late_order_fraction is recorded for later composite objectives",
  "objective_mean": -128.2,
  "objective_std": 269.00012391570874,
  "total_reward_mean": 128.2,
  "total_reward_std": 269.00012391570874,
  "late_order_fraction_mean": 0.46028539354340026,
  "n_valid_replications": 10,
  "eval_replications": 10,
  "eval_seeds": [
    312345,
    313345,
    314345,
    315345,
    316345,
    317345,
    318345,
    319345,
    320345,
    321345
  ],
  "best_evaluation": {
    "replication": 0,
    "eval_seed": 312345,
    "total_reward": 628.0
  }
}