{
  "method": "random_search",
  "run_index": 6,
  "best_parameters": {
    "preparation_capacity": 3,
    "sorting_capacity": 5,
    "analysis1_capacity": 5,
    "analysis2_capacity": 2,
    "evaluation_capacity": 4,
    "dispatching_capacity": 5,
    "worker_capacity": 8
  },
  "best_objective": -0.041668350504908,
  "aggregated_kpis": {
    "n_orders_completed_mean": 990.9333333333333,
    "n_orders_in_date_mean": 990.9333333333333,
    "n_orders_late_mean": 0.0,
    "n_orders_created_mean": 1006.2,
    "n_orders_incomplete_mean": 15.266666666666667,
    "late_order_fraction_mean": 0.0,
    "time_in_system_mean_mean": 22.763051764118682,
    "time_in_system_std_mean": 6.58119228977185,
    "wip_time_in_system_mean_mean": 12.24726597506574,
    "wip_time_in_system_std_mean": 8.96870740562383,
    "wip_time_in_system_min_mean": 1.2034747722762404,
    "wip_time_in_system_max_mean": 33.66776451048459,
    "wip_mean_mean": 15.802105229992012,
    "work_in_progress_mean_mean": 15.802105229992012,
    "completed_norm_mean": 0.98479571311626,
    "late_total_norm_mean": 0.015204286883740014,
    "on_time_loss_norm_mean": 0.015204286883740011,
    "station_capacity_norm_mean": 0.75,
    "worker_capacity_norm_mean": 0.777777777777778,
    "time_in_system_mean_norm_mean": 0.06323069934477411,
    "time_in_system_std_norm_mean": 0.018281089693810697,
    "objective_completed_contribution_mean": -0.98479571311626,
    "objective_late_contribution_mean": 0.04561286065122004,
    "objective_station_capacity_contribution_mean": 0.6000000000000002,
    "objective_worker_capacity_contribution_mean": 0.2722222222222222,
    "objective_time_mean_contribution_mean": 0.025292279737909654,
    "objective_time_std_contribution_mean": 0.0
  }
}