{
  "stage": "stage1_bo_trial",
  "trial_index": 2,
  "parameters": {
    "alpha": 0.5766912516672164,
    "gamma": 0.5426170458551496,
    "target_final_epsilon": 0.1672482493147254,
    "risk_t1": 176.2079757452011,
    "risk_window": 1698.2664909213781,
    "epsilon_min": 0.1672482493147254,
    "epsilon_decay": 0.9822761872013857
  },
  "training_episodes": 100,
  "n_training_failures": 0,
  "best_training": {
    "episode": 91,
    "training_seed": 303345,
    "total_reward": 901.0
  },
  "last_training": {
    "episode": 99,
    "training_seed": 311345,
    "total_reward": -264.0,
    "epsilon": 0.17026601224166382,
    "q_table_size": 20
  },
  "final_epsilon": 0.16724824931472598,
  "q_table_size": 20,
  "objective": "minimize -mean(total_reward); late_order_fraction is recorded for later composite objectives",
  "objective_mean": -138.2,
  "objective_std": 220.60764568195123,
  "total_reward_mean": 138.2,
  "total_reward_std": 220.60764568195123,
  "late_order_fraction_mean": 0.45856982093951826,
  "n_valid_replications": 10,
  "eval_replications": 10,
  "eval_seeds": [
    312345,
    313345,
    314345,
    315345,
    316345,
    317345,
    318345,
    319345,
    320345,
    321345
  ],
  "best_evaluation": {
    "replication": 0,
    "eval_seed": 312345,
    "total_reward": 648.0
  }
}