{
  "stage": "stage1_bo_trial",
  "trial_index": 6,
  "parameters": {
    "alpha": 0.0001,
    "gamma": 0.8,
    "target_final_epsilon": 0.008132013837295022,
    "risk_t1": 175.214912,
    "risk_window": 758.004,
    "epsilon_min": 0.008132013837295022,
    "epsilon_decay": 0.995199612186151
  },
  "training_episodes": 1000,
  "n_training_failures": 0,
  "best_training": {
    "episode": 718,
    "training_seed": 930345,
    "total_reward": 1017.0
  },
  "last_training": {
    "episode": 999,
    "training_seed": 1211345,
    "total_reward": 225.0,
    "epsilon": 0.008171238953190272,
    "q_table_size": 23
  },
  "final_epsilon": 0.00813201383729533,
  "q_table_size": 23,
  "objective": "minimize -mean(total_reward); late_order_fraction is recorded for later composite objectives",
  "objective_mean": -24.2,
  "objective_std": 159.215297980788,
  "total_reward_mean": 24.2,
  "total_reward_std": 159.215297980788,
  "late_order_fraction_mean": 0.4789435072292322,
  "n_valid_replications": 10,
  "eval_replications": 10,
  "eval_seeds": [
    312345,
    313345,
    314345,
    315345,
    316345,
    317345,
    318345,
    319345,
    320345,
    321345
  ],
  "best_evaluation": {
    "replication": 0,
    "eval_seed": 312345,
    "total_reward": 408.0
  }
}