{
  "stage": "stage1_bo_trial",
  "trial_index": 64,
  "parameters": {
    "alpha": 0.07361586907051218,
    "gamma": 0.2,
    "target_final_epsilon": 0.039178226715746396,
    "risk_t1": 175.214912,
    "risk_window": 758.004,
    "epsilon_min": 0.039178226715746396,
    "epsilon_decay": 0.9967656078250176
  },
  "training_episodes": 1000,
  "n_training_failures": 0,
  "best_training": {
    "episode": 934,
    "training_seed": 1146345,
    "total_reward": 1162.0
  },
  "last_training": {
    "episode": 999,
    "training_seed": 1211345,
    "total_reward": 265.0,
    "epsilon": 0.039305355650497045,
    "q_table_size": 23
  },
  "final_epsilon": 0.039178226715746396,
  "q_table_size": 23,
  "objective": "minimize -mean(total_reward); late_order_fraction is recorded for later composite objectives",
  "objective_mean": -56.2,
  "objective_std": 155.183618837671,
  "total_reward_mean": 56.2,
  "total_reward_std": 155.183618837671,
  "late_order_fraction_mean": 0.4733745405097138,
  "n_valid_replications": 10,
  "eval_replications": 10,
  "eval_seeds": [
    312345,
    313345,
    314345,
    315345,
    316345,
    317345,
    318345,
    319345,
    320345,
    321345
  ],
  "best_evaluation": {
    "replication": 5,
    "eval_seed": 317345,
    "total_reward": 300.0
  }
}