{
  "stage": "stage1_bo_trial",
  "trial_index": 14,
  "parameters": {
    "alpha": 0.512620722140935,
    "gamma": 0.2,
    "target_final_epsilon": 0.11307864160577052,
    "risk_t1": 217.45845988202208,
    "risk_window": 163.51393752948383,
    "epsilon_min": 0.11307864160577052,
    "epsilon_decay": 0.9784391142982505
  },
  "training_episodes": 100,
  "n_training_failures": 0,
  "best_training": {
    "episode": 91,
    "training_seed": 303345,
    "total_reward": 761.0
  },
  "last_training": {
    "episode": 99,
    "training_seed": 311345,
    "total_reward": -284.0,
    "epsilon": 0.1155704427115753,
    "q_table_size": 20
  },
  "final_epsilon": 0.11307864160577052,
  "q_table_size": 20,
  "objective": "minimize -mean(total_reward); late_order_fraction is recorded for later composite objectives",
  "objective_mean": -86.2,
  "objective_std": 220.5290608211686,
  "total_reward_mean": 86.2,
  "total_reward_std": 220.5290608211686,
  "late_order_fraction_mean": 0.46786219388812367,
  "n_valid_replications": 10,
  "eval_replications": 10,
  "eval_seeds": [
    312345,
    313345,
    314345,
    315345,
    316345,
    317345,
    318345,
    319345,
    320345,
    321345
  ],
  "best_evaluation": {
    "replication": 0,
    "eval_seed": 312345,
    "total_reward": 508.0
  }
}