{
  "stage": "stage1_bo_trial",
  "trial_index": 0,
  "parameters": {
    "alpha": 0.038120511516928676,
    "gamma": 0.20286743044853212,
    "target_final_epsilon": 0.06085394051671028,
    "risk_t1": 175.214912,
    "risk_window": 758.004,
    "epsilon_min": 0.06085394051671028,
    "epsilon_decay": 0.9723953806271725
  },
  "training_episodes": 100,
  "n_training_failures": 0,
  "best_training": {
    "episode": 91,
    "training_seed": 303345,
    "total_reward": 981.0
  },
  "last_training": {
    "episode": 99,
    "training_seed": 311345,
    "total_reward": -164.0,
    "epsilon": 0.06258147840795034,
    "q_table_size": 20
  },
  "final_epsilon": 0.06085394051671028,
  "q_table_size": 20,
  "objective": "minimize -mean(total_reward); late_order_fraction is recorded for later composite objectives",
  "objective_mean": -106.2,
  "objective_std": 195.15737239469075,
  "total_reward_mean": 106.2,
  "total_reward_std": 195.15737239469075,
  "late_order_fraction_mean": 0.46439639902132673,
  "n_valid_replications": 10,
  "eval_replications": 10,
  "eval_seeds": [
    312345,
    313345,
    314345,
    315345,
    316345,
    317345,
    318345,
    319345,
    320345,
    321345
  ],
  "best_evaluation": {
    "replication": 0,
    "eval_seed": 312345,
    "total_reward": 468.0
  }
}