{
  "stage": "stage1_bo_trial",
  "trial_index": 38,
  "parameters": {
    "alpha": 0.005,
    "gamma": 0.7780194452232506,
    "target_final_epsilon": 0.032920120713206845,
    "risk_t1": 175.214912,
    "risk_window": 758.004,
    "epsilon_min": 0.032920120713206845,
    "epsilon_decay": 0.9664393713952872
  },
  "training_episodes": 100,
  "n_training_failures": 0,
  "best_training": {
    "episode": 91,
    "training_seed": 303345,
    "total_reward": 1221.0
  },
  "last_training": {
    "episode": 99,
    "training_seed": 311345,
    "total_reward": -184.0,
    "epsilon": 0.03406330669835889,
    "q_table_size": 20
  },
  "final_epsilon": 0.032920120713206845,
  "q_table_size": 20,
  "objective": "minimize -mean(total_reward); late_order_fraction is recorded for later composite objectives",
  "objective_mean": -322.2,
  "objective_std": 243.28163834444135,
  "total_reward_mean": 322.2,
  "total_reward_std": 243.28163834444135,
  "late_order_fraction_mean": 0.42558877912409293,
  "n_valid_replications": 10,
  "eval_replications": 10,
  "eval_seeds": [
    312345,
    313345,
    314345,
    315345,
    316345,
    317345,
    318345,
    319345,
    320345,
    321345
  ],
  "best_evaluation": {
    "replication": 0,
    "eval_seed": 312345,
    "total_reward": 848.0
  }
}